#
# There is insufficient memory for the Java Runtime Environment to continue.
# Native memory allocation (mmap) failed to map 297795584 bytes for G1 virtual space
# Possible reasons:
#   The system is out of physical RAM or swap space
#   The process is running with CompressedOops enabled, and the Java Heap may be blocking the growth of the native heap
# Possible solutions:
#   Reduce memory load on the system
#   Increase physical memory or swap space
#   Check if swap backing store is full
#   Decrease Java heap size (-Xmx/-Xms)
#   Decrease number of Java threads
#   Decrease Java thread stack sizes (-Xss)
#   Set larger code cache with -XX:ReservedCodeCacheSize=
#   JVM is running with Zero Based Compressed Oops mode in which the Java heap is
#     placed in the first 32GB address space. The Java Heap base address is the
#     maximum limit for the native heap growth. Please use -XX:HeapBaseMinAddress
#     to set the Java Heap base and to place the Java Heap above 32GB virtual address.
# This output file may be truncated or incomplete.
#
#  Out of Memory Error (os_windows.cpp:3548), pid=1636, tid=11928
#
# JRE version: Java(TM) SE Runtime Environment (17.0.12+8) (build 17.0.12+8-LTS-286)
# Java VM: Java HotSpot(TM) 64-Bit Server VM (17.0.12+8-LTS-286, mixed mode, sharing, tiered, compressed oops, compressed class ptrs, g1 gc, windows-amd64)
# No core dump will be written. Minidumps are not enabled by default on client versions of Windows
#

---------------  S U M M A R Y ------------

Command Line: --add-opens=java.base/java.lang=ALL-UNNAMED --add-opens=java.base/java.lang.invoke=ALL-UNNAMED --add-opens=java.base/java.util=ALL-UNNAMED --add-opens=java.prefs/java.util.prefs=ALL-UNNAMED --add-exports=jdk.compiler/com.sun.tools.javac.api=ALL-UNNAMED --add-exports=jdk.compiler/com.sun.tools.javac.util=ALL-UNNAMED --add-opens=java.base/java.util=ALL-UNNAMED --add-opens=java.prefs/java.util.prefs=ALL-UNNAMED --add-opens=java.base/java.nio.charset=ALL-UNNAMED --add-opens=java.base/java.net=ALL-UNNAMED --add-opens=java.base/java.util.concurrent.atomic=ALL-UNNAMED --add-opens=java.xml/javax.xml.namespace=ALL-UNNAMED -XX:MaxMetaspaceSize=4G -XX:ReservedCodeCacheSize=512m -XX:+HeapDumpOnOutOfMemoryError -Xmx8G -Dfile.encoding=windows-1252 -Duser.country=US -Duser.language=en -Duser.variant -javaagent:C:\Users\vinay\.gradle\wrapper\dists\gradle-8.14-all\c2qonpi39x1mddn7hk5gh9iqj\gradle-8.14\lib\agents\gradle-instrumentation-agent-8.14.jar org.gradle.launcher.daemon.bootstrap.GradleDaemon 8.14

Host: AMD A6-9220 RADEON R4, 5 COMPUTE CORES 2C+3G   , 2 cores, 3G,  Windows 10 , 64 bit Build 19041 (10.0.19041.5915)
Time: Mon May  4 09:48:12 2026 India Standard Time elapsed time: 623.952979 seconds (0d 0h 10m 23s)

---------------  T H R E A D  ---------------

Current thread (0x00000219f527d490):  VMThread "VM Thread" [stack: 0x000000a82a300000,0x000000a82a400000] [id=11928]

Stack: [0x000000a82a300000,0x000000a82a400000]
Native frames: (J=compiled Java code, j=interpreted, Vv=VM code, C=native code)
V  [jvm.dll+0x67a04a]
V  [jvm.dll+0x7da4ed]
V  [jvm.dll+0x7dbe33]
V  [jvm.dll+0x7dc4a3]
V  [jvm.dll+0x24508f]
V  [jvm.dll+0x677089]
V  [jvm.dll+0x66bd32]
V  [jvm.dll+0x301fa6]
V  [jvm.dll+0x309546]
V  [jvm.dll+0x359d2e]
V  [jvm.dll+0x359f5f]
V  [jvm.dll+0x2d9078]
V  [jvm.dll+0x2d74ad]
V  [jvm.dll+0x2d6afc]
V  [jvm.dll+0x31a65b]
V  [jvm.dll+0x7e0d9b]
V  [jvm.dll+0x7e1ad4]
V  [jvm.dll+0x7e1fed]
V  [jvm.dll+0x7e23c4]
V  [jvm.dll+0x7e2490]
V  [jvm.dll+0x78abea]
V  [jvm.dll+0x678f35]
C  [ucrtbase.dll+0x21bb2]
C  [KERNEL32.DLL+0x17374]
C  [ntdll.dll+0x4cc91]

VM_Operation (0x000000a82bdfecf0): G1CollectForAllocation, mode: safepoint, requested by thread 0x0000021a3babc600


---------------  P R O C E S S  ---------------

Threads class SMR info:
_java_thread_list=0x0000021a4ebf33e0, length=63, elements={
0x00000219d874c8c0, 0x00000219f5285720, 0x00000219f52861f0, 0x00000219f5295ea0,
0x00000219f5296970, 0x00000219f5299350, 0x00000219f529ac30, 0x00000219f529d8f0,
0x00000219f5310f00, 0x00000219f5313430, 0x00000219f531ead0, 0x00000219f557e920,
0x0000021a3b526550, 0x00000219f5769f40, 0x00000219f549dd00, 0x0000021a3b33f030,
0x0000021a3bcaece0, 0x0000021a3babb1c0, 0x0000021a3bab9360, 0x0000021a3bab9870,
0x0000021a3bab9d80, 0x0000021a3babbbe0, 0x0000021a3babc0f0, 0x0000021a3babb6d0,
0x0000021a3babc600, 0x0000021a3babcb10, 0x0000021a3baba7a0, 0x0000021a3babacb0,
0x0000021a3ccf42c0, 0x0000021a3ccf1f50, 0x0000021a3ccf1530, 0x0000021a3ccf6630,
0x0000021a3ccf7050, 0x0000021a3ccf6b40, 0x0000021a3ccf2970, 0x0000021a3ccf51f0,
0x0000021a3ccf2e80, 0x0000021a3ccf7a70, 0x0000021a3ccf7f80, 0x0000021a3ccf2460,
0x0000021a3ccf3390, 0x0000021a3ccf89a0, 0x0000021a3ccf8eb0, 0x0000021a3ccf3db0,
0x0000021a3d92ced0, 0x0000021a3d92f240, 0x0000021a3d9310a0, 0x0000021a3d930680,
0x0000021a3d92e310, 0x0000021a3f9c2fb0, 0x0000021a3f9c43f0, 0x0000021a3f9c5830,
0x0000021a3f9c34c0, 0x0000021a3f9c2080, 0x0000021a3f9c39d0, 0x0000021a401679b0,
0x0000021a4016ac50, 0x0000021a4016cab0, 0x0000021a4016d4d0, 0x0000021a40169300,
0x0000021a4016bb80, 0x0000021a40168df0, 0x0000021a46ea46a0
}

Java Threads: ( => current thread )
  0x00000219d874c8c0 JavaThread "main" [_thread_blocked, id=12076, stack(0x000000a829d00000,0x000000a829e00000)]
  0x00000219f5285720 JavaThread "Reference Handler" daemon [_thread_blocked, id=5292, stack(0x000000a82a400000,0x000000a82a500000)]
  0x00000219f52861f0 JavaThread "Finalizer" daemon [_thread_blocked, id=8916, stack(0x000000a82a500000,0x000000a82a600000)]
  0x00000219f5295ea0 JavaThread "Signal Dispatcher" daemon [_thread_blocked, id=10920, stack(0x000000a82a600000,0x000000a82a700000)]
  0x00000219f5296970 JavaThread "Attach Listener" daemon [_thread_blocked, id=12212, stack(0x000000a82a700000,0x000000a82a800000)]
  0x00000219f5299350 JavaThread "Service Thread" daemon [_thread_blocked, id=9944, stack(0x000000a82a800000,0x000000a82a900000)]
  0x00000219f529ac30 JavaThread "Monitor Deflation Thread" daemon [_thread_blocked, id=11552, stack(0x000000a82a900000,0x000000a82aa00000)]
  0x00000219f529d8f0 JavaThread "C2 CompilerThread0" daemon [_thread_blocked, id=4792, stack(0x000000a82aa00000,0x000000a82ab00000)]
  0x00000219f5310f00 JavaThread "C1 CompilerThread0" daemon [_thread_blocked, id=9976, stack(0x000000a82ab00000,0x000000a82ac00000)]
  0x00000219f5313430 JavaThread "Sweeper thread" daemon [_thread_blocked, id=9368, stack(0x000000a82ac00000,0x000000a82ad00000)]
  0x00000219f531ead0 JavaThread "Common-Cleaner" daemon [_thread_blocked, id=11280, stack(0x000000a82ad00000,0x000000a82ae00000)]
  0x00000219f557e920 JavaThread "Notification Thread" daemon [_thread_blocked, id=1728, stack(0x000000a82ae00000,0x000000a82af00000)]
  0x0000021a3b526550 JavaThread "Daemon health stats" [_thread_blocked, id=10848, stack(0x000000a82b100000,0x000000a82b200000)]
  0x00000219f5769f40 JavaThread "Incoming local TCP Connector on port 62869" [_thread_in_native, id=10532, stack(0x000000a82b200000,0x000000a82b300000)]
  0x00000219f549dd00 JavaThread "Daemon periodic checks" [_thread_blocked, id=10860, stack(0x000000a82b300000,0x000000a82b400000)]
  0x0000021a3b33f030 JavaThread "Daemon" [_thread_blocked, id=10728, stack(0x000000a82b400000,0x000000a82b500000)]
  0x0000021a3bcaece0 JavaThread "Handler for socket connection from /127.0.0.1:62869 to /127.0.0.1:62870" [_thread_in_native, id=4156, stack(0x000000a82b500000,0x000000a82b600000)]
  0x0000021a3babb1c0 JavaThread "Cancel handler" [_thread_blocked, id=3700, stack(0x000000a82b600000,0x000000a82b700000)]
  0x0000021a3bab9360 JavaThread "Daemon worker" [_thread_blocked, id=11464, stack(0x000000a82b700000,0x000000a82b800000)]
  0x0000021a3bab9870 JavaThread "Asynchronous log dispatcher for DefaultDaemonConnection: socket connection from /127.0.0.1:62869 to /127.0.0.1:62870" [_thread_blocked, id=8480, stack(0x000000a82b800000,0x000000a82b900000)]
  0x0000021a3bab9d80 JavaThread "Stdin handler" [_thread_blocked, id=11500, stack(0x000000a82b900000,0x000000a82ba00000)]
  0x0000021a3babbbe0 JavaThread "Daemon client event forwarder" [_thread_blocked, id=7052, stack(0x000000a82ba00000,0x000000a82bb00000)]
  0x0000021a3babc0f0 JavaThread "Cache worker for journal cache (C:\Users\vinay\.gradle\caches\journal-1)" [_thread_blocked, id=7976, stack(0x000000a82bb00000,0x000000a82bc00000)]
  0x0000021a3babb6d0 JavaThread "File lock request listener" [_thread_in_native, id=7144, stack(0x000000a82bc00000,0x000000a82bd00000)]
  0x0000021a3babc600 JavaThread "Cache worker for file hash cache (C:\Users\vinay\.gradle\caches\8.14\fileHashes)" [_thread_blocked, id=1312, stack(0x000000a82bd00000,0x000000a82be00000)]
  0x0000021a3babcb10 JavaThread "Cache worker for file hash cache (E:\pdf_reader_flutter\android\.gradle\8.14\fileHashes)" [_thread_blocked, id=4976, stack(0x000000a82be00000,0x000000a82bf00000)]
  0x0000021a3baba7a0 JavaThread "Cache worker for Build Output Cleanup Cache (E:\pdf_reader_flutter\android\.gradle\buildOutputCleanup)" [_thread_blocked, id=12204, stack(0x000000a82bf00000,0x000000a82c000000)]
  0x0000021a3babacb0 JavaThread "File watcher server" daemon [_thread_in_native, id=1376, stack(0x000000a82c100000,0x000000a82c200000)]
  0x0000021a3ccf42c0 JavaThread "File watcher consumer" daemon [_thread_blocked, id=10904, stack(0x000000a82c200000,0x000000a82c300000)]
  0x0000021a3ccf1f50 JavaThread "Cache worker for checksums cache (E:\pdf_reader_flutter\android\.gradle\8.14\checksums)" [_thread_blocked, id=4720, stack(0x000000a82c500000,0x000000a82c600000)]
  0x0000021a3ccf1530 JavaThread "Cache worker for file content cache (C:\Users\vinay\.gradle\caches\8.14\fileContent)" [_thread_blocked, id=7300, stack(0x000000a82c600000,0x000000a82c700000)]
  0x0000021a3ccf6630 JavaThread "Cache worker for cache directory md-supplier (C:\Users\vinay\.gradle\caches\8.14\md-supplier)" [_thread_blocked, id=1244, stack(0x000000a82c800000,0x000000a82c900000)]
  0x0000021a3ccf7050 JavaThread "Cache worker for cache directory md-rule (C:\Users\vinay\.gradle\caches\8.14\md-rule)" [_thread_blocked, id=11724, stack(0x000000a82c900000,0x000000a82ca00000)]
  0x0000021a3ccf6b40 JavaThread "Cache worker for Build Output Cleanup Cache (E:\flutter sdk\flutter\packages\flutter_tools\gradle\.gradle\buildOutputCleanup)" [_thread_blocked, id=3172, stack(0x000000a829a00000,0x000000a829b00000)]
  0x0000021a3ccf2970 JavaThread "Unconstrained build operations" [_thread_blocked, id=8244, stack(0x000000a829b00000,0x000000a829c00000)]
  0x0000021a3ccf51f0 JavaThread "Unconstrained build operations Thread 2" [_thread_blocked, id=4804, stack(0x000000a829c00000,0x000000a829d00000)]
  0x0000021a3ccf2e80 JavaThread "Unconstrained build operations Thread 3" [_thread_blocked, id=12264, stack(0x000000a82ca00000,0x000000a82cb00000)]
  0x0000021a3ccf7a70 JavaThread "Memory manager" [_thread_blocked, id=6836, stack(0x000000a82cb00000,0x000000a82cc00000)]
  0x0000021a3ccf7f80 JavaThread "build event listener" [_thread_blocked, id=10552, stack(0x000000a82cc00000,0x000000a82cd00000)]
  0x0000021a3ccf2460 JavaThread "Execution worker" [_thread_blocked, id=5724, stack(0x000000a82ce00000,0x000000a82cf00000)]
  0x0000021a3ccf3390 JavaThread "Cache worker for execution history cache (E:\flutter sdk\flutter\packages\flutter_tools\gradle\.gradle\8.14\executionHistory)" [_thread_blocked, id=6524, stack(0x000000a82cf00000,0x000000a82d000000)]
  0x0000021a3ccf89a0 JavaThread "Unconstrained build operations Thread 4" [_thread_blocked, id=11176, stack(0x000000a82d000000,0x000000a82d100000)]
  0x0000021a3ccf8eb0 JavaThread "Unconstrained build operations Thread 5" [_thread_blocked, id=11164, stack(0x000000a82d100000,0x000000a82d200000)]
  0x0000021a3ccf3db0 JavaThread "Unconstrained build operations Thread 6" [_thread_blocked, id=1256, stack(0x000000a82d200000,0x000000a82d300000)]
  0x0000021a3d92ced0 JavaThread "Unconstrained build operations Thread 7" [_thread_blocked, id=10428, stack(0x000000a82d300000,0x000000a82d400000)]
  0x0000021a3d92f240 JavaThread "Unconstrained build operations Thread 8" [_thread_blocked, id=1028, stack(0x000000a82d400000,0x000000a82d500000)]
  0x0000021a3d9310a0 JavaThread "Unconstrained build operations Thread 9" [_thread_blocked, id=1756, stack(0x000000a82d500000,0x000000a82d600000)]
  0x0000021a3d930680 JavaThread "Unconstrained build operations Thread 10" [_thread_blocked, id=6080, stack(0x000000a82d600000,0x000000a82d700000)]
  0x0000021a3d92e310 JavaThread "build event listener" [_thread_blocked, id=8760, stack(0x000000a82c300000,0x000000a82c400000)]
  0x0000021a3f9c2fb0 JavaThread "jar transforms" [_thread_blocked, id=10256, stack(0x000000a82cd00000,0x000000a82ce00000)]
  0x0000021a3f9c43f0 JavaThread "Unconstrained build operations Thread 11" [_thread_blocked, id=9152, stack(0x000000a82d800000,0x000000a82d900000)]
  0x0000021a3f9c5830 JavaThread "Unconstrained build operations Thread 12" [_thread_blocked, id=11608, stack(0x000000a82d900000,0x000000a82da00000)]
  0x0000021a3f9c34c0 JavaThread "Unconstrained build operations Thread 13" [_thread_blocked, id=11508, stack(0x000000a82da00000,0x000000a82db00000)]
  0x0000021a3f9c2080 JavaThread "jar transforms Thread 2" [_thread_blocked, id=2716, stack(0x000000a82db00000,0x000000a82dc00000)]
  0x0000021a3f9c39d0 JavaThread "Problems report writer" [_thread_blocked, id=11964, stack(0x000000a82dc00000,0x000000a82dd00000)]
  0x0000021a401679b0 JavaThread "Unconstrained build operations Thread 14" [_thread_blocked, id=3852, stack(0x000000a82dd00000,0x000000a82de00000)]
  0x0000021a4016ac50 JavaThread "Unconstrained build operations Thread 15" [_thread_blocked, id=9724, stack(0x000000a82de00000,0x000000a82df00000)]
  0x0000021a4016cab0 JavaThread "Unconstrained build operations Thread 16" [_thread_blocked, id=5460, stack(0x000000a82df00000,0x000000a82e000000)]
  0x0000021a4016d4d0 JavaThread "Unconstrained build operations Thread 17" [_thread_blocked, id=11408, stack(0x000000a82e000000,0x000000a82e100000)]
  0x0000021a40169300 JavaThread "Unconstrained build operations Thread 18" [_thread_blocked, id=9516, stack(0x000000a82e100000,0x000000a82e200000)]
  0x0000021a4016bb80 JavaThread "Unconstrained build operations Thread 19" [_thread_blocked, id=7816, stack(0x000000a82e200000,0x000000a82e300000)]
  0x0000021a40168df0 JavaThread "Unconstrained build operations Thread 20" [_thread_blocked, id=6112, stack(0x000000a82e300000,0x000000a82e400000)]
  0x0000021a46ea46a0 JavaThread "File lock release action executor Thread 3" [_thread_blocked, id=1804, stack(0x000000a82c400000,0x000000a82c500000)]

Other Threads:
=>0x00000219f527d490 VMThread "VM Thread" [stack: 0x000000a82a300000,0x000000a82a400000] [id=11928]
  0x00000219f5510570 WatcherThread [stack: 0x000000a82af00000,0x000000a82b000000] [id=416]
  0x00000219d87f7ac0 GCTaskThread "GC Thread#0" [stack: 0x000000a829e00000,0x000000a829f00000] [id=9116]
  0x00000219f5605a90 GCTaskThread "GC Thread#1" [stack: 0x000000a82b000000,0x000000a82b100000] [id=11340]
  0x00000219d88087c0 ConcurrentGCThread "G1 Main Marker" [stack: 0x000000a829f00000,0x000000a82a000000] [id=12128]
  0x00000219d8808f80 ConcurrentGCThread "G1 Conc#0" [stack: 0x000000a82a000000,0x000000a82a100000] [id=10580]
  0x00000219d881e830 ConcurrentGCThread "G1 Refine#0" [stack: 0x000000a82a100000,0x000000a82a200000] [id=11692]
  0x0000021a3c41dbd0 ConcurrentGCThread "G1 Refine#1" [stack: 0x000000a82c000000,0x000000a82c100000] [id=11560]
  0x00000219f51341c0 ConcurrentGCThread "G1 Service" [stack: 0x000000a82a200000,0x000000a82a300000] [id=9540]

Threads with active compile tasks:

VM state: at safepoint (normal execution)

VM Mutex/Monitor currently owned by a thread:  ([mutex/lock_event])
[0x00000219d8746fe0] Threads_lock - owner thread: 0x00000219f527d490
[0x00000219d8747220] Heap_lock - owner thread: 0x0000021a3babc600

Heap address: 0x0000000600000000, size: 8192 MB, Compressed Oops mode: Zero based, Oop shift amount: 3

CDS archive(s) mapped at: [0x00000219f6000000-0x00000219f6bd0000-0x00000219f6bd0000), size 12386304, SharedBaseAddress: 0x00000219f6000000, ArchiveRelocationMode: 1.
Compressed class space mapped at: 0x00000219f7000000-0x0000021a37000000, reserved size: 1073741824
Narrow klass base: 0x00000219f6000000, Narrow klass shift: 0, Narrow klass range: 0x100000000

GC Precious Log:
 CPUs: 2 total, 2 available
 Memory: 3758M
 Large Page Support: Disabled
 NUMA Support: Disabled
 Compressed Oops: Enabled (Zero based)
 Heap Region Size: 4M
 Heap Min Capacity: 8M
 Heap Initial Capacity: 60M
 Heap Max Capacity: 8G
 Pre-touch: Disabled
 Parallel Workers: 2
 Concurrent Workers: 1
 Concurrent Refinement Workers: 2
 Periodic GC: Disabled

Heap:
 garbage-first heap   total 1531904K, used 271899K [0x0000000600000000, 0x0000000800000000)
  region size 4096K, 3 young (12288K), 3 survivors (12288K)
 Metaspace       used 160477K, committed 161792K, reserved 1245184K
  class space    used 21130K, committed 21696K, reserved 1048576K

Heap Regions: E=young(eden), S=young(survivor), O=old, HS=humongous(starts), HC=humongous(continues), CS=collection set, F=free, OA=open archive, CA=closed archive, TAMS=top-at-mark-start (previous, next)
|   0|0x0000000600000000, 0x0000000600400000, 0x0000000600400000|100%|HS|  |TAMS 0x0000000600400000, 0x0000000600000000| Complete 
|   1|0x0000000600400000, 0x0000000600800000, 0x0000000600800000|100%| O|  |TAMS 0x0000000600800000, 0x0000000600400000| Untracked 
|   2|0x0000000600800000, 0x0000000600c00000, 0x0000000600c00000|100%| O|  |TAMS 0x0000000600c00000, 0x0000000600800000| Untracked 
|   3|0x0000000600c00000, 0x0000000601000000, 0x0000000601000000|100%| O|  |TAMS 0x0000000601000000, 0x0000000600c00000| Untracked 
|   4|0x0000000601000000, 0x0000000601400000, 0x0000000601400000|100%| O|  |TAMS 0x0000000601400000, 0x0000000601000000| Untracked 
|   5|0x0000000601400000, 0x0000000601800000, 0x0000000601800000|100%| O|  |TAMS 0x0000000601800000, 0x0000000601400000| Untracked 
|   6|0x0000000601800000, 0x0000000601c00000, 0x0000000601c00000|100%| O|  |TAMS 0x0000000601c00000, 0x0000000601800000| Untracked 
|   7|0x0000000601c00000, 0x0000000602000000, 0x0000000602000000|100%| O|  |TAMS 0x0000000602000000, 0x0000000601c00000| Untracked 
|   8|0x0000000602000000, 0x0000000602400000, 0x0000000602400000|100%| O|  |TAMS 0x0000000602400000, 0x0000000602000000| Untracked 
|   9|0x0000000602400000, 0x0000000602800000, 0x0000000602800000|100%|HS|  |TAMS 0x0000000602800000, 0x0000000602400000| Complete 
|  10|0x0000000602800000, 0x0000000602c00000, 0x0000000602c00000|100%|HS|  |TAMS 0x0000000602c00000, 0x0000000602800000| Complete 
|  11|0x0000000602c00000, 0x0000000603000000, 0x0000000603000000|100%| O|  |TAMS 0x0000000603000000, 0x0000000602c00000| Untracked 
|  12|0x0000000603000000, 0x0000000603400000, 0x0000000603400000|100%| O|  |TAMS 0x0000000603400000, 0x0000000603000000| Untracked 
|  13|0x0000000603400000, 0x0000000603800000, 0x0000000603800000|100%| O|  |TAMS 0x0000000603800000, 0x0000000603400000| Untracked 
|  14|0x0000000603800000, 0x0000000603c00000, 0x0000000603c00000|100%| O|  |TAMS 0x0000000603c00000, 0x0000000603800000| Untracked 
|  15|0x0000000603c00000, 0x0000000604000000, 0x0000000604000000|100%| O|  |TAMS 0x0000000604000000, 0x0000000603c00000| Untracked 
|  16|0x0000000604000000, 0x0000000604400000, 0x0000000604400000|100%| O|  |TAMS 0x0000000604400000, 0x0000000604000000| Untracked 
|  17|0x0000000604400000, 0x0000000604800000, 0x0000000604800000|100%| O|  |TAMS 0x0000000604800000, 0x0000000604400000| Untracked 
|  18|0x0000000604800000, 0x0000000604c00000, 0x0000000604c00000|100%| O|  |TAMS 0x0000000604c00000, 0x0000000604800000| Untracked 
|  19|0x0000000604c00000, 0x0000000605000000, 0x0000000605000000|100%| O|  |TAMS 0x0000000605000000, 0x0000000604c00000| Untracked 
|  20|0x0000000605000000, 0x0000000605400000, 0x0000000605400000|100%| O|  |TAMS 0x0000000605400000, 0x0000000605000000| Untracked 
|  21|0x0000000605400000, 0x0000000605800000, 0x0000000605800000|100%| O|  |TAMS 0x0000000605800000, 0x0000000605400000| Untracked 
|  22|0x0000000605800000, 0x0000000605c00000, 0x0000000605c00000|100%| O|  |TAMS 0x0000000605c00000, 0x0000000605800000| Untracked 
|  23|0x0000000605c00000, 0x0000000606000000, 0x0000000606000000|100%| O|  |TAMS 0x0000000606000000, 0x0000000605c00000| Untracked 
|  24|0x0000000606000000, 0x0000000606400000, 0x0000000606400000|100%| O|  |TAMS 0x0000000606400000, 0x0000000606000000| Untracked 
|  25|0x0000000606400000, 0x0000000606800000, 0x0000000606800000|100%| O|  |TAMS 0x0000000606800000, 0x0000000606400000| Untracked 
|  26|0x0000000606800000, 0x0000000606c00000, 0x0000000606c00000|100%| O|  |TAMS 0x0000000606c00000, 0x0000000606800000| Untracked 
|  27|0x0000000606c00000, 0x0000000607000000, 0x0000000607000000|100%| O|  |TAMS 0x0000000607000000, 0x0000000606c00000| Untracked 
|  28|0x0000000607000000, 0x0000000607400000, 0x0000000607400000|100%| O|  |TAMS 0x0000000607000000, 0x0000000607000000| Untracked 
|  29|0x0000000607400000, 0x0000000607800000, 0x0000000607800000|100%| O|  |TAMS 0x0000000607800000, 0x0000000607400000| Untracked 
|  30|0x0000000607800000, 0x0000000607c00000, 0x0000000607c00000|100%| O|  |TAMS 0x0000000607c00000, 0x0000000607800000| Untracked 
|  31|0x0000000607c00000, 0x0000000608000000, 0x0000000608000000|100%|HS|  |TAMS 0x0000000608000000, 0x0000000607c00000| Complete 
|  32|0x0000000608000000, 0x0000000608400000, 0x0000000608400000|100%| O|  |TAMS 0x0000000608400000, 0x0000000608000000| Untracked 
|  33|0x0000000608400000, 0x0000000608800000, 0x0000000608800000|100%| O|  |TAMS 0x0000000608800000, 0x0000000608400000| Untracked 
|  34|0x0000000608800000, 0x0000000608c00000, 0x0000000608c00000|100%| O|  |TAMS 0x0000000608c00000, 0x0000000608800000| Untracked 
|  35|0x0000000608c00000, 0x0000000609000000, 0x0000000609000000|100%| O|  |TAMS 0x0000000609000000, 0x0000000608c00000| Untracked 
|  36|0x0000000609000000, 0x0000000609400000, 0x0000000609400000|100%| O|  |TAMS 0x0000000609400000, 0x0000000609000000| Untracked 
|  37|0x0000000609400000, 0x0000000609800000, 0x0000000609800000|100%| O|  |TAMS 0x0000000609800000, 0x0000000609400000| Untracked 
|  38|0x0000000609800000, 0x0000000609c00000, 0x0000000609c00000|100%| O|  |TAMS 0x0000000609c00000, 0x0000000609800000| Untracked 
|  39|0x0000000609c00000, 0x000000060a000000, 0x000000060a000000|100%| O|  |TAMS 0x000000060a000000, 0x0000000609c00000| Untracked 
|  40|0x000000060a000000, 0x000000060a400000, 0x000000060a400000|100%| O|  |TAMS 0x000000060a400000, 0x000000060a000000| Untracked 
|  41|0x000000060a400000, 0x000000060a800000, 0x000000060a800000|100%| O|  |TAMS 0x000000060a800000, 0x000000060a400000| Untracked 
|  42|0x000000060a800000, 0x000000060ac00000, 0x000000060ac00000|100%| O|  |TAMS 0x000000060ac00000, 0x000000060a800000| Untracked 
|  43|0x000000060ac00000, 0x000000060b000000, 0x000000060b000000|100%| O|  |TAMS 0x000000060b000000, 0x000000060ac00000| Untracked 
|  44|0x000000060b000000, 0x000000060b400000, 0x000000060b400000|100%| O|  |TAMS 0x000000060b400000, 0x000000060b000000| Untracked 
|  45|0x000000060b400000, 0x000000060b800000, 0x000000060b800000|100%| O|  |TAMS 0x000000060b800000, 0x000000060b400000| Untracked 
|  46|0x000000060b800000, 0x000000060bc00000, 0x000000060bc00000|100%| O|  |TAMS 0x000000060bc00000, 0x000000060b800000| Untracked 
|  47|0x000000060bc00000, 0x000000060c000000, 0x000000060c000000|100%| O|  |TAMS 0x000000060c000000, 0x000000060bc00000| Untracked 
|  48|0x000000060c000000, 0x000000060c400000, 0x000000060c400000|100%| O|  |TAMS 0x000000060c400000, 0x000000060c000000| Untracked 
|  49|0x000000060c400000, 0x000000060c800000, 0x000000060c800000|100%| O|  |TAMS 0x000000060c800000, 0x000000060c400000| Untracked 
|  50|0x000000060c800000, 0x000000060cc00000, 0x000000060cc00000|100%| O|  |TAMS 0x000000060cc00000, 0x000000060c800000| Untracked 
|  51|0x000000060cc00000, 0x000000060d000000, 0x000000060d000000|100%| O|  |TAMS 0x000000060d000000, 0x000000060cc00000| Untracked 
|  52|0x000000060d000000, 0x000000060d400000, 0x000000060d400000|100%| O|  |TAMS 0x000000060d400000, 0x000000060d000000| Untracked 
|  53|0x000000060d400000, 0x000000060d800000, 0x000000060d800000|100%|HS|  |TAMS 0x000000060d800000, 0x000000060d400000| Complete 
|  54|0x000000060d800000, 0x000000060dc00000, 0x000000060dc00000|100%|HC|  |TAMS 0x000000060dc00000, 0x000000060d800000| Complete 
|  55|0x000000060dc00000, 0x000000060e000000, 0x000000060e000000|100%| O|  |TAMS 0x000000060e000000, 0x000000060dc00000| Untracked 
|  56|0x000000060e000000, 0x000000060e400000, 0x000000060e400000|100%| O|  |TAMS 0x000000060e400000, 0x000000060e000000| Untracked 
|  57|0x000000060e400000, 0x000000060e68ae00, 0x000000060e800000| 63%| O|  |TAMS 0x000000060e400000, 0x000000060e400000| Untracked 
|  58|0x000000060e800000, 0x000000060ec00000, 0x000000060ec00000|100%| O|  |TAMS 0x000000060ec00000, 0x000000060e800000| Untracked 
|  59|0x000000060ec00000, 0x000000060f000000, 0x000000060f000000|100%| O|  |TAMS 0x000000060f000000, 0x000000060ec00000| Untracked 
|  60|0x000000060f000000, 0x000000060f400000, 0x000000060f400000|100%| O|  |TAMS 0x000000060f263e00, 0x000000060f000000| Untracked 
|  61|0x000000060f400000, 0x000000060f800000, 0x000000060f800000|100%| O|  |TAMS 0x000000060f400000, 0x000000060f400000| Untracked 
|  62|0x000000060f800000, 0x000000060fc00000, 0x000000060fc00000|100%| O|  |TAMS 0x000000060f800000, 0x000000060f800000| Untracked 
|  63|0x000000060fc00000, 0x0000000610000000, 0x0000000610000000|100%| O|  |TAMS 0x000000060fc00000, 0x000000060fc00000| Untracked 
|  64|0x0000000610000000, 0x0000000610000000, 0x0000000610400000|  0%| F|  |TAMS 0x0000000610000000, 0x0000000610000000| Untracked 
|  65|0x0000000610400000, 0x0000000610400000, 0x0000000610800000|  0%| F|  |TAMS 0x0000000610400000, 0x0000000610400000| Untracked 
|  66|0x0000000610800000, 0x0000000610800000, 0x0000000610c00000|  0%| F|  |TAMS 0x0000000610800000, 0x0000000610800000| Untracked 
|  67|0x0000000610c00000, 0x0000000610c00000, 0x0000000611000000|  0%| F|  |TAMS 0x0000000610c00000, 0x0000000610c00000| Untracked 
|  68|0x0000000611000000, 0x0000000611000000, 0x0000000611400000|  0%| F|  |TAMS 0x0000000611000000, 0x0000000611000000| Untracked 
|  69|0x0000000611400000, 0x0000000611400000, 0x0000000611800000|  0%| F|  |TAMS 0x0000000611400000, 0x0000000611400000| Untracked 
|  70|0x0000000611800000, 0x0000000611800000, 0x0000000611c00000|  0%| F|  |TAMS 0x0000000611800000, 0x0000000611800000| Untracked 
|  71|0x0000000611c00000, 0x0000000611c00000, 0x0000000612000000|  0%| F|  |TAMS 0x0000000611c00000, 0x0000000611c00000| Untracked 
|  72|0x0000000612000000, 0x0000000612000000, 0x0000000612400000|  0%| F|  |TAMS 0x0000000612000000, 0x0000000612000000| Untracked 
|  73|0x0000000612400000, 0x0000000612400000, 0x0000000612800000|  0%| F|  |TAMS 0x0000000612400000, 0x0000000612400000| Untracked 
|  74|0x0000000612800000, 0x0000000612800000, 0x0000000612c00000|  0%| F|  |TAMS 0x0000000612800000, 0x0000000612800000| Untracked 
|  75|0x0000000612c00000, 0x0000000612c00000, 0x0000000613000000|  0%| F|  |TAMS 0x0000000612c00000, 0x0000000612c00000| Untracked 
|  76|0x0000000613000000, 0x0000000613000000, 0x0000000613400000|  0%| F|  |TAMS 0x0000000613000000, 0x0000000613000000| Untracked 
|  77|0x0000000613400000, 0x0000000613400000, 0x0000000613800000|  0%| F|  |TAMS 0x0000000613400000, 0x0000000613400000| Untracked 
|  78|0x0000000613800000, 0x0000000613800000, 0x0000000613c00000|  0%| F|  |TAMS 0x0000000613800000, 0x0000000613800000| Untracked 
|  79|0x0000000613c00000, 0x0000000613c00000, 0x0000000614000000|  0%| F|  |TAMS 0x0000000613c00000, 0x0000000613c00000| Untracked 
|  80|0x0000000614000000, 0x0000000614000000, 0x0000000614400000|  0%| F|  |TAMS 0x0000000614000000, 0x0000000614000000| Untracked 
|  81|0x0000000614400000, 0x0000000614400000, 0x0000000614800000|  0%| F|  |TAMS 0x0000000614400000, 0x0000000614400000| Untracked 
|  82|0x0000000614800000, 0x0000000614800000, 0x0000000614c00000|  0%| F|  |TAMS 0x0000000614800000, 0x0000000614800000| Untracked 
|  83|0x0000000614c00000, 0x0000000614c00000, 0x0000000615000000|  0%| F|  |TAMS 0x0000000614c00000, 0x0000000614c00000| Untracked 
|  84|0x0000000615000000, 0x0000000615000000, 0x0000000615400000|  0%| F|  |TAMS 0x0000000615000000, 0x0000000615000000| Untracked 
|  85|0x0000000615400000, 0x0000000615400000, 0x0000000615800000|  0%| F|  |TAMS 0x0000000615400000, 0x0000000615400000| Untracked 
|  86|0x0000000615800000, 0x0000000615800000, 0x0000000615c00000|  0%| F|  |TAMS 0x0000000615800000, 0x0000000615800000| Untracked 
|  87|0x0000000615c00000, 0x0000000615c00000, 0x0000000616000000|  0%| F|  |TAMS 0x0000000615c00000, 0x0000000615c00000| Untracked 
|  88|0x0000000616000000, 0x0000000616000000, 0x0000000616400000|  0%| F|  |TAMS 0x0000000616000000, 0x0000000616000000| Untracked 
|  89|0x0000000616400000, 0x0000000616400000, 0x0000000616800000|  0%| F|  |TAMS 0x0000000616400000, 0x0000000616400000| Untracked 
|  90|0x0000000616800000, 0x0000000616800000, 0x0000000616c00000|  0%| F|  |TAMS 0x0000000616800000, 0x0000000616800000| Untracked 
|  91|0x0000000616c00000, 0x0000000616c00000, 0x0000000617000000|  0%| F|  |TAMS 0x0000000616c00000, 0x0000000616c00000| Untracked 
|  92|0x0000000617000000, 0x0000000617000000, 0x0000000617400000|  0%| F|  |TAMS 0x0000000617000000, 0x0000000617000000| Untracked 
|  93|0x0000000617400000, 0x0000000617400000, 0x0000000617800000|  0%| F|  |TAMS 0x0000000617400000, 0x0000000617400000| Untracked 
|  94|0x0000000617800000, 0x0000000617800000, 0x0000000617c00000|  0%| F|  |TAMS 0x0000000617800000, 0x0000000617800000| Untracked 
|  95|0x0000000617c00000, 0x0000000617c00000, 0x0000000618000000|  0%| F|  |TAMS 0x0000000617c00000, 0x0000000617c00000| Untracked 
|  96|0x0000000618000000, 0x0000000618000000, 0x0000000618400000|  0%| F|  |TAMS 0x0000000618000000, 0x0000000618000000| Untracked 
|  97|0x0000000618400000, 0x0000000618400000, 0x0000000618800000|  0%| F|  |TAMS 0x0000000618400000, 0x0000000618400000| Untracked 
|  98|0x0000000618800000, 0x0000000618800000, 0x0000000618c00000|  0%| F|  |TAMS 0x0000000618800000, 0x0000000618800000| Untracked 
|  99|0x0000000618c00000, 0x0000000618c00000, 0x0000000619000000|  0%| F|  |TAMS 0x0000000618c00000, 0x0000000618c00000| Untracked 
| 100|0x0000000619000000, 0x0000000619000000, 0x0000000619400000|  0%| F|  |TAMS 0x0000000619000000, 0x0000000619000000| Untracked 
| 101|0x0000000619400000, 0x0000000619400000, 0x0000000619800000|  0%| F|  |TAMS 0x0000000619400000, 0x0000000619400000| Untracked 
| 102|0x0000000619800000, 0x0000000619800000, 0x0000000619c00000|  0%| F|  |TAMS 0x0000000619800000, 0x0000000619800000| Untracked 
| 103|0x0000000619c00000, 0x0000000619c00000, 0x000000061a000000|  0%| F|  |TAMS 0x0000000619c00000, 0x0000000619c00000| Untracked 
| 104|0x000000061a000000, 0x000000061a000000, 0x000000061a400000|  0%| F|  |TAMS 0x000000061a000000, 0x000000061a000000| Untracked 
| 105|0x000000061a400000, 0x000000061a400000, 0x000000061a800000|  0%| F|  |TAMS 0x000000061a400000, 0x000000061a400000| Untracked 
| 106|0x000000061a800000, 0x000000061a800000, 0x000000061ac00000|  0%| F|  |TAMS 0x000000061a800000, 0x000000061a800000| Untracked 
| 107|0x000000061ac00000, 0x000000061ac00000, 0x000000061b000000|  0%| F|  |TAMS 0x000000061ac00000, 0x000000061ac00000| Untracked 
| 108|0x000000061b000000, 0x000000061b000000, 0x000000061b400000|  0%| F|  |TAMS 0x000000061b000000, 0x000000061b000000| Untracked 
| 109|0x000000061b400000, 0x000000061b400000, 0x000000061b800000|  0%| F|  |TAMS 0x000000061b400000, 0x000000061b400000| Untracked 
| 110|0x000000061b800000, 0x000000061b800000, 0x000000061bc00000|  0%| F|  |TAMS 0x000000061b800000, 0x000000061b800000| Untracked 
| 111|0x000000061bc00000, 0x000000061bc00000, 0x000000061c000000|  0%| F|  |TAMS 0x000000061bc00000, 0x000000061bc00000| Untracked 
| 112|0x000000061c000000, 0x000000061c000000, 0x000000061c400000|  0%| F|  |TAMS 0x000000061c000000, 0x000000061c000000| Untracked 
| 113|0x000000061c400000, 0x000000061c400000, 0x000000061c800000|  0%| F|  |TAMS 0x000000061c400000, 0x000000061c400000| Untracked 
| 114|0x000000061c800000, 0x000000061c800000, 0x000000061cc00000|  0%| F|  |TAMS 0x000000061c800000, 0x000000061c800000| Untracked 
| 115|0x000000061cc00000, 0x000000061cc00000, 0x000000061d000000|  0%| F|  |TAMS 0x000000061cc00000, 0x000000061cc00000| Untracked 
| 116|0x000000061d000000, 0x000000061d000000, 0x000000061d400000|  0%| F|  |TAMS 0x000000061d000000, 0x000000061d000000| Untracked 
| 117|0x000000061d400000, 0x000000061d400000, 0x000000061d800000|  0%| F|  |TAMS 0x000000061d400000, 0x000000061d400000| Untracked 
| 118|0x000000061d800000, 0x000000061d800000, 0x000000061dc00000|  0%| F|  |TAMS 0x000000061d800000, 0x000000061d800000| Untracked 
| 119|0x000000061dc00000, 0x000000061dc00000, 0x000000061e000000|  0%| F|  |TAMS 0x000000061dc00000, 0x000000061dc00000| Untracked 
| 120|0x000000061e000000, 0x000000061e000000, 0x000000061e400000|  0%| F|  |TAMS 0x000000061e000000, 0x000000061e000000| Untracked 
| 121|0x000000061e400000, 0x000000061e400000, 0x000000061e800000|  0%| F|  |TAMS 0x000000061e400000, 0x000000061e400000| Untracked 
| 122|0x000000061e800000, 0x000000061e800000, 0x000000061ec00000|  0%| F|  |TAMS 0x000000061e800000, 0x000000061e800000| Untracked 
| 123|0x000000061ec00000, 0x000000061ec00000, 0x000000061f000000|  0%| F|  |TAMS 0x000000061ec00000, 0x000000061ec00000| Untracked 
| 124|0x000000061f000000, 0x000000061f000000, 0x000000061f400000|  0%| F|  |TAMS 0x000000061f000000, 0x000000061f000000| Untracked 
| 125|0x000000061f400000, 0x000000061f400000, 0x000000061f800000|  0%| F|  |TAMS 0x000000061f400000, 0x000000061f400000| Untracked 
| 126|0x000000061f800000, 0x000000061f800000, 0x000000061fc00000|  0%| F|  |TAMS 0x000000061f800000, 0x000000061f800000| Untracked 
| 127|0x000000061fc00000, 0x000000061fc00000, 0x0000000620000000|  0%| F|  |TAMS 0x000000061fc00000, 0x000000061fc00000| Untracked 
| 128|0x0000000620000000, 0x0000000620000000, 0x0000000620400000|  0%| F|  |TAMS 0x0000000620000000, 0x0000000620000000| Untracked 
| 129|0x0000000620400000, 0x0000000620400000, 0x0000000620800000|  0%| F|  |TAMS 0x0000000620400000, 0x0000000620400000| Untracked 
| 130|0x0000000620800000, 0x0000000620800000, 0x0000000620c00000|  0%| F|  |TAMS 0x0000000620800000, 0x0000000620800000| Untracked 
| 131|0x0000000620c00000, 0x0000000620c00000, 0x0000000621000000|  0%| F|  |TAMS 0x0000000620c00000, 0x0000000620c00000| Untracked 
| 132|0x0000000621000000, 0x0000000621000000, 0x0000000621400000|  0%| F|  |TAMS 0x0000000621000000, 0x0000000621000000| Untracked 
| 133|0x0000000621400000, 0x0000000621400000, 0x0000000621800000|  0%| F|  |TAMS 0x0000000621400000, 0x0000000621400000| Untracked 
| 134|0x0000000621800000, 0x0000000621800000, 0x0000000621c00000|  0%| F|  |TAMS 0x0000000621800000, 0x0000000621800000| Untracked 
| 135|0x0000000621c00000, 0x0000000621c00000, 0x0000000622000000|  0%| F|  |TAMS 0x0000000621c00000, 0x0000000621c00000| Untracked 
| 136|0x0000000622000000, 0x0000000622000000, 0x0000000622400000|  0%| F|  |TAMS 0x0000000622000000, 0x0000000622000000| Untracked 
| 137|0x0000000622400000, 0x0000000622400000, 0x0000000622800000|  0%| F|  |TAMS 0x0000000622400000, 0x0000000622400000| Untracked 
| 138|0x0000000622800000, 0x0000000622800000, 0x0000000622c00000|  0%| F|  |TAMS 0x0000000622800000, 0x0000000622800000| Untracked 
| 139|0x0000000622c00000, 0x0000000622c00000, 0x0000000623000000|  0%| F|  |TAMS 0x0000000622c00000, 0x0000000622c00000| Untracked 
| 140|0x0000000623000000, 0x0000000623000000, 0x0000000623400000|  0%| F|  |TAMS 0x0000000623000000, 0x0000000623000000| Untracked 
| 141|0x0000000623400000, 0x0000000623400000, 0x0000000623800000|  0%| F|  |TAMS 0x0000000623400000, 0x0000000623400000| Untracked 
| 142|0x0000000623800000, 0x0000000623800000, 0x0000000623c00000|  0%| F|  |TAMS 0x0000000623800000, 0x0000000623800000| Untracked 
| 143|0x0000000623c00000, 0x0000000623c00000, 0x0000000624000000|  0%| F|  |TAMS 0x0000000623c00000, 0x0000000623c00000| Untracked 
| 144|0x0000000624000000, 0x0000000624000000, 0x0000000624400000|  0%| F|  |TAMS 0x0000000624000000, 0x0000000624000000| Untracked 
| 145|0x0000000624400000, 0x0000000624400000, 0x0000000624800000|  0%| F|  |TAMS 0x0000000624400000, 0x0000000624400000| Untracked 
| 146|0x0000000624800000, 0x0000000624800000, 0x0000000624c00000|  0%| F|  |TAMS 0x0000000624800000, 0x0000000624800000| Untracked 
| 147|0x0000000624c00000, 0x0000000624c00000, 0x0000000625000000|  0%| F|  |TAMS 0x0000000624c00000, 0x0000000624c00000| Untracked 
| 148|0x0000000625000000, 0x0000000625000000, 0x0000000625400000|  0%| F|  |TAMS 0x0000000625000000, 0x0000000625000000| Untracked 
| 149|0x0000000625400000, 0x0000000625400000, 0x0000000625800000|  0%| F|  |TAMS 0x0000000625400000, 0x0000000625400000| Untracked 
| 150|0x0000000625800000, 0x0000000625800000, 0x0000000625c00000|  0%| F|  |TAMS 0x0000000625800000, 0x0000000625800000| Untracked 
| 151|0x0000000625c00000, 0x0000000625c00000, 0x0000000626000000|  0%| F|  |TAMS 0x0000000625c00000, 0x0000000625c00000| Untracked 
| 152|0x0000000626000000, 0x0000000626000000, 0x0000000626400000|  0%| F|  |TAMS 0x0000000626000000, 0x0000000626000000| Untracked 
| 153|0x0000000626400000, 0x0000000626400000, 0x0000000626800000|  0%| F|  |TAMS 0x0000000626400000, 0x0000000626400000| Untracked 
| 154|0x0000000626800000, 0x0000000626800000, 0x0000000626c00000|  0%| F|  |TAMS 0x0000000626800000, 0x0000000626800000| Untracked 
| 155|0x0000000626c00000, 0x0000000626c00000, 0x0000000627000000|  0%| F|  |TAMS 0x0000000626c00000, 0x0000000626c00000| Untracked 
| 156|0x0000000627000000, 0x0000000627000000, 0x0000000627400000|  0%| F|  |TAMS 0x0000000627000000, 0x0000000627000000| Untracked 
| 157|0x0000000627400000, 0x0000000627400000, 0x0000000627800000|  0%| F|  |TAMS 0x0000000627400000, 0x0000000627400000| Untracked 
| 158|0x0000000627800000, 0x0000000627800000, 0x0000000627c00000|  0%| F|  |TAMS 0x0000000627800000, 0x0000000627800000| Untracked 
| 159|0x0000000627c00000, 0x0000000627c00000, 0x0000000628000000|  0%| F|  |TAMS 0x0000000627c00000, 0x0000000627c00000| Untracked 
| 160|0x0000000628000000, 0x0000000628000000, 0x0000000628400000|  0%| F|  |TAMS 0x0000000628000000, 0x0000000628000000| Untracked 
| 161|0x0000000628400000, 0x0000000628400000, 0x0000000628800000|  0%| F|  |TAMS 0x0000000628400000, 0x0000000628400000| Untracked 
| 162|0x0000000628800000, 0x0000000628800000, 0x0000000628c00000|  0%| F|  |TAMS 0x0000000628800000, 0x0000000628800000| Untracked 
| 163|0x0000000628c00000, 0x0000000628c00000, 0x0000000629000000|  0%| F|  |TAMS 0x0000000628c00000, 0x0000000628c00000| Untracked 
| 164|0x0000000629000000, 0x0000000629000000, 0x0000000629400000|  0%| F|  |TAMS 0x0000000629000000, 0x0000000629000000| Untracked 
| 165|0x0000000629400000, 0x0000000629400000, 0x0000000629800000|  0%| F|  |TAMS 0x0000000629400000, 0x0000000629400000| Untracked 
| 166|0x0000000629800000, 0x0000000629800000, 0x0000000629c00000|  0%| F|  |TAMS 0x0000000629800000, 0x0000000629800000| Untracked 
| 167|0x0000000629c00000, 0x0000000629c00000, 0x000000062a000000|  0%| F|  |TAMS 0x0000000629c00000, 0x0000000629c00000| Untracked 
| 168|0x000000062a000000, 0x000000062a000000, 0x000000062a400000|  0%| F|  |TAMS 0x000000062a000000, 0x000000062a000000| Untracked 
| 169|0x000000062a400000, 0x000000062a400000, 0x000000062a800000|  0%| F|  |TAMS 0x000000062a400000, 0x000000062a400000| Untracked 
| 170|0x000000062a800000, 0x000000062a800000, 0x000000062ac00000|  0%| F|  |TAMS 0x000000062a800000, 0x000000062a800000| Untracked 
| 171|0x000000062ac00000, 0x000000062ac00000, 0x000000062b000000|  0%| F|  |TAMS 0x000000062ac00000, 0x000000062ac00000| Untracked 
| 172|0x000000062b000000, 0x000000062b000000, 0x000000062b400000|  0%| F|  |TAMS 0x000000062b000000, 0x000000062b000000| Untracked 
| 173|0x000000062b400000, 0x000000062b400000, 0x000000062b800000|  0%| F|  |TAMS 0x000000062b400000, 0x000000062b400000| Untracked 
| 174|0x000000062b800000, 0x000000062b800000, 0x000000062bc00000|  0%| F|  |TAMS 0x000000062b800000, 0x000000062b800000| Untracked 
| 175|0x000000062bc00000, 0x000000062bc00000, 0x000000062c000000|  0%| F|  |TAMS 0x000000062bc00000, 0x000000062bc00000| Untracked 
| 176|0x000000062c000000, 0x000000062c000000, 0x000000062c400000|  0%| F|  |TAMS 0x000000062c000000, 0x000000062c000000| Untracked 
| 177|0x000000062c400000, 0x000000062c400000, 0x000000062c800000|  0%| F|  |TAMS 0x000000062c400000, 0x000000062c400000| Untracked 
| 178|0x000000062c800000, 0x000000062c800000, 0x000000062cc00000|  0%| F|  |TAMS 0x000000062c800000, 0x000000062c800000| Untracked 
| 179|0x000000062cc00000, 0x000000062cc00000, 0x000000062d000000|  0%| F|  |TAMS 0x000000062cc00000, 0x000000062cc00000| Untracked 
| 180|0x000000062d000000, 0x000000062d000000, 0x000000062d400000|  0%| F|  |TAMS 0x000000062d000000, 0x000000062d000000| Untracked 
| 181|0x000000062d400000, 0x000000062d400000, 0x000000062d800000|  0%| F|  |TAMS 0x000000062d400000, 0x000000062d400000| Untracked 
| 182|0x000000062d800000, 0x000000062d800000, 0x000000062dc00000|  0%| F|  |TAMS 0x000000062d800000, 0x000000062d800000| Untracked 
| 183|0x000000062dc00000, 0x000000062defbfc0, 0x000000062e000000| 74%| S|CS|TAMS 0x000000062dc00000, 0x000000062dc00000| Complete 
| 184|0x000000062e000000, 0x000000062e400000, 0x000000062e400000|100%| S|CS|TAMS 0x000000062e000000, 0x000000062e000000| Complete 
| 185|0x000000062e400000, 0x000000062e800000, 0x000000062e800000|100%| S|CS|TAMS 0x000000062e400000, 0x000000062e400000| Complete 
| 186|0x000000062e800000, 0x000000062e800000, 0x000000062ec00000|  0%| F|  |TAMS 0x000000062e800000, 0x000000062e800000| Untracked 
| 187|0x000000062ec00000, 0x000000062ec00000, 0x000000062f000000|  0%| F|  |TAMS 0x000000062ec00000, 0x000000062ec00000| Untracked 
| 188|0x000000062f000000, 0x000000062f000000, 0x000000062f400000|  0%| F|  |TAMS 0x000000062f000000, 0x000000062f000000| Untracked 
| 189|0x000000062f400000, 0x000000062f400000, 0x000000062f800000|  0%| F|  |TAMS 0x000000062f400000, 0x000000062f400000| Untracked 
| 190|0x000000062f800000, 0x000000062f800000, 0x000000062fc00000|  0%| F|  |TAMS 0x000000062f800000, 0x000000062f800000| Untracked 
| 191|0x000000062fc00000, 0x000000062fc00000, 0x0000000630000000|  0%| F|  |TAMS 0x000000062fc00000, 0x000000062fc00000| Untracked 
| 192|0x0000000630000000, 0x0000000630000000, 0x0000000630400000|  0%| F|  |TAMS 0x0000000630000000, 0x0000000630000000| Untracked 
| 193|0x0000000630400000, 0x0000000630400000, 0x0000000630800000|  0%| F|  |TAMS 0x0000000630400000, 0x0000000630400000| Untracked 
| 194|0x0000000630800000, 0x0000000630800000, 0x0000000630c00000|  0%| F|  |TAMS 0x0000000630800000, 0x0000000630800000| Untracked 
| 195|0x0000000630c00000, 0x0000000630c00000, 0x0000000631000000|  0%| F|  |TAMS 0x0000000630c00000, 0x0000000630c00000| Untracked 
| 196|0x0000000631000000, 0x0000000631000000, 0x0000000631400000|  0%| F|  |TAMS 0x0000000631000000, 0x0000000631000000| Untracked 
| 197|0x0000000631400000, 0x0000000631400000, 0x0000000631800000|  0%| F|  |TAMS 0x0000000631400000, 0x0000000631400000| Untracked 
| 198|0x0000000631800000, 0x0000000631800000, 0x0000000631c00000|  0%| F|  |TAMS 0x0000000631800000, 0x0000000631800000| Untracked 
| 199|0x0000000631c00000, 0x0000000631c00000, 0x0000000632000000|  0%| F|  |TAMS 0x0000000631c00000, 0x0000000631c00000| Untracked 
| 200|0x0000000632000000, 0x0000000632000000, 0x0000000632400000|  0%| F|  |TAMS 0x0000000632000000, 0x0000000632000000| Untracked 
| 201|0x0000000632400000, 0x0000000632400000, 0x0000000632800000|  0%| F|  |TAMS 0x0000000632400000, 0x0000000632400000| Untracked 
| 202|0x0000000632800000, 0x0000000632800000, 0x0000000632c00000|  0%| F|  |TAMS 0x0000000632800000, 0x0000000632800000| Untracked 
| 203|0x0000000632c00000, 0x0000000632c00000, 0x0000000633000000|  0%| F|  |TAMS 0x0000000632c00000, 0x0000000632c00000| Untracked 
| 204|0x0000000633000000, 0x0000000633000000, 0x0000000633400000|  0%| F|  |TAMS 0x0000000633000000, 0x0000000633000000| Untracked 
| 205|0x0000000633400000, 0x0000000633400000, 0x0000000633800000|  0%| F|  |TAMS 0x0000000633400000, 0x0000000633400000| Untracked 
| 206|0x0000000633800000, 0x0000000633800000, 0x0000000633c00000|  0%| F|  |TAMS 0x0000000633800000, 0x0000000633800000| Untracked 
| 207|0x0000000633c00000, 0x0000000633c00000, 0x0000000634000000|  0%| F|  |TAMS 0x0000000633c00000, 0x0000000633c00000| Untracked 
| 208|0x0000000634000000, 0x0000000634000000, 0x0000000634400000|  0%| F|  |TAMS 0x0000000634000000, 0x0000000634000000| Untracked 
| 209|0x0000000634400000, 0x0000000634400000, 0x0000000634800000|  0%| F|  |TAMS 0x0000000634400000, 0x0000000634400000| Untracked 
| 210|0x0000000634800000, 0x0000000634800000, 0x0000000634c00000|  0%| F|  |TAMS 0x0000000634800000, 0x0000000634800000| Untracked 
| 211|0x0000000634c00000, 0x0000000634c00000, 0x0000000635000000|  0%| F|  |TAMS 0x0000000634c00000, 0x0000000634c00000| Untracked 
| 212|0x0000000635000000, 0x0000000635000000, 0x0000000635400000|  0%| F|  |TAMS 0x0000000635000000, 0x0000000635000000| Untracked 
| 213|0x0000000635400000, 0x0000000635400000, 0x0000000635800000|  0%| F|  |TAMS 0x0000000635400000, 0x0000000635400000| Untracked 
| 214|0x0000000635800000, 0x0000000635800000, 0x0000000635c00000|  0%| F|  |TAMS 0x0000000635800000, 0x0000000635800000| Untracked 
| 215|0x0000000635c00000, 0x0000000635c00000, 0x0000000636000000|  0%| F|  |TAMS 0x0000000635c00000, 0x0000000635c00000| Untracked 
| 216|0x0000000636000000, 0x0000000636000000, 0x0000000636400000|  0%| F|  |TAMS 0x0000000636000000, 0x0000000636000000| Untracked 
| 217|0x0000000636400000, 0x0000000636400000, 0x0000000636800000|  0%| F|  |TAMS 0x0000000636400000, 0x0000000636400000| Untracked 
| 218|0x0000000636800000, 0x0000000636800000, 0x0000000636c00000|  0%| F|  |TAMS 0x0000000636800000, 0x0000000636800000| Untracked 
| 219|0x0000000636c00000, 0x0000000636c00000, 0x0000000637000000|  0%| F|  |TAMS 0x0000000636c00000, 0x0000000636c00000| Untracked 
| 220|0x0000000637000000, 0x0000000637000000, 0x0000000637400000|  0%| F|  |TAMS 0x0000000637000000, 0x0000000637000000| Untracked 
| 221|0x0000000637400000, 0x0000000637400000, 0x0000000637800000|  0%| F|  |TAMS 0x0000000637400000, 0x0000000637400000| Untracked 
| 222|0x0000000637800000, 0x0000000637800000, 0x0000000637c00000|  0%| F|  |TAMS 0x0000000637800000, 0x0000000637800000| Untracked 
| 223|0x0000000637c00000, 0x0000000637c00000, 0x0000000638000000|  0%| F|  |TAMS 0x0000000637c00000, 0x0000000637c00000| Untracked 
| 224|0x0000000638000000, 0x0000000638000000, 0x0000000638400000|  0%| F|  |TAMS 0x0000000638000000, 0x0000000638000000| Untracked 
| 225|0x0000000638400000, 0x0000000638400000, 0x0000000638800000|  0%| F|  |TAMS 0x0000000638400000, 0x0000000638400000| Untracked 
| 226|0x0000000638800000, 0x0000000638800000, 0x0000000638c00000|  0%| F|  |TAMS 0x0000000638800000, 0x0000000638800000| Untracked 
| 227|0x0000000638c00000, 0x0000000638c00000, 0x0000000639000000|  0%| F|  |TAMS 0x0000000638c00000, 0x0000000638c00000| Untracked 
| 228|0x0000000639000000, 0x0000000639000000, 0x0000000639400000|  0%| F|  |TAMS 0x0000000639000000, 0x0000000639000000| Untracked 
| 229|0x0000000639400000, 0x0000000639400000, 0x0000000639800000|  0%| F|  |TAMS 0x0000000639400000, 0x0000000639400000| Untracked 
| 230|0x0000000639800000, 0x0000000639800000, 0x0000000639c00000|  0%| F|  |TAMS 0x0000000639800000, 0x0000000639800000| Untracked 
| 231|0x0000000639c00000, 0x0000000639c00000, 0x000000063a000000|  0%| F|  |TAMS 0x0000000639c00000, 0x0000000639c00000| Untracked 
| 232|0x000000063a000000, 0x000000063a000000, 0x000000063a400000|  0%| F|  |TAMS 0x000000063a000000, 0x000000063a000000| Untracked 
| 233|0x000000063a400000, 0x000000063a400000, 0x000000063a800000|  0%| F|  |TAMS 0x000000063a400000, 0x000000063a400000| Untracked 
| 234|0x000000063a800000, 0x000000063a800000, 0x000000063ac00000|  0%| F|  |TAMS 0x000000063a800000, 0x000000063a800000| Untracked 
| 235|0x000000063ac00000, 0x000000063ac00000, 0x000000063b000000|  0%| F|  |TAMS 0x000000063ac00000, 0x000000063ac00000| Untracked 
| 236|0x000000063b000000, 0x000000063b000000, 0x000000063b400000|  0%| F|  |TAMS 0x000000063b000000, 0x000000063b000000| Untracked 
| 237|0x000000063b400000, 0x000000063b400000, 0x000000063b800000|  0%| F|  |TAMS 0x000000063b400000, 0x000000063b400000| Untracked 
| 238|0x000000063b800000, 0x000000063b800000, 0x000000063bc00000|  0%| F|  |TAMS 0x000000063b800000, 0x000000063b800000| Untracked 
| 239|0x000000063bc00000, 0x000000063bc00000, 0x000000063c000000|  0%| F|  |TAMS 0x000000063bc00000, 0x000000063bc00000| Untracked 
| 240|0x000000063c000000, 0x000000063c000000, 0x000000063c400000|  0%| F|  |TAMS 0x000000063c000000, 0x000000063c000000| Untracked 
| 241|0x000000063c400000, 0x000000063c400000, 0x000000063c800000|  0%| F|  |TAMS 0x000000063c400000, 0x000000063c400000| Untracked 
| 242|0x000000063c800000, 0x000000063c800000, 0x000000063cc00000|  0%| F|  |TAMS 0x000000063c800000, 0x000000063c800000| Untracked 
| 243|0x000000063cc00000, 0x000000063cc00000, 0x000000063d000000|  0%| F|  |TAMS 0x000000063cc00000, 0x000000063cc00000| Untracked 
| 244|0x000000063d000000, 0x000000063d000000, 0x000000063d400000|  0%| F|  |TAMS 0x000000063d000000, 0x000000063d000000| Untracked 
| 245|0x000000063d400000, 0x000000063d400000, 0x000000063d800000|  0%| F|  |TAMS 0x000000063d400000, 0x000000063d400000| Untracked 
| 246|0x000000063d800000, 0x000000063d800000, 0x000000063dc00000|  0%| F|  |TAMS 0x000000063d800000, 0x000000063d800000| Untracked 
| 247|0x000000063dc00000, 0x000000063dc00000, 0x000000063e000000|  0%| F|  |TAMS 0x000000063dc00000, 0x000000063dc00000| Untracked 
| 248|0x000000063e000000, 0x000000063e000000, 0x000000063e400000|  0%| F|  |TAMS 0x000000063e000000, 0x000000063e000000| Untracked 
| 249|0x000000063e400000, 0x000000063e400000, 0x000000063e800000|  0%| F|  |TAMS 0x000000063e400000, 0x000000063e400000| Untracked 
| 250|0x000000063e800000, 0x000000063e800000, 0x000000063ec00000|  0%| F|  |TAMS 0x000000063e800000, 0x000000063e800000| Untracked 
| 251|0x000000063ec00000, 0x000000063ec00000, 0x000000063f000000|  0%| F|  |TAMS 0x000000063ec00000, 0x000000063ec00000| Untracked 
| 252|0x000000063f000000, 0x000000063f000000, 0x000000063f400000|  0%| F|  |TAMS 0x000000063f000000, 0x000000063f000000| Untracked 
| 253|0x000000063f400000, 0x000000063f400000, 0x000000063f800000|  0%| F|  |TAMS 0x000000063f400000, 0x000000063f400000| Untracked 
| 254|0x000000063f800000, 0x000000063f800000, 0x000000063fc00000|  0%| F|  |TAMS 0x000000063f800000, 0x000000063f800000| Untracked 
| 255|0x000000063fc00000, 0x000000063fc00000, 0x0000000640000000|  0%| F|  |TAMS 0x000000063fc00000, 0x000000063fc00000| Untracked 
| 256|0x0000000640000000, 0x0000000640000000, 0x0000000640400000|  0%| F|  |TAMS 0x0000000640000000, 0x0000000640000000| Untracked 
| 257|0x0000000640400000, 0x0000000640400000, 0x0000000640800000|  0%| F|  |TAMS 0x0000000640400000, 0x0000000640400000| Untracked 
| 258|0x0000000640800000, 0x0000000640800000, 0x0000000640c00000|  0%| F|  |TAMS 0x0000000640800000, 0x0000000640800000| Untracked 
| 259|0x0000000640c00000, 0x0000000640c00000, 0x0000000641000000|  0%| F|  |TAMS 0x0000000640c00000, 0x0000000640c00000| Untracked 
| 260|0x0000000641000000, 0x0000000641000000, 0x0000000641400000|  0%| F|  |TAMS 0x0000000641000000, 0x0000000641000000| Untracked 
| 261|0x0000000641400000, 0x0000000641400000, 0x0000000641800000|  0%| F|  |TAMS 0x0000000641400000, 0x0000000641400000| Untracked 
| 262|0x0000000641800000, 0x0000000641800000, 0x0000000641c00000|  0%| F|  |TAMS 0x0000000641800000, 0x0000000641800000| Untracked 
| 263|0x0000000641c00000, 0x0000000641c00000, 0x0000000642000000|  0%| F|  |TAMS 0x0000000641c00000, 0x0000000641c00000| Untracked 
| 264|0x0000000642000000, 0x0000000642000000, 0x0000000642400000|  0%| F|  |TAMS 0x0000000642000000, 0x0000000642000000| Untracked 
| 265|0x0000000642400000, 0x0000000642400000, 0x0000000642800000|  0%| F|  |TAMS 0x0000000642400000, 0x0000000642400000| Untracked 
| 266|0x0000000642800000, 0x0000000642800000, 0x0000000642c00000|  0%| F|  |TAMS 0x0000000642800000, 0x0000000642800000| Untracked 
| 267|0x0000000642c00000, 0x0000000642c00000, 0x0000000643000000|  0%| F|  |TAMS 0x0000000642c00000, 0x0000000642c00000| Untracked 
| 268|0x0000000643000000, 0x0000000643000000, 0x0000000643400000|  0%| F|  |TAMS 0x0000000643000000, 0x0000000643000000| Untracked 
| 269|0x0000000643400000, 0x0000000643400000, 0x0000000643800000|  0%| F|  |TAMS 0x0000000643400000, 0x0000000643400000| Untracked 
| 270|0x0000000643800000, 0x0000000643800000, 0x0000000643c00000|  0%| F|  |TAMS 0x0000000643800000, 0x0000000643800000| Untracked 
| 271|0x0000000643c00000, 0x0000000643c00000, 0x0000000644000000|  0%| F|  |TAMS 0x0000000643c00000, 0x0000000643c00000| Untracked 
| 272|0x0000000644000000, 0x0000000644000000, 0x0000000644400000|  0%| F|  |TAMS 0x0000000644000000, 0x0000000644000000| Untracked 
| 273|0x0000000644400000, 0x0000000644400000, 0x0000000644800000|  0%| F|  |TAMS 0x0000000644400000, 0x0000000644400000| Untracked 
| 274|0x0000000644800000, 0x0000000644800000, 0x0000000644c00000|  0%| F|  |TAMS 0x0000000644800000, 0x0000000644800000| Untracked 
| 275|0x0000000644c00000, 0x0000000644c00000, 0x0000000645000000|  0%| F|  |TAMS 0x0000000644c00000, 0x0000000644c00000| Untracked 
| 276|0x0000000645000000, 0x0000000645000000, 0x0000000645400000|  0%| F|  |TAMS 0x0000000645000000, 0x0000000645000000| Untracked 
| 277|0x0000000645400000, 0x0000000645400000, 0x0000000645800000|  0%| F|  |TAMS 0x0000000645400000, 0x0000000645400000| Untracked 
| 278|0x0000000645800000, 0x0000000645800000, 0x0000000645c00000|  0%| F|  |TAMS 0x0000000645800000, 0x0000000645800000| Untracked 
| 279|0x0000000645c00000, 0x0000000645c00000, 0x0000000646000000|  0%| F|  |TAMS 0x0000000645c00000, 0x0000000645c00000| Untracked 
| 280|0x0000000646000000, 0x0000000646000000, 0x0000000646400000|  0%| F|  |TAMS 0x0000000646000000, 0x0000000646000000| Untracked 
| 281|0x0000000646400000, 0x0000000646400000, 0x0000000646800000|  0%| F|  |TAMS 0x0000000646400000, 0x0000000646400000| Untracked 
| 282|0x0000000646800000, 0x0000000646800000, 0x0000000646c00000|  0%| F|  |TAMS 0x0000000646800000, 0x0000000646800000| Untracked 
| 283|0x0000000646c00000, 0x0000000646c00000, 0x0000000647000000|  0%| F|  |TAMS 0x0000000646c00000, 0x0000000646c00000| Untracked 
| 284|0x0000000647000000, 0x0000000647000000, 0x0000000647400000|  0%| F|  |TAMS 0x0000000647000000, 0x0000000647000000| Untracked 
| 285|0x0000000647400000, 0x0000000647400000, 0x0000000647800000|  0%| F|  |TAMS 0x0000000647400000, 0x0000000647400000| Untracked 
| 286|0x0000000647800000, 0x0000000647800000, 0x0000000647c00000|  0%| F|  |TAMS 0x0000000647800000, 0x0000000647800000| Untracked 
| 287|0x0000000647c00000, 0x0000000647c00000, 0x0000000648000000|  0%| F|  |TAMS 0x0000000647c00000, 0x0000000647c00000| Untracked 
| 288|0x0000000648000000, 0x0000000648000000, 0x0000000648400000|  0%| F|  |TAMS 0x0000000648000000, 0x0000000648000000| Untracked 
| 289|0x0000000648400000, 0x0000000648400000, 0x0000000648800000|  0%| F|  |TAMS 0x0000000648400000, 0x0000000648400000| Untracked 
| 290|0x0000000648800000, 0x0000000648800000, 0x0000000648c00000|  0%| F|  |TAMS 0x0000000648800000, 0x0000000648800000| Untracked 
| 291|0x0000000648c00000, 0x0000000648c00000, 0x0000000649000000|  0%| F|  |TAMS 0x0000000648c00000, 0x0000000648c00000| Untracked 
| 292|0x0000000649000000, 0x0000000649000000, 0x0000000649400000|  0%| F|  |TAMS 0x0000000649000000, 0x0000000649000000| Untracked 
| 293|0x0000000649400000, 0x0000000649400000, 0x0000000649800000|  0%| F|  |TAMS 0x0000000649400000, 0x0000000649400000| Untracked 
| 294|0x0000000649800000, 0x0000000649800000, 0x0000000649c00000|  0%| F|  |TAMS 0x0000000649800000, 0x0000000649800000| Untracked 
| 295|0x0000000649c00000, 0x0000000649c00000, 0x000000064a000000|  0%| F|  |TAMS 0x0000000649c00000, 0x0000000649c00000| Untracked 
| 296|0x000000064a000000, 0x000000064a000000, 0x000000064a400000|  0%| F|  |TAMS 0x000000064a000000, 0x000000064a000000| Untracked 
| 297|0x000000064a400000, 0x000000064a400000, 0x000000064a800000|  0%| F|  |TAMS 0x000000064a400000, 0x000000064a400000| Untracked 
| 298|0x000000064a800000, 0x000000064a800000, 0x000000064ac00000|  0%| F|  |TAMS 0x000000064a800000, 0x000000064a800000| Untracked 
| 299|0x000000064ac00000, 0x000000064ac00000, 0x000000064b000000|  0%| F|  |TAMS 0x000000064ac00000, 0x000000064ac00000| Untracked 
| 300|0x000000064b000000, 0x000000064b000000, 0x000000064b400000|  0%| F|  |TAMS 0x000000064b000000, 0x000000064b000000| Untracked 
| 301|0x000000064b400000, 0x000000064b400000, 0x000000064b800000|  0%| F|  |TAMS 0x000000064b400000, 0x000000064b400000| Untracked 
| 302|0x000000064b800000, 0x000000064b800000, 0x000000064bc00000|  0%| F|  |TAMS 0x000000064b800000, 0x000000064b800000| Untracked 
| 303|0x000000064bc00000, 0x000000064bc00000, 0x000000064c000000|  0%| F|  |TAMS 0x000000064bc00000, 0x000000064bc00000| Untracked 
| 304|0x000000064c000000, 0x000000064c000000, 0x000000064c400000|  0%| F|  |TAMS 0x000000064c000000, 0x000000064c000000| Untracked 
| 305|0x000000064c400000, 0x000000064c400000, 0x000000064c800000|  0%| F|  |TAMS 0x000000064c400000, 0x000000064c400000| Untracked 
| 306|0x000000064c800000, 0x000000064c800000, 0x000000064cc00000|  0%| F|  |TAMS 0x000000064c800000, 0x000000064c800000| Untracked 
| 307|0x000000064cc00000, 0x000000064cc00000, 0x000000064d000000|  0%| F|  |TAMS 0x000000064cc00000, 0x000000064cc00000| Untracked 
| 308|0x000000064d000000, 0x000000064d000000, 0x000000064d400000|  0%| F|  |TAMS 0x000000064d000000, 0x000000064d000000| Untracked 
| 309|0x000000064d400000, 0x000000064d400000, 0x000000064d800000|  0%| F|  |TAMS 0x000000064d400000, 0x000000064d400000| Untracked 
| 310|0x000000064d800000, 0x000000064d800000, 0x000000064dc00000|  0%| F|  |TAMS 0x000000064d800000, 0x000000064d800000| Untracked 
| 311|0x000000064dc00000, 0x000000064dc00000, 0x000000064e000000|  0%| F|  |TAMS 0x000000064dc00000, 0x000000064dc00000| Untracked 
| 312|0x000000064e000000, 0x000000064e000000, 0x000000064e400000|  0%| F|  |TAMS 0x000000064e000000, 0x000000064e000000| Untracked 
| 313|0x000000064e400000, 0x000000064e400000, 0x000000064e800000|  0%| F|  |TAMS 0x000000064e400000, 0x000000064e400000| Untracked 
| 314|0x000000064e800000, 0x000000064e800000, 0x000000064ec00000|  0%| F|  |TAMS 0x000000064e800000, 0x000000064e800000| Untracked 
| 315|0x000000064ec00000, 0x000000064ec00000, 0x000000064f000000|  0%| F|  |TAMS 0x000000064ec00000, 0x000000064ec00000| Untracked 
| 316|0x000000064f000000, 0x000000064f000000, 0x000000064f400000|  0%| F|  |TAMS 0x000000064f000000, 0x000000064f000000| Untracked 
| 317|0x000000064f400000, 0x000000064f400000, 0x000000064f800000|  0%| F|  |TAMS 0x000000064f400000, 0x000000064f400000| Untracked 
| 318|0x000000064f800000, 0x000000064f800000, 0x000000064fc00000|  0%| F|  |TAMS 0x000000064f800000, 0x000000064f800000| Untracked 
| 319|0x000000064fc00000, 0x000000064fc00000, 0x0000000650000000|  0%| F|  |TAMS 0x000000064fc00000, 0x000000064fc00000| Untracked 
| 320|0x0000000650000000, 0x0000000650000000, 0x0000000650400000|  0%| F|  |TAMS 0x0000000650000000, 0x0000000650000000| Untracked 
| 321|0x0000000650400000, 0x0000000650400000, 0x0000000650800000|  0%| F|  |TAMS 0x0000000650400000, 0x0000000650400000| Untracked 
| 322|0x0000000650800000, 0x0000000650800000, 0x0000000650c00000|  0%| F|  |TAMS 0x0000000650800000, 0x0000000650800000| Untracked 
| 323|0x0000000650c00000, 0x0000000650c00000, 0x0000000651000000|  0%| F|  |TAMS 0x0000000650c00000, 0x0000000650c00000| Untracked 
| 324|0x0000000651000000, 0x0000000651000000, 0x0000000651400000|  0%| F|  |TAMS 0x0000000651000000, 0x0000000651000000| Untracked 
| 325|0x0000000651400000, 0x0000000651400000, 0x0000000651800000|  0%| F|  |TAMS 0x0000000651400000, 0x0000000651400000| Untracked 
| 326|0x0000000651800000, 0x0000000651800000, 0x0000000651c00000|  0%| F|  |TAMS 0x0000000651800000, 0x0000000651800000| Untracked 
| 327|0x0000000651c00000, 0x0000000651c00000, 0x0000000652000000|  0%| F|  |TAMS 0x0000000651c00000, 0x0000000651c00000| Untracked 
| 328|0x0000000652000000, 0x0000000652000000, 0x0000000652400000|  0%| F|  |TAMS 0x0000000652000000, 0x0000000652000000| Untracked 
| 329|0x0000000652400000, 0x0000000652400000, 0x0000000652800000|  0%| F|  |TAMS 0x0000000652400000, 0x0000000652400000| Untracked 
| 330|0x0000000652800000, 0x0000000652800000, 0x0000000652c00000|  0%| F|  |TAMS 0x0000000652800000, 0x0000000652800000| Untracked 
| 331|0x0000000652c00000, 0x0000000652c00000, 0x0000000653000000|  0%| F|  |TAMS 0x0000000652c00000, 0x0000000652c00000| Untracked 
| 332|0x0000000653000000, 0x0000000653000000, 0x0000000653400000|  0%| F|  |TAMS 0x0000000653000000, 0x0000000653000000| Untracked 
| 333|0x0000000653400000, 0x0000000653400000, 0x0000000653800000|  0%| F|  |TAMS 0x0000000653400000, 0x0000000653400000| Untracked 
| 334|0x0000000653800000, 0x0000000653800000, 0x0000000653c00000|  0%| F|  |TAMS 0x0000000653800000, 0x0000000653800000| Untracked 
| 335|0x0000000653c00000, 0x0000000653c00000, 0x0000000654000000|  0%| F|  |TAMS 0x0000000653c00000, 0x0000000653c00000| Untracked 
| 336|0x0000000654000000, 0x0000000654000000, 0x0000000654400000|  0%| F|  |TAMS 0x0000000654000000, 0x0000000654000000| Untracked 
| 337|0x0000000654400000, 0x0000000654400000, 0x0000000654800000|  0%| F|  |TAMS 0x0000000654400000, 0x0000000654400000| Untracked 
| 338|0x0000000654800000, 0x0000000654800000, 0x0000000654c00000|  0%| F|  |TAMS 0x0000000654800000, 0x0000000654800000| Untracked 
| 339|0x0000000654c00000, 0x0000000654c00000, 0x0000000655000000|  0%| F|  |TAMS 0x0000000654c00000, 0x0000000654c00000| Untracked 
| 340|0x0000000655000000, 0x0000000655000000, 0x0000000655400000|  0%| F|  |TAMS 0x0000000655000000, 0x0000000655000000| Untracked 
| 341|0x0000000655400000, 0x0000000655400000, 0x0000000655800000|  0%| F|  |TAMS 0x0000000655400000, 0x0000000655400000| Untracked 
| 342|0x0000000655800000, 0x0000000655800000, 0x0000000655c00000|  0%| F|  |TAMS 0x0000000655800000, 0x0000000655800000| Untracked 
| 343|0x0000000655c00000, 0x0000000655c00000, 0x0000000656000000|  0%| F|  |TAMS 0x0000000655c00000, 0x0000000655c00000| Untracked 
| 344|0x0000000656000000, 0x0000000656000000, 0x0000000656400000|  0%| F|  |TAMS 0x0000000656000000, 0x0000000656000000| Untracked 
| 345|0x0000000656400000, 0x0000000656400000, 0x0000000656800000|  0%| F|  |TAMS 0x0000000656400000, 0x0000000656400000| Untracked 
| 346|0x0000000656800000, 0x0000000656800000, 0x0000000656c00000|  0%| F|  |TAMS 0x0000000656800000, 0x0000000656800000| Untracked 
| 347|0x0000000656c00000, 0x0000000656c00000, 0x0000000657000000|  0%| F|  |TAMS 0x0000000656c00000, 0x0000000656c00000| Untracked 
| 348|0x0000000657000000, 0x0000000657000000, 0x0000000657400000|  0%| F|  |TAMS 0x0000000657000000, 0x0000000657000000| Untracked 
| 349|0x0000000657400000, 0x0000000657400000, 0x0000000657800000|  0%| F|  |TAMS 0x0000000657400000, 0x0000000657400000| Untracked 
| 350|0x0000000657800000, 0x0000000657800000, 0x0000000657c00000|  0%| F|  |TAMS 0x0000000657800000, 0x0000000657800000| Untracked 
| 351|0x0000000657c00000, 0x0000000657c00000, 0x0000000658000000|  0%| F|  |TAMS 0x0000000657c00000, 0x0000000657c00000| Untracked 
| 352|0x0000000658000000, 0x0000000658000000, 0x0000000658400000|  0%| F|  |TAMS 0x0000000658000000, 0x0000000658000000| Untracked 
| 353|0x0000000658400000, 0x0000000658400000, 0x0000000658800000|  0%| F|  |TAMS 0x0000000658400000, 0x0000000658400000| Untracked 
| 354|0x0000000658800000, 0x0000000658800000, 0x0000000658c00000|  0%| F|  |TAMS 0x0000000658800000, 0x0000000658800000| Untracked 
| 355|0x0000000658c00000, 0x0000000658c00000, 0x0000000659000000|  0%| F|  |TAMS 0x0000000658c00000, 0x0000000658c00000| Untracked 
| 356|0x0000000659000000, 0x0000000659000000, 0x0000000659400000|  0%| F|  |TAMS 0x0000000659000000, 0x0000000659000000| Untracked 
| 357|0x0000000659400000, 0x0000000659400000, 0x0000000659800000|  0%| F|  |TAMS 0x0000000659400000, 0x0000000659400000| Untracked 
| 358|0x0000000659800000, 0x0000000659800000, 0x0000000659c00000|  0%| F|  |TAMS 0x0000000659800000, 0x0000000659800000| Untracked 
| 359|0x0000000659c00000, 0x0000000659c00000, 0x000000065a000000|  0%| F|  |TAMS 0x0000000659c00000, 0x0000000659c00000| Untracked 
| 360|0x000000065a000000, 0x000000065a000000, 0x000000065a400000|  0%| F|  |TAMS 0x000000065a000000, 0x000000065a000000| Untracked 
| 361|0x000000065a400000, 0x000000065a400000, 0x000000065a800000|  0%| F|  |TAMS 0x000000065a400000, 0x000000065a400000| Untracked 
| 362|0x000000065a800000, 0x000000065a800000, 0x000000065ac00000|  0%| F|  |TAMS 0x000000065a800000, 0x000000065a800000| Untracked 
| 363|0x000000065ac00000, 0x000000065ac00000, 0x000000065b000000|  0%| F|  |TAMS 0x000000065ac00000, 0x000000065ac00000| Untracked 
| 364|0x000000065b000000, 0x000000065b000000, 0x000000065b400000|  0%| F|  |TAMS 0x000000065b000000, 0x000000065b000000| Untracked 
| 365|0x000000065b400000, 0x000000065b400000, 0x000000065b800000|  0%| F|  |TAMS 0x000000065b400000, 0x000000065b400000| Untracked 
| 366|0x000000065b800000, 0x000000065b800000, 0x000000065bc00000|  0%| F|  |TAMS 0x000000065b800000, 0x000000065b800000| Untracked 
| 367|0x000000065bc00000, 0x000000065bc00000, 0x000000065c000000|  0%| F|  |TAMS 0x000000065bc00000, 0x000000065bc00000| Untracked 
| 368|0x000000065c000000, 0x000000065c000000, 0x000000065c400000|  0%| F|  |TAMS 0x000000065c000000, 0x000000065c000000| Untracked 
| 369|0x000000065c400000, 0x000000065c400000, 0x000000065c800000|  0%| F|  |TAMS 0x000000065c400000, 0x000000065c400000| Untracked 
| 370|0x000000065c800000, 0x000000065c800000, 0x000000065cc00000|  0%| F|  |TAMS 0x000000065c800000, 0x000000065c800000| Untracked 
| 371|0x000000065cc00000, 0x000000065cc00000, 0x000000065d000000|  0%| F|  |TAMS 0x000000065cc00000, 0x000000065cc00000| Untracked 
| 372|0x000000065d000000, 0x000000065d000000, 0x000000065d400000|  0%| F|  |TAMS 0x000000065d000000, 0x000000065d000000| Untracked 
| 373|0x000000065d400000, 0x000000065d400000, 0x000000065d800000|  0%| F|  |TAMS 0x000000065d400000, 0x000000065d400000| Untracked 

Card table byte_map: [0x00000219e1010000,0x00000219e2010000] _byte_map_base: 0x00000219de010000

Marking Bits (Prev, Next): (CMBitMap*) 0x00000219d87f7ed0, (CMBitMap*) 0x00000219d87f7e90
 Prev Bits: [0x00000219eb010000, 0x00000219f3010000)
 Next Bits: [0x00000219e3010000, 0x00000219eb010000)

Polling page: 0x00000219d68e0000

Metaspace:

Usage:
  Non-class:    136.08 MB used.
      Class:     20.64 MB used.
       Both:    156.72 MB used.

Virtual space:
  Non-class space:      192.00 MB reserved,     136.81 MB ( 71%) committed,  3 nodes.
      Class space:        1.00 GB reserved,      21.19 MB (  2%) committed,  1 nodes.
             Both:        1.19 GB reserved,     158.00 MB ( 13%) committed. 

Chunk freelists:
   Non-Class:  7.17 MB
       Class:  10.69 MB
        Both:  17.86 MB

MaxMetaspaceSize: 4.00 GB
CompressedClassSpaceSize: 1.00 GB
Initial GC threshold: 21.00 MB
Current GC threshold: 262.12 MB
CDS: on
MetaspaceReclaimPolicy: balanced
 - commit_granule_bytes: 65536.
 - commit_granule_words: 8192.
 - virtual_space_node_default_size: 8388608.
 - enlarge_chunks_in_place: 1.
 - new_chunks_are_fully_committed: 0.
 - uncommit_free_chunks: 1.
 - use_allocation_guard: 0.
 - handle_deallocations: 1.


Internal statistics:

num_allocs_failed_limit: 128.
num_arena_births: 1792.
num_arena_deaths: 0.
num_vsnodes_births: 4.
num_vsnodes_deaths: 0.
num_space_committed: 2526.
num_space_uncommitted: 0.
num_chunks_returned_to_freelist: 128.
num_chunks_taken_from_freelist: 8504.
num_chunk_merges: 125.
num_chunk_splits: 6055.
num_chunks_enlarged: 4314.
num_inconsistent_stats: 0.

CodeHeap 'non-profiled nmethods': size=259328Kb used=12322Kb max_used=12322Kb free=247005Kb
 bounds [0x00000219902c0000, 0x0000021990ed0000, 0x00000219a0000000]
CodeHeap 'profiled nmethods': size=259264Kb used=33231Kb max_used=33231Kb free=226032Kb
 bounds [0x0000021980000000, 0x0000021982080000, 0x000002198fd30000]
CodeHeap 'non-nmethods': size=5696Kb used=2610Kb max_used=2662Kb free=3085Kb
 bounds [0x000002198fd30000, 0x000002198ffd0000, 0x00000219902c0000]
 total_blobs=17277 nmethods=16089 adapters=1097
 compilation: enabled
              stopped_count=0, restarted_count=0
 full_count=0

Compilation events (20 events):
Event: 622.469 Thread 0x00000219f529d8f0 19172       4       org.gradle.internal.component.model.DefaultExternalModuleComponentGraphResolveState$ExternalArtifactResolveMetadata::getModuleVersionId (10 bytes)
Event: 622.471 Thread 0x00000219f529d8f0 nmethod 19172 0x0000021990ec6010 code [0x0000021990ec6180, 0x0000021990ec6238]
Event: 622.498 Thread 0x00000219f529d8f0 19173       4       java.util.stream.PipelineHelper::<init> (5 bytes)
Event: 622.499 Thread 0x00000219f529d8f0 nmethod 19173 0x0000021990ec6310 code [0x0000021990ec6480, 0x0000021990ec64f8]
Event: 622.501 Thread 0x00000219f5310f00 19174       3       org.gradle.internal.resources.DefaultResourceLockCoordinationService::startOperation (49 bytes)
Event: 622.503 Thread 0x00000219f5310f00 nmethod 19174 0x0000021982073210 code [0x00000219820733c0, 0x0000021982073748]
Event: 622.503 Thread 0x00000219f5310f00 19175       3       org.gradle.internal.resources.DefaultResourceLockCoordinationService::maybeNotifyStateChange (94 bytes)
Event: 622.505 Thread 0x00000219f5310f00 nmethod 19175 0x0000021982073890 code [0x0000021982073b20, 0x00000219820748e8]
Event: 622.505 Thread 0x00000219f5310f00 19176       3       org.gradle.internal.resources.DefaultResourceLockCoordinationService::finishOperation (38 bytes)
Event: 622.506 Thread 0x00000219f5310f00 nmethod 19176 0x0000021982074d90 code [0x0000021982074f40, 0x0000021982075248]
Event: 623.060 Thread 0x00000219f5310f00 19177       3       org.gradle.internal.jvm.Jvm::current (44 bytes)
Event: 623.077 Thread 0x00000219f5310f00 nmethod 19177 0x0000021982075390 code [0x00000219820756a0, 0x0000021982076808]
Event: 623.578 Thread 0x00000219f529d8f0 19178       4       org.gradle.internal.vfs.impl.AbstractVirtualFileSystem::updateRootUnderLock (12 bytes)
Event: 623.598 Thread 0x00000219f529d8f0 nmethod 19178 0x0000021990ec6610 code [0x0000021990ec67e0, 0x0000021990ec6eb0]
Event: 623.598 Thread 0x00000219f529d8f0 19179       4       org.gradle.internal.snapshot.AbstractFileSystemLocationSnapshot::rootSnapshots (5 bytes)
Event: 623.601 Thread 0x00000219f529d8f0 nmethod 19179 0x0000021990ec7410 code [0x0000021990ec75a0, 0x0000021990ec7718]
Event: 623.652 Thread 0x00000219f529d8f0 19180       4       org.gradle.internal.serialize.BaseSerializerFactory$FileSerializer::write (10 bytes)
Event: 623.680 Thread 0x00000219f529d8f0 nmethod 19180 0x0000021990ec7890 code [0x0000021990ec7a40, 0x0000021990ec8178]
Event: 623.776 Thread 0x00000219f529d8f0 19181       4       org.gradle.internal.vfs.impl.DefaultFileSystemAccess$$Lambda$477/0x00000219f74a1230::get (12 bytes)
Event: 623.777 Thread 0x00000219f529d8f0 nmethod 19181 0x0000021990ec8590 code [0x0000021990ec8720, 0x0000021990ec87e8]

GC Heap History (20 events):
Event: 503.896 GC heap after
{Heap after GC invocations=112 (full 0):
 garbage-first heap   total 827392K, used 247236K [0x0000000600000000, 0x0000000800000000)
  region size 4096K, 2 young (8192K), 2 survivors (8192K)
 Metaspace       used 159713K, committed 160960K, reserved 1245184K
  class space    used 21009K, committed 21568K, reserved 1048576K
}
Event: 513.282 GC heap before
{Heap before GC invocations=113 (full 0):
 garbage-first heap   total 827392K, used 275908K [0x0000000600000000, 0x0000000800000000)
  region size 4096K, 10 young (40960K), 2 survivors (8192K)
 Metaspace       used 159722K, committed 161024K, reserved 1245184K
  class space    used 21009K, committed 21568K, reserved 1048576K
}
Event: 513.389 GC heap after
{Heap after GC invocations=114 (full 0):
 garbage-first heap   total 827392K, used 250888K [0x0000000600000000, 0x0000000800000000)
  region size 4096K, 2 young (8192K), 2 survivors (8192K)
 Metaspace       used 159722K, committed 161024K, reserved 1245184K
  class space    used 21009K, committed 21568K, reserved 1048576K
}
Event: 518.071 GC heap before
{Heap before GC invocations=114 (full 0):
 garbage-first heap   total 827392K, used 279560K [0x0000000600000000, 0x0000000800000000)
  region size 4096K, 10 young (40960K), 2 survivors (8192K)
 Metaspace       used 159722K, committed 161024K, reserved 1245184K
  class space    used 21009K, committed 21568K, reserved 1048576K
}
Event: 518.433 GC heap after
{Heap after GC invocations=115 (full 0):
 garbage-first heap   total 827392K, used 249489K [0x0000000600000000, 0x0000000800000000)
  region size 4096K, 2 young (8192K), 2 survivors (8192K)
 Metaspace       used 159722K, committed 161024K, reserved 1245184K
  class space    used 21009K, committed 21568K, reserved 1048576K
}
Event: 529.873 GC heap before
{Heap before GC invocations=115 (full 0):
 garbage-first heap   total 827392K, used 282257K [0x0000000600000000, 0x0000000800000000)
  region size 4096K, 10 young (40960K), 2 survivors (8192K)
 Metaspace       used 159722K, committed 161024K, reserved 1245184K
  class space    used 21009K, committed 21568K, reserved 1048576K
}
Event: 530.181 GC heap after
{Heap after GC invocations=116 (full 0):
 garbage-first heap   total 1531904K, used 249986K [0x0000000600000000, 0x0000000800000000)
  region size 4096K, 1 young (4096K), 1 survivors (4096K)
 Metaspace       used 159722K, committed 161024K, reserved 1245184K
  class space    used 21009K, committed 21568K, reserved 1048576K
}
Event: 586.164 GC heap before
{Heap before GC invocations=117 (full 0):
 garbage-first heap   total 860160K, used 315522K [0x0000000600000000, 0x0000000800000000)
  region size 4096K, 18 young (73728K), 1 survivors (4096K)
 Metaspace       used 160008K, committed 161280K, reserved 1245184K
  class space    used 21057K, committed 21632K, reserved 1048576K
}
Event: 586.218 GC heap after
{Heap after GC invocations=118 (full 0):
 garbage-first heap   total 860160K, used 258636K [0x0000000600000000, 0x0000000800000000)
  region size 4096K, 3 young (12288K), 3 survivors (12288K)
 Metaspace       used 160008K, committed 161280K, reserved 1245184K
  class space    used 21057K, committed 21632K, reserved 1048576K
}
Event: 592.039 GC heap before
{Heap before GC invocations=118 (full 0):
 garbage-first heap   total 860160K, used 287308K [0x0000000600000000, 0x0000000800000000)
  region size 4096K, 10 young (40960K), 3 survivors (12288K)
 Metaspace       used 160159K, committed 161408K, reserved 1245184K
  class space    used 21079K, committed 21632K, reserved 1048576K
}
Event: 592.320 GC heap after
{Heap after GC invocations=119 (full 0):
 garbage-first heap   total 860160K, used 258392K [0x0000000600000000, 0x0000000800000000)
  region size 4096K, 2 young (8192K), 2 survivors (8192K)
 Metaspace       used 160159K, committed 161408K, reserved 1245184K
  class space    used 21079K, committed 21632K, reserved 1048576K
}
Event: 596.062 GC heap before
{Heap before GC invocations=119 (full 0):
 garbage-first heap   total 860160K, used 287064K [0x0000000600000000, 0x0000000800000000)
  region size 4096K, 10 young (40960K), 2 survivors (8192K)
 Metaspace       used 160160K, committed 161408K, reserved 1245184K
  class space    used 21079K, committed 21632K, reserved 1048576K
}
Event: 596.250 GC heap after
{Heap after GC invocations=120 (full 0):
 garbage-first heap   total 860160K, used 260411K [0x0000000600000000, 0x0000000800000000)
  region size 4096K, 1 young (4096K), 1 survivors (4096K)
 Metaspace       used 160160K, committed 161408K, reserved 1245184K
  class space    used 21079K, committed 21632K, reserved 1048576K
}
Event: 604.461 GC heap before
{Heap before GC invocations=120 (full 0):
 garbage-first heap   total 860160K, used 297275K [0x0000000600000000, 0x0000000800000000)
  region size 4096K, 10 young (40960K), 1 survivors (4096K)
 Metaspace       used 160265K, committed 161536K, reserved 1245184K
  class space    used 21095K, committed 21696K, reserved 1048576K
}
Event: 604.490 GC heap after
{Heap after GC invocations=121 (full 0):
 garbage-first heap   total 860160K, used 261353K [0x0000000600000000, 0x0000000800000000)
  region size 4096K, 2 young (8192K), 2 survivors (8192K)
 Metaspace       used 160265K, committed 161536K, reserved 1245184K
  class space    used 21095K, committed 21696K, reserved 1048576K
}
Event: 607.731 GC heap before
{Heap before GC invocations=121 (full 0):
 garbage-first heap   total 860160K, used 290025K [0x0000000600000000, 0x0000000800000000)
  region size 4096K, 10 young (40960K), 2 survivors (8192K)
 Metaspace       used 160265K, committed 161536K, reserved 1245184K
  class space    used 21095K, committed 21696K, reserved 1048576K
}
Event: 607.764 GC heap after
{Heap after GC invocations=122 (full 0):
 garbage-first heap   total 860160K, used 263885K [0x0000000600000000, 0x0000000800000000)
  region size 4096K, 2 young (8192K), 2 survivors (8192K)
 Metaspace       used 160265K, committed 161536K, reserved 1245184K
  class space    used 21095K, committed 21696K, reserved 1048576K
}
Event: 611.412 GC heap before
{Heap before GC invocations=122 (full 0):
 garbage-first heap   total 860160K, used 296653K [0x0000000600000000, 0x0000000800000000)
  region size 4096K, 10 young (40960K), 2 survivors (8192K)
 Metaspace       used 160265K, committed 161536K, reserved 1245184K
  class space    used 21095K, committed 21696K, reserved 1048576K
}
Event: 611.515 GC heap after
{Heap after GC invocations=123 (full 0):
 garbage-first heap   total 860160K, used 264497K [0x0000000600000000, 0x0000000800000000)
  region size 4096K, 1 young (4096K), 1 survivors (4096K)
 Metaspace       used 160265K, committed 161536K, reserved 1245184K
  class space    used 21095K, committed 21696K, reserved 1048576K
}
Event: 623.817 GC heap before
{Heap before GC invocations=123 (full 0):
 garbage-first heap   total 860160K, used 354609K [0x0000000600000000, 0x0000000800000000)
  region size 4096K, 24 young (98304K), 1 survivors (4096K)
 Metaspace       used 160477K, committed 161792K, reserved 1245184K
  class space    used 21130K, committed 21696K, reserved 1048576K
}

Deoptimization events (20 events):
Event: 581.190 Thread 0x0000021a3bab9360 Uncommon trap: trap_request=0xffffff45 fr.pc=0x0000021990afc76c relative=0x0000000000001d0c
Event: 581.190 Thread 0x0000021a3bab9360 Uncommon trap: reason=unstable_if action=reinterpret pc=0x0000021990afc76c method=groovy.lang.MetaClassImpl.filterPropertyMethod(Ljava/lang/Object;ZZ)Ljava/lang/Object; @ 72 c2
Event: 581.190 Thread 0x0000021a3bab9360 DEOPT PACKING pc=0x0000021990afc76c sp=0x000000a82b7f4160
Event: 581.190 Thread 0x0000021a3bab9360 DEOPT UNPACKING pc=0x000002198fd823a3 sp=0x000000a82b7f4120 mode 2
Event: 585.536 Thread 0x0000021a3bab9360 DEOPT PACKING pc=0x0000021980dc0a96 sp=0x000000a82b7f9840
Event: 585.536 Thread 0x0000021a3bab9360 DEOPT UNPACKING pc=0x000002198fd82b43 sp=0x000000a82b7f8c98 mode 0
Event: 616.812 Thread 0x0000021a3bab9360 DEOPT PACKING pc=0x0000021981531e94 sp=0x000000a82b7f93e0
Event: 616.813 Thread 0x0000021a3bab9360 DEOPT UNPACKING pc=0x000002198fd82b43 sp=0x000000a82b7f8840 mode 0
Event: 617.761 Thread 0x0000021a3f9c34c0 DEOPT PACKING pc=0x00000219815f4094 sp=0x000000a82daff480
Event: 617.767 Thread 0x0000021a3f9c34c0 DEOPT UNPACKING pc=0x000002198fd82b43 sp=0x000000a82dafe940 mode 0
Event: 617.800 Thread 0x0000021a3bab9360 Uncommon trap: trap_request=0xffffff45 fr.pc=0x0000021990aedaa0 relative=0x0000000000001460
Event: 617.800 Thread 0x0000021a3bab9360 Uncommon trap: reason=unstable_if action=reinterpret pc=0x0000021990aedaa0 method=java.util.concurrent.ConcurrentHashMap.putVal(Ljava/lang/Object;Ljava/lang/Object;Z)Ljava/lang/Object; @ 197 c2
Event: 617.800 Thread 0x0000021a3bab9360 DEOPT PACKING pc=0x0000021990aedaa0 sp=0x000000a82b7f8940
Event: 617.886 Thread 0x0000021a3bab9360 DEOPT UNPACKING pc=0x000002198fd823a3 sp=0x000000a82b7f88c0 mode 2
Event: 622.429 Thread 0x0000021a401679b0 DEOPT PACKING pc=0x00000219815f4094 sp=0x000000a82ddff300
Event: 622.429 Thread 0x0000021a401679b0 DEOPT UNPACKING pc=0x000002198fd82b43 sp=0x000000a82ddfe7c0 mode 0
Event: 622.492 Thread 0x0000021a4016ac50 DEOPT PACKING pc=0x00000219815f4094 sp=0x000000a82deff4e0
Event: 622.499 Thread 0x0000021a4016ac50 DEOPT UNPACKING pc=0x000002198fd82b43 sp=0x000000a82defe9a0 mode 0
Event: 622.776 Thread 0x0000021a4016cab0 DEOPT PACKING pc=0x00000219815f4094 sp=0x000000a82dfff450
Event: 622.776 Thread 0x0000021a4016cab0 DEOPT UNPACKING pc=0x000002198fd82b43 sp=0x000000a82dffe910 mode 0

Classes unloaded (0 events):
No events

Classes redefined (0 events):
No events

Internal exceptions (20 events):
Event: 582.191 Thread 0x0000021a3bab9360 Exception <a 'java/lang/ClassNotFoundException'{0x0000000630c5dd90}: com/android/build/gradle/internal/dsl/CmakeOptionsBeanInfo> (0x0000000630c5dd90) 
thrown [s\open\src\hotspot\share\classfile\systemDictionary.cpp, line 256]
Event: 582.192 Thread 0x0000021a3bab9360 Exception <a 'java/lang/ClassNotFoundException'{0x0000000630c6bce8}: com/android/build/gradle/internal/dsl/CmakeOptionsCustomizer> (0x0000000630c6bce8) 
thrown [s\open\src\hotspot\share\classfile\systemDictionary.cpp, line 256]
Event: 582.205 Thread 0x0000021a3bab9360 Exception <a 'java/lang/ClassNotFoundException'{0x0000000630c7e410}: com/android/build/gradle/internal/dsl/CmakeOptions$AgpDecoratedCustomizer> (0x0000000630c7e410) 
thrown [s\open\src\hotspot\share\classfile\systemDictionary.cpp, line 256]
Event: 582.221 Thread 0x0000021a3bab9360 Exception <a 'java/lang/ClassNotFoundException'{0x0000000630c933b8}: com/android/build/gradle/internal/dsl/CmakeOptions$AgpDecorated_DecoratedCustomizer> (0x0000000630c933b8) 
thrown [s\open\src\hotspot\share\classfile\systemDictionary.cpp, line 256]
Event: 586.513 Thread 0x0000021a3bab9360 Exception <a 'java/lang/ClassNotFoundException'{0x000000065d654ad0}: build_bmu2in1hwqq7ex1tha9u1uilxBeanInfo> (0x000000065d654ad0) 
thrown [s\open\src\hotspot\share\classfile\systemDictionary.cpp, line 256]
Event: 586.514 Thread 0x0000021a3bab9360 Exception <a 'java/lang/ClassNotFoundException'{0x000000065d65cd50}: build_bmu2in1hwqq7ex1tha9u1uilxCustomizer> (0x000000065d65cd50) 
thrown [s\open\src\hotspot\share\classfile\systemDictionary.cpp, line 256]
Event: 586.747 Thread 0x0000021a3bab9360 Exception <a 'java/lang/ClassNotFoundException'{0x000000065d75b9b0}: build_bmu2in1hwqq7ex1tha9u1uilxBeanInfo> (0x000000065d75b9b0) 
thrown [s\open\src\hotspot\share\classfile\systemDictionary.cpp, line 256]
Event: 586.748 Thread 0x0000021a3bab9360 Exception <a 'java/lang/ClassNotFoundException'{0x000000065d762ed8}: build_bmu2in1hwqq7ex1tha9u1uilxCustomizer> (0x000000065d762ed8) 
thrown [s\open\src\hotspot\share\classfile\systemDictionary.cpp, line 256]
Event: 588.819 Thread 0x0000021a3bab9360 Exception <a 'java/lang/ClassNotFoundException'{0x0000000633e00618}: build_59uh3cc1h0y41d7mrbg7en9qoBeanInfo> (0x0000000633e00618) 
thrown [s\open\src\hotspot\share\classfile\systemDictionary.cpp, line 256]
Event: 588.833 Thread 0x0000021a3bab9360 Exception <a 'java/lang/ClassNotFoundException'{0x0000000633e07ba8}: build_59uh3cc1h0y41d7mrbg7en9qoCustomizer> (0x0000000633e07ba8) 
thrown [s\open\src\hotspot\share\classfile\systemDictionary.cpp, line 256]
Event: 601.547 Thread 0x0000021a3bab9360 Exception <a 'java/lang/ClassNotFoundException'{0x0000000632d2e588}: build_59uh3cc1h0y41d7mrbg7en9qoBeanInfo> (0x0000000632d2e588) 
thrown [s\open\src\hotspot\share\classfile\systemDictionary.cpp, line 256]
Event: 601.549 Thread 0x0000021a3bab9360 Exception <a 'java/lang/ClassNotFoundException'{0x0000000632d35ab0}: build_59uh3cc1h0y41d7mrbg7en9qoCustomizer> (0x0000000632d35ab0) 
thrown [s\open\src\hotspot\share\classfile\systemDictionary.cpp, line 256]
Event: 602.613 Thread 0x0000021a3bab9360 Exception <a 'java/lang/ClassNotFoundException'{0x0000000632bb9bb0}: build_dxydo5wgwf3y7ats60xi8i3xpBeanInfo> (0x0000000632bb9bb0) 
thrown [s\open\src\hotspot\share\classfile\systemDictionary.cpp, line 256]
Event: 602.614 Thread 0x0000021a3bab9360 Exception <a 'java/lang/ClassNotFoundException'{0x0000000632bc1140}: build_dxydo5wgwf3y7ats60xi8i3xpCustomizer> (0x0000000632bc1140) 
thrown [s\open\src\hotspot\share\classfile\systemDictionary.cpp, line 256]
Event: 615.435 Thread 0x0000021a3bab9360 Exception <a 'java/lang/ClassNotFoundException'{0x0000000631c22958}: build_dxydo5wgwf3y7ats60xi8i3xpBeanInfo> (0x0000000631c22958) 
thrown [s\open\src\hotspot\share\classfile\systemDictionary.cpp, line 256]
Event: 615.436 Thread 0x0000021a3bab9360 Exception <a 'java/lang/ClassNotFoundException'{0x0000000631c29e80}: build_dxydo5wgwf3y7ats60xi8i3xpCustomizer> (0x0000000631c29e80) 
thrown [s\open\src\hotspot\share\classfile\systemDictionary.cpp, line 256]
Event: 616.844 Thread 0x0000021a3bab9360 Exception <a 'java/lang/ClassNotFoundException'{0x0000000631a864e8}: build_cop7eto8i9akc2t6m6urd0g3yBeanInfo> (0x0000000631a864e8) 
thrown [s\open\src\hotspot\share\classfile\systemDictionary.cpp, line 256]
Event: 616.858 Thread 0x0000021a3bab9360 Exception <a 'java/lang/ClassNotFoundException'{0x0000000631a8da78}: build_cop7eto8i9akc2t6m6urd0g3yCustomizer> (0x0000000631a8da78) 
thrown [s\open\src\hotspot\share\classfile\systemDictionary.cpp, line 256]
Event: 618.186 Thread 0x0000021a3bab9360 Exception <a 'java/lang/ClassNotFoundException'{0x0000000630e2cc78}: build_cop7eto8i9akc2t6m6urd0g3yBeanInfo> (0x0000000630e2cc78) 
thrown [s\open\src\hotspot\share\classfile\systemDictionary.cpp, line 256]
Event: 618.187 Thread 0x0000021a3bab9360 Exception <a 'java/lang/ClassNotFoundException'{0x0000000630e341a0}: build_cop7eto8i9akc2t6m6urd0g3yCustomizer> (0x0000000630e341a0) 
thrown [s\open\src\hotspot\share\classfile\systemDictionary.cpp, line 256]

VM Operations (20 events):
Event: 612.533 Executing VM operation: Cleanup done
Event: 615.561 Executing VM operation: Cleanup
Event: 615.562 Executing VM operation: Cleanup done
Event: 616.566 Executing VM operation: Cleanup
Event: 616.569 Executing VM operation: Cleanup done
Event: 617.589 Executing VM operation: Cleanup
Event: 617.597 Executing VM operation: Cleanup done
Event: 618.606 Executing VM operation: Cleanup
Event: 618.658 Executing VM operation: Cleanup done
Event: 619.666 Executing VM operation: Cleanup
Event: 619.682 Executing VM operation: Cleanup done
Event: 620.684 Executing VM operation: Cleanup
Event: 620.685 Executing VM operation: Cleanup done
Event: 621.693 Executing VM operation: Cleanup
Event: 621.695 Executing VM operation: Cleanup done
Event: 622.709 Executing VM operation: Cleanup
Event: 622.711 Executing VM operation: Cleanup done
Event: 623.724 Executing VM operation: Cleanup
Event: 623.725 Executing VM operation: Cleanup done
Event: 623.817 Executing VM operation: G1CollectForAllocation

Events (20 events):
Event: 444.620 Thread 0x00000219f5313430 flushing nmethod 0x000002198036fb90
Event: 444.621 Thread 0x00000219f5313430 flushing nmethod 0x0000021980456710
Event: 444.645 Thread 0x00000219f5313430 flushing nmethod 0x00000219818a1a10
Event: 444.646 Thread 0x00000219f5313430 flushing nmethod 0x00000219819a9b90
Event: 444.647 Thread 0x00000219f5313430 flushing nmethod 0x00000219819e1010
Event: 456.142 loading class java/util/Vector$Itr
Event: 456.147 loading class java/util/Vector$Itr done
Event: 465.208 loading class java/nio/channels/Channels$1
Event: 465.221 loading class java/nio/channels/Channels$1 done
Event: 465.397 loading class java/util/zip/ZipInputStream
Event: 465.425 loading class java/util/zip/ZipInputStream done
Event: 466.118 loading class java/io/CharArrayWriter
Event: 466.131 loading class java/io/CharArrayWriter done
Event: 470.772 Thread 0x0000021a46e9ffc0 Thread added: 0x0000021a46e9ffc0
Event: 475.237 loading class java/nio/file/StandardCopyOption
Event: 475.247 loading class java/nio/file/StandardCopyOption done
Event: 475.248 loading class sun/nio/fs/WindowsFileCopy
Event: 475.264 loading class sun/nio/fs/WindowsFileCopy done
Event: 537.289 Thread 0x0000021a46e9ffc0 Thread exited: 0x0000021a46e9ffc0
Event: 594.186 Thread 0x0000021a46ea46a0 Thread added: 0x0000021a46ea46a0


Dynamic libraries:
0x00007ff6fba30000 - 0x00007ff6fba40000 	C:\Program Files\Java\jdk-17\bin\java.exe
0x00007ffe4e8b0000 - 0x00007ffe4eaa8000 	C:\Windows\SYSTEM32\ntdll.dll
0x00007ffe4e320000 - 0x00007ffe4e3e2000 	C:\Windows\System32\KERNEL32.DLL
0x00007ffe4c370000 - 0x00007ffe4c666000 	C:\Windows\System32\KERNELBASE.dll
0x00007ffe4c270000 - 0x00007ffe4c370000 	C:\Windows\System32\ucrtbase.dll
0x00007ffe05990000 - 0x00007ffe059ab000 	C:\Program Files\Java\jdk-17\bin\VCRUNTIME140.dll
0x00007ffe059b0000 - 0x00007ffe059c9000 	C:\Program Files\Java\jdk-17\bin\jli.dll
0x00007ffe4db90000 - 0x00007ffe4dc41000 	C:\Windows\System32\ADVAPI32.dll
0x00007ffe4d760000 - 0x00007ffe4d7fe000 	C:\Windows\System32\msvcrt.dll
0x00007ffe4d9b0000 - 0x00007ffe4da4f000 	C:\Windows\System32\sechost.dll
0x00007ffe4d480000 - 0x00007ffe4d5a0000 	C:\Windows\System32\RPCRT4.dll
0x00007ffe4c6c0000 - 0x00007ffe4c6e7000 	C:\Windows\System32\bcrypt.dll
0x00007ffe4e170000 - 0x00007ffe4e311000 	C:\Windows\System32\USER32.dll
0x00007ffe4c8a0000 - 0x00007ffe4c8c2000 	C:\Windows\System32\win32u.dll
0x00007ffe4e0c0000 - 0x00007ffe4e0eb000 	C:\Windows\System32\GDI32.dll
0x00007ffe4bf40000 - 0x00007ffe4c059000 	C:\Windows\System32\gdi32full.dll
0x00007ffe4c6f0000 - 0x00007ffe4c78d000 	C:\Windows\System32\msvcp_win.dll
0x00007ffe3d650000 - 0x00007ffe3d8eb000 	C:\Windows\WinSxS\amd64_microsoft.windows.common-controls_6595b64144ccf1df_6.0.19041.6456_none_60b8a6cb71f64256\COMCTL32.dll
0x00007ffe44a50000 - 0x00007ffe44a5a000 	C:\Windows\SYSTEM32\VERSION.dll
0x00007ffe4d5a0000 - 0x00007ffe4d5cf000 	C:\Windows\System32\IMM32.DLL
0x00007ffe252d0000 - 0x00007ffe252dc000 	C:\Program Files\Java\jdk-17\bin\vcruntime140_1.dll
0x00007ffe05900000 - 0x00007ffe0598e000 	C:\Program Files\Java\jdk-17\bin\msvcp140.dll
0x00007ffe04d20000 - 0x00007ffe05900000 	C:\Program Files\Java\jdk-17\bin\server\jvm.dll
0x00007ffe4e750000 - 0x00007ffe4e758000 	C:\Windows\System32\PSAPI.DLL
0x00007ffe424a0000 - 0x00007ffe424c7000 	C:\Windows\SYSTEM32\WINMM.dll
0x00007ffe252b0000 - 0x00007ffe252b9000 	C:\Windows\SYSTEM32\WSOCK32.dll
0x00007ffe4d8e0000 - 0x00007ffe4d94b000 	C:\Windows\System32\WS2_32.dll
0x00007ffe49db0000 - 0x00007ffe49dc2000 	C:\Windows\SYSTEM32\kernel.appcore.dll
0x00007ffe20210000 - 0x00007ffe2021a000 	C:\Program Files\Java\jdk-17\bin\jimage.dll
0x00007ffe357b0000 - 0x00007ffe359b1000 	C:\Windows\SYSTEM32\DBGHELP.DLL
0x00007ffe35740000 - 0x00007ffe35774000 	C:\Windows\SYSTEM32\dbgcore.DLL
0x00007ffe4c790000 - 0x00007ffe4c812000 	C:\Windows\System32\bcryptPrimitives.dll
0x00007ffe487d0000 - 0x00007ffe487de000 	C:\Program Files\Java\jdk-17\bin\instrument.dll
0x00007ffe201e0000 - 0x00007ffe20205000 	C:\Program Files\Java\jdk-17\bin\java.dll
0x00007ffe06250000 - 0x00007ffe06327000 	C:\Program Files\Java\jdk-17\bin\jsvml.dll
0x00007ffe4c960000 - 0x00007ffe4d0d0000 	C:\Windows\System32\SHELL32.dll
0x00007ffe49fb0000 - 0x00007ffe4a755000 	C:\Windows\SYSTEM32\windows.storage.dll
0x00007ffe4e3f0000 - 0x00007ffe4e744000 	C:\Windows\System32\combase.dll
0x00007ffe4b890000 - 0x00007ffe4b8bb000 	C:\Windows\SYSTEM32\Wldp.dll
0x00007ffe4d800000 - 0x00007ffe4d8cd000 	C:\Windows\System32\OLEAUT32.dll
0x00007ffe4e7c0000 - 0x00007ffe4e86d000 	C:\Windows\System32\SHCORE.dll
0x00007ffe4d650000 - 0x00007ffe4d6ab000 	C:\Windows\System32\shlwapi.dll
0x00007ffe4be70000 - 0x00007ffe4be94000 	C:\Windows\SYSTEM32\profapi.dll
0x00007ffe060c0000 - 0x00007ffe060d8000 	C:\Program Files\Java\jdk-17\bin\zip.dll
0x00007ffe07320000 - 0x00007ffe07339000 	C:\Program Files\Java\jdk-17\bin\net.dll
0x00007ffe43a60000 - 0x00007ffe43b6a000 	C:\Windows\SYSTEM32\WINHTTP.dll
0x00007ffe4b5f0000 - 0x00007ffe4b65a000 	C:\Windows\system32\mswsock.dll
0x00007ffe06150000 - 0x00007ffe06166000 	C:\Program Files\Java\jdk-17\bin\nio.dll
0x00007ffe49420000 - 0x00007ffe49430000 	C:\Program Files\Java\jdk-17\bin\verify.dll
0x00007ffe3c160000 - 0x00007ffe3c187000 	C:\Users\vinay\.gradle\native\1def1411415f61bf3af743bc5b6707747c0891f09f0c88961ee8f79bc544acac\windows-amd64\native-platform.dll
0x00007ffe48700000 - 0x00007ffe48778000 	C:\Users\vinay\.gradle\native\0.2.7\x86_64-windows-gnu\gradle-fileevents.dll
0x00007ffe493a0000 - 0x00007ffe493aa000 	C:\Program Files\Java\jdk-17\bin\management.dll
0x00007ffe49350000 - 0x00007ffe4935b000 	C:\Program Files\Java\jdk-17\bin\management_ext.dll
0x00007ffe4b2d0000 - 0x00007ffe4b30b000 	C:\Windows\SYSTEM32\IPHLPAPI.DLL
0x00007ffe4da50000 - 0x00007ffe4da58000 	C:\Windows\System32\NSI.dll
0x00007ffe44760000 - 0x00007ffe44777000 	C:\Windows\SYSTEM32\dhcpcsvc6.DLL
0x00007ffe44950000 - 0x00007ffe4496d000 	C:\Windows\SYSTEM32\dhcpcsvc.DLL
0x00007ffe4b310000 - 0x00007ffe4b3da000 	C:\Windows\SYSTEM32\DNSAPI.dll
0x00007ffe4b7e0000 - 0x00007ffe4b7f8000 	C:\Windows\SYSTEM32\CRYPTSP.dll
0x00007ffe4af10000 - 0x00007ffe4af48000 	C:\Windows\system32\rsaenh.dll
0x00007ffe4be30000 - 0x00007ffe4be5e000 	C:\Windows\SYSTEM32\USERENV.dll
0x00007ffe4b800000 - 0x00007ffe4b80c000 	C:\Windows\SYSTEM32\CRYPTBASE.dll
0x00007ffe1ffc0000 - 0x00007ffe1ffce000 	C:\Program Files\Java\jdk-17\bin\sunmscapi.dll
0x00007ffe4c060000 - 0x00007ffe4c1bd000 	C:\Windows\System32\CRYPT32.dll
0x00007ffe4b900000 - 0x00007ffe4b927000 	C:\Windows\SYSTEM32\ncrypt.dll
0x00007ffe4b8c0000 - 0x00007ffe4b8fb000 	C:\Windows\SYSTEM32\NTASN1.dll
0x00007ffe331d0000 - 0x00007ffe331d7000 	C:\Windows\system32\wshunix.dll
0x00007ffe2fd80000 - 0x00007ffe2fd97000 	C:\Windows\system32\napinsp.dll
0x00007ffe2fd50000 - 0x00007ffe2fd6b000 	C:\Windows\system32\pnrpnsp.dll
0x00007ffe2fd30000 - 0x00007ffe2fd4d000 	C:\Windows\system32\wshbth.dll
0x00007ffe48180000 - 0x00007ffe4819d000 	C:\Windows\system32\NLAapi.dll
0x00007ffe2fd10000 - 0x00007ffe2fd22000 	C:\Windows\System32\winrnr.dll
0x00007ffe41380000 - 0x00007ffe4138a000 	C:\Windows\System32\rasadhlp.dll
0x00007ffe41460000 - 0x00007ffe414e0000 	C:\Windows\System32\fwpuclnt.dll

dbghelp: loaded successfully - version: 4.0.5 - missing functions: none
symbol engine: initialized successfully - sym options: 0x614 - pdb path: .;C:\Program Files\Java\jdk-17\bin;C:\Windows\SYSTEM32;C:\Windows\WinSxS\amd64_microsoft.windows.common-controls_6595b64144ccf1df_6.0.19041.6456_none_60b8a6cb71f64256;C:\Program Files\Java\jdk-17\bin\server;C:\Users\vinay\.gradle\native\1def1411415f61bf3af743bc5b6707747c0891f09f0c88961ee8f79bc544acac\windows-amd64;C:\Users\vinay\.gradle\native\0.2.7\x86_64-windows-gnu

VM Arguments:
jvm_args: --add-opens=java.base/java.lang=ALL-UNNAMED --add-opens=java.base/java.lang.invoke=ALL-UNNAMED --add-opens=java.base/java.util=ALL-UNNAMED --add-opens=java.prefs/java.util.prefs=ALL-UNNAMED --add-exports=jdk.compiler/com.sun.tools.javac.api=ALL-UNNAMED --add-exports=jdk.compiler/com.sun.tools.javac.util=ALL-UNNAMED --add-opens=java.base/java.util=ALL-UNNAMED --add-opens=java.prefs/java.util.prefs=ALL-UNNAMED --add-opens=java.base/java.nio.charset=ALL-UNNAMED --add-opens=java.base/java.net=ALL-UNNAMED --add-opens=java.base/java.util.concurrent.atomic=ALL-UNNAMED --add-opens=java.xml/javax.xml.namespace=ALL-UNNAMED -XX:MaxMetaspaceSize=4G -XX:ReservedCodeCacheSize=512m -XX:+HeapDumpOnOutOfMemoryError -Xmx8G -Dfile.encoding=windows-1252 -Duser.country=US -Duser.language=en -Duser.variant -javaagent:C:\Users\vinay\.gradle\wrapper\dists\gradle-8.14-all\c2qonpi39x1mddn7hk5gh9iqj\gradle-8.14\lib\agents\gradle-instrumentation-agent-8.14.jar 
java_command: org.gradle.launcher.daemon.bootstrap.GradleDaemon 8.14
java_class_path (initial): C:\Users\vinay\.gradle\wrapper\dists\gradle-8.14-all\c2qonpi39x1mddn7hk5gh9iqj\gradle-8.14\lib\gradle-daemon-main-8.14.jar
Launcher Type: SUN_STANDARD

[Global flags]
     intx CICompilerCount                          = 2                                         {product} {ergonomic}
     uint ConcGCThreads                            = 1                                         {product} {ergonomic}
     uint G1ConcRefinementThreads                  = 2                                         {product} {ergonomic}
   size_t G1HeapRegionSize                         = 4194304                                   {product} {ergonomic}
    uintx GCDrainStackTargetSize                   = 64                                        {product} {ergonomic}
     bool HeapDumpOnOutOfMemoryError               = true                                   {manageable} {command line}
   size_t InitialHeapSize                          = 62914560                                  {product} {ergonomic}
   size_t MarkStackSize                            = 4194304                                   {product} {ergonomic}
   size_t MaxHeapSize                              = 8589934592                                {product} {command line}
   size_t MaxMetaspaceSize                         = 4294967296                                {product} {command line}
   size_t MaxNewSize                               = 5150605312                                {product} {ergonomic}
   size_t MinHeapDeltaBytes                        = 4194304                                   {product} {ergonomic}
   size_t MinHeapSize                              = 8388608                                   {product} {ergonomic}
    uintx NonNMethodCodeHeapSize                   = 5826188                                {pd product} {ergonomic}
    uintx NonProfiledCodeHeapSize                  = 265522362                              {pd product} {ergonomic}
    uintx ProfiledCodeHeapSize                     = 265522362                              {pd product} {ergonomic}
    uintx ReservedCodeCacheSize                    = 536870912                              {pd product} {command line}
     bool SegmentedCodeCache                       = true                                      {product} {ergonomic}
   size_t SoftMaxHeapSize                          = 8589934592                             {manageable} {ergonomic}
   double SweeperThreshold                         = 0.234375                                  {product} {ergonomic}
     bool UseCompressedClassPointers               = true                           {product lp64_product} {ergonomic}
     bool UseCompressedOops                        = true                           {product lp64_product} {ergonomic}
     bool UseG1GC                                  = true                                      {product} {ergonomic}
     bool UseLargePagesIndividualAllocation        = false                                  {pd product} {ergonomic}

Logging:
Log output configuration:
 #0: stdout all=warning uptime,level,tags
 #1: stderr all=off uptime,level,tags

Environment Variables:
JAVA_HOME=C:\Program Files\Java\jdk-17
CLASSPATH=E:\pdf_reader_flutter\android\\gradle\wrapper\gradle-wrapper.jar
PATH=C:\Program Files\WindowsApps\Microsoft.PowerShell_7.6.1.0_x64__8wekyb3d8bbwe;E:\flutter sdk\flutter\bin\;c:\Users\vinay\AppData\Roaming\Code\User\globalStorage\github.copilot-chat\debugCommand;c:\Users\vinay\AppData\Roaming\Code\User\globalStorage\github.copilot-chat\copilotCli;C:\Users\vinay\AppData\Local\Programs\Microsoft VS Code;C:\Program Files\Common Files\Oracle\Java\javapath;C:\Windows\system32;C:\Windows;C:\Windows\System32\Wbem;C:\Windows\System32\WindowsPowerShell\v1.0\;C:\Windows\System32\OpenSSH\;C:\Program Files\Git\cmd;C:\Program Files\Java\jdk-17\bin;C:\Program Files (x86)\Windows Kits\10\Windows Performance Toolkit\;C:\Users\vinay\AppData\Local\Programs\Python\Python314\Scripts\;C:\Users\vinay\AppData\Local\Programs\Python\Python314\;C:\Users\vinay\AppData\Local\Programs\Python\Launcher\;C:\Users\vinay\AppData\Local\Microsoft\WindowsApps;E:\flutter sdk\flutter\bin;C:\Users\vinay\AppData\Local\Programs\Microsoft VS Code\bin;C:\Users\vinay\AppData\Local\Programs\Ollama;C:\Users\vinay\AppData\Local\Programs\Antigravity\bin;c:\Users\vinay\.vscode\extensions\ms-python.debugpy-2025.18.0-win32-x64\bundled\scripts\noConfigScripts
USERNAME=vinay
LANG=en_US.UTF-8
OS=Windows_NT
PROCESSOR_IDENTIFIER=AMD64 Family 21 Model 112 Stepping 0, AuthenticAMD



---------------  S Y S T E M  ---------------

OS:
 Windows 10 , 64 bit Build 19041 (10.0.19041.5915)
OS uptime: 0 days 2:41 hours

CPU: total 2 (initial active 2) (2 cores per cpu, 1 threads per core) family 21 model 112 stepping 0 microcode 0x0, cx8, cmov, fxsr, mmx, 3dnowpref, sse, sse2, sse3, ssse3, sse4a, sse4.1, sse4.2, popcnt, lzcnt, tsc, tscinvbit, avx, avx2, aes, clmul, bmi1, bmi2, fma, vzeroupper, clflush

Memory: 4k page, system-wide physical 3758M (83M free)
TotalPageFile size 15524M (AvailPageFile size 142M)
current process WorkingSet (physical memory assigned to process): 531M, peak: 552M
current process commit charge ("private bytes"): 1954M, peak: 2238M

vm_info: Java HotSpot(TM) 64-Bit Server VM (17.0.12+8-LTS-286) for windows-amd64 JRE (17.0.12+8-LTS-286), built on Jun  5 2024 06:46:59 by "mach5one" with MS VC++ 17.6 (VS2022)

END.
