#
# There is insufficient memory for the Java Runtime Environment to continue.
# Native memory allocation (mmap) failed to map 738197504 bytes. Error detail: G1 virtual space
# Possible reasons:
#   The system is out of physical RAM or swap space
#   This process is running with CompressedOops enabled, and the Java Heap may be blocking the growth of the native heap
# Possible solutions:
#   Reduce memory load on the system
#   Increase physical memory or swap space
#   Check if swap backing store is full
#   Decrease Java heap size (-Xmx/-Xms)
#   Decrease number of Java threads
#   Decrease Java thread stack sizes (-Xss)
#   Set larger code cache with -XX:ReservedCodeCacheSize=
#   JVM is running with Zero Based Compressed Oops mode in which the Java heap is
#     placed in the first 32GB address space. The Java Heap base address is the
#     maximum limit for the native heap growth. Please use -XX:HeapBaseMinAddress
#     to set the Java Heap base and to place the Java Heap above 32GB virtual address.
# This output file may be truncated or incomplete.
#
#  Out of Memory Error (os_windows.cpp:3926), pid=9136, tid=9720
#
# JRE version: OpenJDK Runtime Environment (21.0.10) (build 21.0.10+-14961533-b1163.108)
# Java VM: OpenJDK 64-Bit Server VM (21.0.10+-14961533-b1163.108, mixed mode, tiered, compressed oops, compressed class ptrs, g1 gc, windows-amd64)
# No core dump will be written. Minidumps are not enabled by default on client versions of Windows
#

---------------  S U M M A R Y ------------

Command Line: --add-opens=java.base/java.lang=ALL-UNNAMED --add-opens=java.base/java.lang.invoke=ALL-UNNAMED --add-opens=java.base/java.util=ALL-UNNAMED --add-opens=java.prefs/java.util.prefs=ALL-UNNAMED --add-exports=jdk.compiler/com.sun.tools.javac.api=ALL-UNNAMED --add-exports=jdk.compiler/com.sun.tools.javac.util=ALL-UNNAMED --add-opens=java.base/java.util=ALL-UNNAMED --add-opens=java.prefs/java.util.prefs=ALL-UNNAMED --add-opens=java.base/java.nio.charset=ALL-UNNAMED --add-opens=java.base/java.net=ALL-UNNAMED --add-opens=java.base/java.util.concurrent.atomic=ALL-UNNAMED --add-opens=java.xml/javax.xml.namespace=ALL-UNNAMED -XX:MaxMetaspaceSize=4G -XX:ReservedCodeCacheSize=512m -XX:+HeapDumpOnOutOfMemoryError -Xmx8G -Dfile.encoding=UTF-8 -Duser.country=US -Duser.language=en -Duser.variant -javaagent:C:\Users\vinay\.gradle\wrapper\dists\gradle-8.14-all\c2qonpi39x1mddn7hk5gh9iqj\gradle-8.14\lib\agents\gradle-instrumentation-agent-8.14.jar org.gradle.launcher.daemon.bootstrap.GradleDaemon 8.14

Host: AMD A6-9220 RADEON R4, 5 COMPUTE CORES 2C+3G   , 2 cores, 3G,  Windows 10 , 64 bit Build 19041 (10.0.19041.5915)
Time: Mon May  4 08:37:40 2026 India Standard Time elapsed time: 1388.478222 seconds (0d 0h 23m 8s)

---------------  T H R E A D  ---------------

Current thread (0x000001f56d528560):  VMThread "VM Thread"          [id=9720, stack(0x000000a03f100000,0x000000a03f200000) (1024K)]

Stack: [0x000000a03f100000,0x000000a03f200000]
Native frames: (J=compiled Java code, j=interpreted, Vv=VM code, C=native code)
V  [jvm.dll+0x6d78a9]
V  [jvm.dll+0x8665b3]
V  [jvm.dll+0x868bde]
V  [jvm.dll+0x8692c3]
V  [jvm.dll+0x280ee6]
V  [jvm.dll+0x6d4165]
V  [jvm.dll+0x6c77fa]
V  [jvm.dll+0x358f4b]
V  [jvm.dll+0x360bc6]
V  [jvm.dll+0x3b2ea6]
V  [jvm.dll+0x3b3178]
V  [jvm.dll+0x32b65c]
V  [jvm.dll+0x32b6e7]
V  [jvm.dll+0x3715cc]
V  [jvm.dll+0x36fd7e]
V  [jvm.dll+0x32adb1]
V  [jvm.dll+0x36f480]
V  [jvm.dll+0x86f048]
V  [jvm.dll+0x870394]
V  [jvm.dll+0x8708d0]
V  [jvm.dll+0x870b63]
V  [jvm.dll+0x80fd28]
V  [jvm.dll+0x6d60fd]
C  [ucrtbase.dll+0x21bb2]
C  [KERNEL32.DLL+0x17374]
C  [ntdll.dll+0x4cc91]

VM_Operation (0x000000a0403f7730): G1CollectForAllocation, mode: safepoint, requested by thread 0x000001f56d8d5d80


---------------  P R O C E S S  ---------------

Threads class SMR info:
_java_thread_list=0x000001f57c906dd0, length=61, elements={
0x000001f55beb8070, 0x000001f56d55e6c0, 0x000001f56d6bda00, 0x000001f56d6be070,
0x000001f56d6c7c80, 0x000001f56d6c86e0, 0x000001f56d6c9140, 0x000001f56d6cb350,
0x000001f56d6cf100, 0x000001f56d6d2350, 0x000001f56d9ce7e0, 0x000001f572cd9560,
0x000001f572380740, 0x000001f572e52eb0, 0x000001f573827480, 0x000001f56d8d5d80,
0x000001f56d8d84e0, 0x000001f56d8d6410, 0x000001f56d8d7e50, 0x000001f5739d00d0,
0x000001f5739d2ec0, 0x000001f5739d0760, 0x000001f574fab300, 0x000001f5739d3550,
0x000001f57c78f600, 0x000001f57d2017f0, 0x000001f57d201160, 0x000001f57d1ff090,
0x000001f57d201e80, 0x000001f57d202ba0, 0x000001f57d1ffdb0, 0x000001f57c7909b0,
0x000001f57c7944c0, 0x000001f57c794b50, 0x000001f57c790320, 0x000001f57c795f00,
0x000001f57c796590, 0x000001f57c78fc90, 0x000001f57c795870, 0x000001f57c796c20,
0x000001f57c791d60, 0x000001f576540080, 0x000001f57653d920, 0x000001f57653b850,
0x000001f57653cc00, 0x000001f57653f360, 0x000001f57653e640, 0x000001f57653ecd0,
0x000001f5739ce000, 0x000001f5739d21a0, 0x000001f5739d0df0, 0x000001f5739ce690,
0x000001f5739cf3b0, 0x000001f5739cd970, 0x000001f5739ced20, 0x000001f56d8d77c0,
0x000001f56d8d6aa0, 0x000001f56d8d8b70, 0x000001f56d8d7130, 0x000001f574faa5e0,
0x000001f574fac020
}

Java Threads: ( => current thread )
  0x000001f55beb8070 JavaThread "main"                              [_thread_blocked, id=9804, stack(0x000000a03ea00000,0x000000a03eb00000) (1024K)]
  0x000001f56d55e6c0 JavaThread "Common-Cleaner"             daemon [_thread_blocked, id=11248, stack(0x000000a03f200000,0x000000a03f300000) (1024K)]
  0x000001f56d6bda00 JavaThread "Reference Handler"          daemon [_thread_blocked, id=8968, stack(0x000000a03f300000,0x000000a03f400000) (1024K)]
  0x000001f56d6be070 JavaThread "Finalizer"                  daemon [_thread_blocked, id=10668, stack(0x000000a03f400000,0x000000a03f500000) (1024K)]
  0x000001f56d6c7c80 JavaThread "Signal Dispatcher"          daemon [_thread_blocked, id=11232, stack(0x000000a03f500000,0x000000a03f600000) (1024K)]
  0x000001f56d6c86e0 JavaThread "Attach Listener"            daemon [_thread_blocked, id=10472, stack(0x000000a03f600000,0x000000a03f700000) (1024K)]
  0x000001f56d6c9140 JavaThread "Service Thread"             daemon [_thread_blocked, id=7380, stack(0x000000a03f700000,0x000000a03f800000) (1024K)]
  0x000001f56d6cb350 JavaThread "Monitor Deflation Thread"   daemon [_thread_blocked, id=10452, stack(0x000000a03f800000,0x000000a03f900000) (1024K)]
  0x000001f56d6cf100 JavaThread "C2 CompilerThread0"         daemon [_thread_blocked, id=10400, stack(0x000000a03f900000,0x000000a03fa00000) (1024K)]
  0x000001f56d6d2350 JavaThread "C1 CompilerThread0"         daemon [_thread_blocked, id=2720, stack(0x000000a03fa00000,0x000000a03fb00000) (1024K)]
  0x000001f56d9ce7e0 JavaThread "Notification Thread"        daemon [_thread_blocked, id=1244, stack(0x000000a03fb00000,0x000000a03fc00000) (1024K)]
  0x000001f572cd9560 JavaThread "Daemon health stats"               [_thread_blocked, id=9992, stack(0x000000a03fd00000,0x000000a03fe00000) (1024K)]
  0x000001f572380740 JavaThread "Incoming local TCP Connector on port 59387"        [_thread_in_native, id=11052, stack(0x000000a03fe00000,0x000000a03ff00000) (1024K)]
  0x000001f572e52eb0 JavaThread "Daemon periodic checks"            [_thread_blocked, id=9968, stack(0x000000a03ff00000,0x000000a040000000) (1024K)]
  0x000001f573827480 JavaThread "Daemon"                            [_thread_blocked, id=10496, stack(0x000000a040000000,0x000000a040100000) (1024K)]
  0x000001f56d8d5d80 JavaThread "Daemon worker"                     [_thread_blocked, id=10780, stack(0x000000a040300000,0x000000a040400000) (1024K)]
  0x000001f56d8d84e0 JavaThread "Cache worker for journal cache (C:\Users\vinay\.gradle\caches\journal-1)"        [_thread_blocked, id=10592, stack(0x000000a040700000,0x000000a040800000) (1024K)]
  0x000001f56d8d6410 JavaThread "File lock request listener"        [_thread_in_native, id=1888, stack(0x000000a040800000,0x000000a040900000) (1024K)]
  0x000001f56d8d7e50 JavaThread "Cache worker for file hash cache (C:\Users\vinay\.gradle\caches\8.14\fileHashes)"        [_thread_blocked, id=10548, stack(0x000000a03e800000,0x000000a03e900000) (1024K)]
  0x000001f5739d00d0 JavaThread "File watcher server"        daemon [_thread_in_native, id=12052, stack(0x000000a040a00000,0x000000a040b00000) (1024K)]
  0x000001f5739d2ec0 JavaThread "File watcher consumer"      daemon [_thread_blocked, id=12056, stack(0x000000a040b00000,0x000000a040c00000) (1024K)]
  0x000001f5739d0760 JavaThread "Cache worker for file content cache (C:\Users\vinay\.gradle\caches\8.14\fileContent)"        [_thread_blocked, id=11592, stack(0x000000a040c00000,0x000000a040d00000) (1024K)]
  0x000001f574fab300 JavaThread "Memory manager"                    [_thread_blocked, id=7076, stack(0x000000a041400000,0x000000a041500000) (1024K)]
  0x000001f5739d3550 JavaThread "jar transforms"                    [_thread_blocked, id=3536, stack(0x000000a041800000,0x000000a041900000) (1024K)]
  0x000001f57c78f600 JavaThread "jar transforms Thread 2"           [_thread_blocked, id=11352, stack(0x000000a042400000,0x000000a042500000) (1024K)]
  0x000001f57d2017f0 JavaThread "Handler for socket connection from /127.0.0.1:59387 to /127.0.0.1:60102"        [_thread_in_native, id=2328, stack(0x000000a040100000,0x000000a040200000) (1024K)]
  0x000001f57d201160 JavaThread "Cancel handler"                    [_thread_blocked, id=5044, stack(0x000000a040400000,0x000000a040500000) (1024K)]
  0x000001f57d1ff090 JavaThread "Asynchronous log dispatcher for DefaultDaemonConnection: socket connection from /127.0.0.1:59387 to /127.0.0.1:60102"        [_thread_blocked, id=6656, stack(0x000000a040500000,0x000000a040600000) (1024K)]
  0x000001f57d201e80 JavaThread "Stdin handler"                     [_thread_blocked, id=12040, stack(0x000000a040600000,0x000000a040700000) (1024K)]
  0x000001f57d202ba0 JavaThread "Daemon client event forwarder"        [_thread_blocked, id=12096, stack(0x000000a040900000,0x000000a040a00000) (1024K)]
  0x000001f57d1ffdb0 JavaThread "Cache worker for file hash cache (E:\pdf_reader_flutter\android\.gradle\8.14\fileHashes)"        [_thread_blocked, id=6296, stack(0x000000a040d00000,0x000000a040e00000) (1024K)]
  0x000001f57c7909b0 JavaThread "Cache worker for Build Output Cleanup Cache (E:\pdf_reader_flutter\android\.gradle\buildOutputCleanup)"        [_thread_blocked, id=5048, stack(0x000000a040e00000,0x000000a040f00000) (1024K)]
  0x000001f57c7944c0 JavaThread "File lock release action executor Thread 7"        [_thread_blocked, id=6944, stack(0x000000a040f00000,0x000000a041000000) (1024K)]
  0x000001f57c794b50 JavaThread "Cache worker for checksums cache (E:\pdf_reader_flutter\android\.gradle\8.14\checksums)"        [_thread_blocked, id=11900, stack(0x000000a041000000,0x000000a041100000) (1024K)]
  0x000001f57c790320 JavaThread "Cache worker for cache directory md-supplier (C:\Users\vinay\.gradle\caches\8.14\md-supplier)"        [_thread_blocked, id=5012, stack(0x000000a041100000,0x000000a041200000) (1024K)]
  0x000001f57c795f00 JavaThread "Cache worker for cache directory md-rule (C:\Users\vinay\.gradle\caches\8.14\md-rule)"        [_thread_blocked, id=9080, stack(0x000000a041200000,0x000000a041300000) (1024K)]
  0x000001f57c796590 JavaThread "Cache worker for Build Output Cleanup Cache (E:\flutter sdk\flutter\packages\flutter_tools\gradle\.gradle\buildOutputCleanup)"        [_thread_blocked, id=11140, stack(0x000000a041300000,0x000000a041400000) (1024K)]
  0x000001f57c78fc90 JavaThread "Unconstrained build operations"        [_thread_blocked, id=10376, stack(0x000000a041500000,0x000000a041600000) (1024K)]
  0x000001f57c795870 JavaThread "Unconstrained build operations Thread 2"        [_thread_blocked, id=7820, stack(0x000000a041600000,0x000000a041700000) (1024K)]
  0x000001f57c796c20 JavaThread "build event listener"              [_thread_blocked, id=10136, stack(0x000000a03e700000,0x000000a03e800000) (1024K)]
  0x000001f57c791d60 JavaThread "Execution worker"                  [_thread_blocked, id=8480, stack(0x000000a041900000,0x000000a041a00000) (1024K)]
  0x000001f576540080 JavaThread "Cache worker for execution history cache (E:\flutter sdk\flutter\packages\flutter_tools\gradle\.gradle\8.14\executionHistory)"        [_thread_blocked, id=11896, stack(0x000000a041a00000,0x000000a041b00000) (1024K)]
  0x000001f57653d920 JavaThread "Unconstrained build operations Thread 3"        [_thread_blocked, id=11284, stack(0x000000a041b00000,0x000000a041c00000) (1024K)]
  0x000001f57653b850 JavaThread "Unconstrained build operations Thread 4"        [_thread_blocked, id=8732, stack(0x000000a041c00000,0x000000a041d00000) (1024K)]
  0x000001f57653cc00 JavaThread "Unconstrained build operations Thread 5"        [_thread_blocked, id=9512, stack(0x000000a041d00000,0x000000a041e00000) (1024K)]
  0x000001f57653f360 JavaThread "Unconstrained build operations Thread 6"        [_thread_blocked, id=5224, stack(0x000000a041e00000,0x000000a041f00000) (1024K)]
  0x000001f57653e640 JavaThread "Unconstrained build operations Thread 7"        [_thread_blocked, id=2640, stack(0x000000a041f00000,0x000000a042000000) (1024K)]
  0x000001f57653ecd0 JavaThread "build event listener"              [_thread_blocked, id=7016, stack(0x000000a040200000,0x000000a040300000) (1024K)]
  0x000001f5739ce000 JavaThread "Unconstrained build operations Thread 8"        [_thread_blocked, id=5176, stack(0x000000a042000000,0x000000a042100000) (1024K)]
  0x000001f5739d21a0 JavaThread "Unconstrained build operations Thread 9"        [_thread_blocked, id=1532, stack(0x000000a042100000,0x000000a042200000) (1024K)]
  0x000001f5739d0df0 JavaThread "Problems report writer"            [_thread_blocked, id=408, stack(0x000000a042200000,0x000000a042300000) (1024K)]
  0x000001f5739ce690 JavaThread "Unconstrained build operations Thread 10"        [_thread_blocked, id=6764, stack(0x000000a042300000,0x000000a042400000) (1024K)]
  0x000001f5739cf3b0 JavaThread "Unconstrained build operations Thread 11"        [_thread_blocked, id=12160, stack(0x000000a042500000,0x000000a042600000) (1024K)]
  0x000001f5739cd970 JavaThread "Unconstrained build operations Thread 12"        [_thread_blocked, id=7752, stack(0x000000a042600000,0x000000a042700000) (1024K)]
  0x000001f5739ced20 JavaThread "Unconstrained build operations Thread 13"        [_thread_blocked, id=3020, stack(0x000000a042700000,0x000000a042800000) (1024K)]
  0x000001f56d8d77c0 JavaThread "Unconstrained build operations Thread 14"        [_thread_blocked, id=11444, stack(0x000000a042800000,0x000000a042900000) (1024K)]
  0x000001f56d8d6aa0 JavaThread "Unconstrained build operations Thread 15"        [_thread_blocked, id=11984, stack(0x000000a042900000,0x000000a042a00000) (1024K)]
  0x000001f56d8d8b70 JavaThread "Unconstrained build operations Thread 16"        [_thread_blocked, id=9848, stack(0x000000a042a00000,0x000000a042b00000) (1024K)]
  0x000001f56d8d7130 JavaThread "Unconstrained build operations Thread 17"        [_thread_blocked, id=11268, stack(0x000000a042b00000,0x000000a042c00000) (1024K)]
  0x000001f574faa5e0 JavaThread "Unconstrained build operations Thread 18"        [_thread_blocked, id=11688, stack(0x000000a041700000,0x000000a041800000) (1024K)]
  0x000001f574fac020 JavaThread "Unconstrained build operations Thread 19"        [_thread_blocked, id=11692, stack(0x000000a042c00000,0x000000a042d00000) (1024K)]
Total: 61

Other Threads:
=>0x000001f56d528560 VMThread "VM Thread"                           [id=9720, stack(0x000000a03f100000,0x000000a03f200000) (1024K)]
  0x000001f56d4923d0 WatcherThread "VM Periodic Task Thread"        [id=10156, stack(0x000000a03f000000,0x000000a03f100000) (1024K)]
  0x000001f55e18b540 WorkerThread "GC Thread#0"                     [id=10824, stack(0x000000a03eb00000,0x000000a03ec00000) (1024K)]
  0x000001f57241fbe0 WorkerThread "GC Thread#1"                     [id=7384, stack(0x000000a03fc00000,0x000000a03fd00000) (1024K)]
  0x000001f55e19c2e0 ConcurrentGCThread "G1 Main Marker"            [id=7684, stack(0x000000a03ec00000,0x000000a03ed00000) (1024K)]
  0x000001f55e19cd10 WorkerThread "G1 Conc#0"                       [id=10252, stack(0x000000a03ed00000,0x000000a03ee00000) (1024K)]
  0x000001f56d366d00 ConcurrentGCThread "G1 Refine#0"               [id=1120, stack(0x000000a03ee00000,0x000000a03ef00000) (1024K)]
  0x000001f56d367530 ConcurrentGCThread "G1 Service"                [id=8824, stack(0x000000a03ef00000,0x000000a03f000000) (1024K)]
Total: 8

Threads with active compile tasks:
Total: 0

VM state: at safepoint (normal execution)

VM Mutex/Monitor currently owned by a thread:  ([mutex/lock_event])
[0x00007ffe2da086d0] Threads_lock - owner thread: 0x000001f56d528560
[0x00007ffe2da087d0] Heap_lock - owner thread: 0x000001f56d8d5d80

Heap address: 0x0000000600000000, size: 8192 MB, Compressed Oops mode: Zero based, Oop shift amount: 3

CDS archive(s) not mapped
Compressed class space mapped at: 0x0000000800000000-0x0000000840000000, reserved size: 1073741824
Narrow klass base: 0x0000000800000000, Narrow klass shift: 0, Narrow klass range: 0x40000000

GC Precious Log:
 CardTable entry size: 512
 Card Set container configuration: InlinePtr #cards 4 size 8 Array Of Cards #cards 32 size 80 Howl #buckets 8 coarsen threshold 7372 Howl Bitmap #cards 1024 size 144 coarsen threshold 921 Card regions per heap region 1 cards per card region 8192
 CPUs: 2 total, 2 available
 Memory: 3758M
 Large Page Support: Disabled
 NUMA Support: Disabled
 Compressed Oops: Enabled (Zero based)
 Heap Region Size: 4M
 Heap Min Capacity: 8M
 Heap Initial Capacity: 60M
 Heap Max Capacity: 8G
 Pre-touch: Disabled
 Parallel Workers: 2
 Concurrent Workers: 1
 Concurrent Refinement Workers: 2
 Periodic GC: Disabled

Heap:
 garbage-first heap   total 925696K, used 298783K [0x0000000600000000, 0x0000000800000000)
  region size 4096K, 2 young (8192K), 2 survivors (8192K)
 Metaspace       used 141771K, committed 144320K, reserved 1179648K
  class space    used 19596K, committed 20800K, reserved 1048576K

Heap Regions: E=young(eden), S=young(survivor), O=old, HS=humongous(starts), HC=humongous(continues), CS=collection set, F=free, TAMS=top-at-mark-start, PB=parsable bottom
|   0|0x0000000600000000, 0x0000000600400000, 0x0000000600400000|100%|HS|  |TAMS 0x0000000600000000| PB 0x0000000600000000| Complete 
|   1|0x0000000600400000, 0x0000000600800000, 0x0000000600800000|100%| O|  |TAMS 0x0000000600400000| PB 0x0000000600400000| Untracked 
|   2|0x0000000600800000, 0x0000000600c00000, 0x0000000600c00000|100%| O|  |TAMS 0x0000000600800000| PB 0x0000000600800000| Untracked 
|   3|0x0000000600c00000, 0x0000000601000000, 0x0000000601000000|100%| O|  |TAMS 0x0000000600c00000| PB 0x0000000600c00000| Untracked 
|   4|0x0000000601000000, 0x0000000601400000, 0x0000000601400000|100%| O|  |TAMS 0x0000000601000000| PB 0x0000000601000000| Untracked 
|   5|0x0000000601400000, 0x0000000601800000, 0x0000000601800000|100%| O|  |TAMS 0x0000000601400000| PB 0x0000000601400000| Untracked 
|   6|0x0000000601800000, 0x0000000601c00000, 0x0000000601c00000|100%| O|  |TAMS 0x0000000601800000| PB 0x0000000601800000| Untracked 
|   7|0x0000000601c00000, 0x0000000602000000, 0x0000000602000000|100%| O|  |TAMS 0x0000000601c00000| PB 0x0000000601c00000| Untracked 
|   8|0x0000000602000000, 0x0000000602400000, 0x0000000602400000|100%|HS|  |TAMS 0x0000000602000000| PB 0x0000000602000000| Complete 
|   9|0x0000000602400000, 0x0000000602800000, 0x0000000602800000|100%|HS|  |TAMS 0x0000000602400000| PB 0x0000000602400000| Complete 
|  10|0x0000000602800000, 0x0000000602c00000, 0x0000000602c00000|100%| O|  |TAMS 0x0000000602800000| PB 0x0000000602800000| Untracked 
|  11|0x0000000602c00000, 0x0000000603000000, 0x0000000603000000|100%| O|  |TAMS 0x0000000602c00000| PB 0x0000000602c00000| Untracked 
|  12|0x0000000603000000, 0x0000000603400000, 0x0000000603400000|100%| O|  |TAMS 0x0000000603000000| PB 0x0000000603000000| Untracked 
|  13|0x0000000603400000, 0x0000000603800000, 0x0000000603800000|100%| O|  |TAMS 0x0000000603400000| PB 0x0000000603400000| Untracked 
|  14|0x0000000603800000, 0x0000000603c00000, 0x0000000603c00000|100%| O|  |TAMS 0x0000000603800000| PB 0x0000000603800000| Untracked 
|  15|0x0000000603c00000, 0x0000000604000000, 0x0000000604000000|100%| O|  |TAMS 0x0000000603c00000| PB 0x0000000603c00000| Untracked 
|  16|0x0000000604000000, 0x0000000604400000, 0x0000000604400000|100%| O|  |TAMS 0x0000000604000000| PB 0x0000000604000000| Untracked 
|  17|0x0000000604400000, 0x0000000604800000, 0x0000000604800000|100%| O|  |TAMS 0x0000000604400000| PB 0x0000000604400000| Untracked 
|  18|0x0000000604800000, 0x0000000604c00000, 0x0000000604c00000|100%| O|  |TAMS 0x0000000604800000| PB 0x0000000604800000| Untracked 
|  19|0x0000000604c00000, 0x0000000605000000, 0x0000000605000000|100%| O|  |TAMS 0x0000000604c00000| PB 0x0000000604c00000| Untracked 
|  20|0x0000000605000000, 0x0000000605400000, 0x0000000605400000|100%| O|  |TAMS 0x0000000605000000| PB 0x0000000605000000| Untracked 
|  21|0x0000000605400000, 0x0000000605800000, 0x0000000605800000|100%| O|  |TAMS 0x0000000605400000| PB 0x0000000605400000| Untracked 
|  22|0x0000000605800000, 0x0000000605c00000, 0x0000000605c00000|100%| O|  |TAMS 0x0000000605800000| PB 0x0000000605800000| Untracked 
|  23|0x0000000605c00000, 0x0000000606000000, 0x0000000606000000|100%| O|  |TAMS 0x0000000605c00000| PB 0x0000000605c00000| Untracked 
|  24|0x0000000606000000, 0x0000000606400000, 0x0000000606400000|100%| O|  |TAMS 0x0000000606000000| PB 0x0000000606000000| Untracked 
|  25|0x0000000606400000, 0x0000000606800000, 0x0000000606800000|100%| O|  |TAMS 0x0000000606400000| PB 0x0000000606400000| Untracked 
|  26|0x0000000606800000, 0x0000000606c00000, 0x0000000606c00000|100%| O|  |TAMS 0x0000000606800000| PB 0x0000000606800000| Untracked 
|  27|0x0000000606c00000, 0x0000000607000000, 0x0000000607000000|100%|HS|  |TAMS 0x0000000606c00000| PB 0x0000000606c00000| Complete 
|  28|0x0000000607000000, 0x0000000607400000, 0x0000000607400000|100%| O|  |TAMS 0x0000000607000000| PB 0x0000000607000000| Untracked 
|  29|0x0000000607400000, 0x0000000607800000, 0x0000000607800000|100%| O|  |TAMS 0x0000000607400000| PB 0x0000000607400000| Untracked 
|  30|0x0000000607800000, 0x0000000607c00000, 0x0000000607c00000|100%| O|  |TAMS 0x0000000607800000| PB 0x0000000607800000| Untracked 
|  31|0x0000000607c00000, 0x0000000608000000, 0x0000000608000000|100%| O|  |TAMS 0x0000000607c00000| PB 0x0000000607c00000| Untracked 
|  32|0x0000000608000000, 0x0000000608400000, 0x0000000608400000|100%| O|  |TAMS 0x0000000608000000| PB 0x0000000608000000| Untracked 
|  33|0x0000000608400000, 0x0000000608800000, 0x0000000608800000|100%| O|  |TAMS 0x0000000608400000| PB 0x0000000608400000| Untracked 
|  34|0x0000000608800000, 0x0000000608c00000, 0x0000000608c00000|100%| O|  |TAMS 0x0000000608800000| PB 0x0000000608800000| Untracked 
|  35|0x0000000608c00000, 0x0000000609000000, 0x0000000609000000|100%| O|  |TAMS 0x0000000608c00000| PB 0x0000000608c00000| Untracked 
|  36|0x0000000609000000, 0x0000000609400000, 0x0000000609400000|100%| O|  |TAMS 0x0000000609000000| PB 0x0000000609000000| Untracked 
|  37|0x0000000609400000, 0x0000000609800000, 0x0000000609800000|100%| O|  |TAMS 0x0000000609400000| PB 0x0000000609400000| Untracked 
|  38|0x0000000609800000, 0x0000000609c00000, 0x0000000609c00000|100%| O|  |TAMS 0x0000000609800000| PB 0x0000000609800000| Untracked 
|  39|0x0000000609c00000, 0x000000060a000000, 0x000000060a000000|100%| O|  |TAMS 0x0000000609c00000| PB 0x0000000609c00000| Untracked 
|  40|0x000000060a000000, 0x000000060a400000, 0x000000060a400000|100%| O|  |TAMS 0x000000060a000000| PB 0x000000060a000000| Untracked 
|  41|0x000000060a400000, 0x000000060a800000, 0x000000060a800000|100%| O|  |TAMS 0x000000060a400000| PB 0x000000060a400000| Untracked 
|  42|0x000000060a800000, 0x000000060ac00000, 0x000000060ac00000|100%| O|  |TAMS 0x000000060a800000| PB 0x000000060a800000| Untracked 
|  43|0x000000060ac00000, 0x000000060b000000, 0x000000060b000000|100%| O|  |TAMS 0x000000060ac00000| PB 0x000000060ac00000| Untracked 
|  44|0x000000060b000000, 0x000000060b400000, 0x000000060b400000|100%| O|  |TAMS 0x000000060b000000| PB 0x000000060b000000| Untracked 
|  45|0x000000060b400000, 0x000000060b800000, 0x000000060b800000|100%| O|  |TAMS 0x000000060b400000| PB 0x000000060b400000| Untracked 
|  46|0x000000060b800000, 0x000000060bc00000, 0x000000060bc00000|100%| O|  |TAMS 0x000000060b800000| PB 0x000000060b800000| Untracked 
|  47|0x000000060bc00000, 0x000000060c000000, 0x000000060c000000|100%| O|  |TAMS 0x000000060bc00000| PB 0x000000060bc00000| Untracked 
|  48|0x000000060c000000, 0x000000060c400000, 0x000000060c400000|100%| O|  |TAMS 0x000000060c000000| PB 0x000000060c000000| Untracked 
|  49|0x000000060c400000, 0x000000060c800000, 0x000000060c800000|100%| O|  |TAMS 0x000000060c400000| PB 0x000000060c400000| Untracked 
|  50|0x000000060c800000, 0x000000060cc00000, 0x000000060cc00000|100%| O|  |TAMS 0x000000060c800000| PB 0x000000060c800000| Untracked 
|  51|0x000000060cc00000, 0x000000060d000000, 0x000000060d000000|100%| O|  |TAMS 0x000000060cc00000| PB 0x000000060cc00000| Untracked 
|  52|0x000000060d000000, 0x000000060d400000, 0x000000060d400000|100%| O|  |TAMS 0x000000060d000000| PB 0x000000060d000000| Untracked 
|  53|0x000000060d400000, 0x000000060d800000, 0x000000060d800000|100%| O|  |TAMS 0x000000060d400000| PB 0x000000060d400000| Untracked 
|  54|0x000000060d800000, 0x000000060dc00000, 0x000000060dc00000|100%| O|  |TAMS 0x000000060d800000| PB 0x000000060d800000| Untracked 
|  55|0x000000060dc00000, 0x000000060e000000, 0x000000060e000000|100%| O|  |TAMS 0x000000060dc00000| PB 0x000000060dc00000| Untracked 
|  56|0x000000060e000000, 0x000000060e400000, 0x000000060e400000|100%| O|  |TAMS 0x000000060e000000| PB 0x000000060e000000| Untracked 
|  57|0x000000060e400000, 0x000000060e800000, 0x000000060e800000|100%| O|  |TAMS 0x000000060e400000| PB 0x000000060e400000| Untracked 
|  58|0x000000060e800000, 0x000000060ec00000, 0x000000060ec00000|100%| O|  |TAMS 0x000000060e800000| PB 0x000000060e800000| Untracked 
|  59|0x000000060ec00000, 0x000000060f000000, 0x000000060f000000|100%| O|  |TAMS 0x000000060ec00000| PB 0x000000060ec00000| Untracked 
|  60|0x000000060f000000, 0x000000060f400000, 0x000000060f400000|100%| O|  |TAMS 0x000000060f000000| PB 0x000000060f000000| Untracked 
|  61|0x000000060f400000, 0x000000060f800000, 0x000000060f800000|100%| O|  |TAMS 0x000000060f400000| PB 0x000000060f400000| Untracked 
|  62|0x000000060f800000, 0x000000060fc00000, 0x000000060fc00000|100%| O|  |TAMS 0x000000060f800000| PB 0x000000060f800000| Untracked 
|  63|0x000000060fc00000, 0x0000000610000000, 0x0000000610000000|100%| O|  |TAMS 0x000000060fc00000| PB 0x000000060fc00000| Untracked 
|  64|0x0000000610000000, 0x0000000610400000, 0x0000000610400000|100%| O|  |TAMS 0x0000000610000000| PB 0x0000000610000000| Untracked 
|  65|0x0000000610400000, 0x0000000610800000, 0x0000000610800000|100%| O|  |TAMS 0x0000000610400000| PB 0x0000000610400000| Untracked 
|  66|0x0000000610800000, 0x0000000610c00000, 0x0000000610c00000|100%| O|  |TAMS 0x0000000610800000| PB 0x0000000610800000| Untracked 
|  67|0x0000000610c00000, 0x0000000611000000, 0x0000000611000000|100%| O|  |TAMS 0x0000000610c00000| PB 0x0000000610c00000| Untracked 
|  68|0x0000000611000000, 0x00000006113c7f40, 0x0000000611400000| 94%| O|  |TAMS 0x0000000611000000| PB 0x0000000611000000| Untracked 
|  69|0x0000000611400000, 0x0000000611400000, 0x0000000611800000|  0%| F|  |TAMS 0x0000000611400000| PB 0x0000000611400000| Untracked 
|  70|0x0000000611800000, 0x0000000611800000, 0x0000000611c00000|  0%| F|  |TAMS 0x0000000611800000| PB 0x0000000611800000| Untracked 
|  71|0x0000000611c00000, 0x0000000611c00000, 0x0000000612000000|  0%| F|  |TAMS 0x0000000611c00000| PB 0x0000000611c00000| Untracked 
|  72|0x0000000612000000, 0x0000000612000000, 0x0000000612400000|  0%| F|  |TAMS 0x0000000612000000| PB 0x0000000612000000| Untracked 
|  73|0x0000000612400000, 0x0000000612400000, 0x0000000612800000|  0%| F|  |TAMS 0x0000000612400000| PB 0x0000000612400000| Untracked 
|  74|0x0000000612800000, 0x0000000612800000, 0x0000000612c00000|  0%| F|  |TAMS 0x0000000612800000| PB 0x0000000612800000| Untracked 
|  75|0x0000000612c00000, 0x0000000612c00000, 0x0000000613000000|  0%| F|  |TAMS 0x0000000612c00000| PB 0x0000000612c00000| Untracked 
|  76|0x0000000613000000, 0x0000000613000000, 0x0000000613400000|  0%| F|  |TAMS 0x0000000613000000| PB 0x0000000613000000| Untracked 
|  77|0x0000000613400000, 0x0000000613400000, 0x0000000613800000|  0%| F|  |TAMS 0x0000000613400000| PB 0x0000000613400000| Untracked 
|  78|0x0000000613800000, 0x0000000613800000, 0x0000000613c00000|  0%| F|  |TAMS 0x0000000613800000| PB 0x0000000613800000| Untracked 
|  79|0x0000000613c00000, 0x0000000613c00000, 0x0000000614000000|  0%| F|  |TAMS 0x0000000613c00000| PB 0x0000000613c00000| Untracked 
|  80|0x0000000614000000, 0x0000000614000000, 0x0000000614400000|  0%| F|  |TAMS 0x0000000614000000| PB 0x0000000614000000| Untracked 
|  81|0x0000000614400000, 0x0000000614400000, 0x0000000614800000|  0%| F|  |TAMS 0x0000000614400000| PB 0x0000000614400000| Untracked 
|  82|0x0000000614800000, 0x0000000614800000, 0x0000000614c00000|  0%| F|  |TAMS 0x0000000614800000| PB 0x0000000614800000| Untracked 
|  83|0x0000000614c00000, 0x0000000614c00000, 0x0000000615000000|  0%| F|  |TAMS 0x0000000614c00000| PB 0x0000000614c00000| Untracked 
|  84|0x0000000615000000, 0x0000000615000000, 0x0000000615400000|  0%| F|  |TAMS 0x0000000615000000| PB 0x0000000615000000| Untracked 
|  85|0x0000000615400000, 0x0000000615400000, 0x0000000615800000|  0%| F|  |TAMS 0x0000000615400000| PB 0x0000000615400000| Untracked 
|  86|0x0000000615800000, 0x0000000615800000, 0x0000000615c00000|  0%| F|  |TAMS 0x0000000615800000| PB 0x0000000615800000| Untracked 
|  87|0x0000000615c00000, 0x0000000615c00000, 0x0000000616000000|  0%| F|  |TAMS 0x0000000615c00000| PB 0x0000000615c00000| Untracked 
|  88|0x0000000616000000, 0x0000000616000000, 0x0000000616400000|  0%| F|  |TAMS 0x0000000616000000| PB 0x0000000616000000| Untracked 
|  89|0x0000000616400000, 0x0000000616400000, 0x0000000616800000|  0%| F|  |TAMS 0x0000000616400000| PB 0x0000000616400000| Untracked 
|  90|0x0000000616800000, 0x0000000616800000, 0x0000000616c00000|  0%| F|  |TAMS 0x0000000616800000| PB 0x0000000616800000| Untracked 
|  91|0x0000000616c00000, 0x0000000616c00000, 0x0000000617000000|  0%| F|  |TAMS 0x0000000616c00000| PB 0x0000000616c00000| Untracked 
|  92|0x0000000617000000, 0x0000000617000000, 0x0000000617400000|  0%| F|  |TAMS 0x0000000617000000| PB 0x0000000617000000| Untracked 
|  93|0x0000000617400000, 0x0000000617400000, 0x0000000617800000|  0%| F|  |TAMS 0x0000000617400000| PB 0x0000000617400000| Untracked 
|  94|0x0000000617800000, 0x0000000617800000, 0x0000000617c00000|  0%| F|  |TAMS 0x0000000617800000| PB 0x0000000617800000| Untracked 
|  95|0x0000000617c00000, 0x0000000617c00000, 0x0000000618000000|  0%| F|  |TAMS 0x0000000617c00000| PB 0x0000000617c00000| Untracked 
|  96|0x0000000618000000, 0x0000000618000000, 0x0000000618400000|  0%| F|  |TAMS 0x0000000618000000| PB 0x0000000618000000| Untracked 
|  97|0x0000000618400000, 0x0000000618400000, 0x0000000618800000|  0%| F|  |TAMS 0x0000000618400000| PB 0x0000000618400000| Untracked 
|  98|0x0000000618800000, 0x0000000618800000, 0x0000000618c00000|  0%| F|  |TAMS 0x0000000618800000| PB 0x0000000618800000| Untracked 
|  99|0x0000000618c00000, 0x0000000618c00000, 0x0000000619000000|  0%| F|  |TAMS 0x0000000618c00000| PB 0x0000000618c00000| Untracked 
| 100|0x0000000619000000, 0x0000000619000000, 0x0000000619400000|  0%| F|  |TAMS 0x0000000619000000| PB 0x0000000619000000| Untracked 
| 101|0x0000000619400000, 0x0000000619400000, 0x0000000619800000|  0%| F|  |TAMS 0x0000000619400000| PB 0x0000000619400000| Untracked 
| 102|0x0000000619800000, 0x0000000619800000, 0x0000000619c00000|  0%| F|  |TAMS 0x0000000619800000| PB 0x0000000619800000| Untracked 
| 103|0x0000000619c00000, 0x0000000619c00000, 0x000000061a000000|  0%| F|  |TAMS 0x0000000619c00000| PB 0x0000000619c00000| Untracked 
| 104|0x000000061a000000, 0x000000061a000000, 0x000000061a400000|  0%| F|  |TAMS 0x000000061a000000| PB 0x000000061a000000| Untracked 
| 105|0x000000061a400000, 0x000000061a400000, 0x000000061a800000|  0%| F|  |TAMS 0x000000061a400000| PB 0x000000061a400000| Untracked 
| 106|0x000000061a800000, 0x000000061a800000, 0x000000061ac00000|  0%| F|  |TAMS 0x000000061a800000| PB 0x000000061a800000| Untracked 
| 107|0x000000061ac00000, 0x000000061ac00000, 0x000000061b000000|  0%| F|  |TAMS 0x000000061ac00000| PB 0x000000061ac00000| Untracked 
| 108|0x000000061b000000, 0x000000061b000000, 0x000000061b400000|  0%| F|  |TAMS 0x000000061b000000| PB 0x000000061b000000| Untracked 
| 109|0x000000061b400000, 0x000000061b400000, 0x000000061b800000|  0%| F|  |TAMS 0x000000061b400000| PB 0x000000061b400000| Untracked 
| 110|0x000000061b800000, 0x000000061b800000, 0x000000061bc00000|  0%| F|  |TAMS 0x000000061b800000| PB 0x000000061b800000| Untracked 
| 111|0x000000061bc00000, 0x000000061bc00000, 0x000000061c000000|  0%| F|  |TAMS 0x000000061bc00000| PB 0x000000061bc00000| Untracked 
| 112|0x000000061c000000, 0x000000061c000000, 0x000000061c400000|  0%| F|  |TAMS 0x000000061c000000| PB 0x000000061c000000| Untracked 
| 113|0x000000061c400000, 0x000000061c400000, 0x000000061c800000|  0%| F|  |TAMS 0x000000061c400000| PB 0x000000061c400000| Untracked 
| 114|0x000000061c800000, 0x000000061c800000, 0x000000061cc00000|  0%| F|  |TAMS 0x000000061c800000| PB 0x000000061c800000| Untracked 
| 115|0x000000061cc00000, 0x000000061cc00000, 0x000000061d000000|  0%| F|  |TAMS 0x000000061cc00000| PB 0x000000061cc00000| Untracked 
| 116|0x000000061d000000, 0x000000061d000000, 0x000000061d400000|  0%| F|  |TAMS 0x000000061d000000| PB 0x000000061d000000| Untracked 
| 117|0x000000061d400000, 0x000000061d400000, 0x000000061d800000|  0%| F|  |TAMS 0x000000061d400000| PB 0x000000061d400000| Untracked 
| 118|0x000000061d800000, 0x000000061d800000, 0x000000061dc00000|  0%| F|  |TAMS 0x000000061d800000| PB 0x000000061d800000| Untracked 
| 119|0x000000061dc00000, 0x000000061dc00000, 0x000000061e000000|  0%| F|  |TAMS 0x000000061dc00000| PB 0x000000061dc00000| Untracked 
| 120|0x000000061e000000, 0x000000061e000000, 0x000000061e400000|  0%| F|  |TAMS 0x000000061e000000| PB 0x000000061e000000| Untracked 
| 121|0x000000061e400000, 0x000000061e400000, 0x000000061e800000|  0%| F|  |TAMS 0x000000061e400000| PB 0x000000061e400000| Untracked 
| 122|0x000000061e800000, 0x000000061e800000, 0x000000061ec00000|  0%| F|  |TAMS 0x000000061e800000| PB 0x000000061e800000| Untracked 
| 123|0x000000061ec00000, 0x000000061ec00000, 0x000000061f000000|  0%| F|  |TAMS 0x000000061ec00000| PB 0x000000061ec00000| Untracked 
| 124|0x000000061f000000, 0x000000061f000000, 0x000000061f400000|  0%| F|  |TAMS 0x000000061f000000| PB 0x000000061f000000| Untracked 
| 125|0x000000061f400000, 0x000000061f400000, 0x000000061f800000|  0%| F|  |TAMS 0x000000061f400000| PB 0x000000061f400000| Untracked 
| 126|0x000000061f800000, 0x000000061f800000, 0x000000061fc00000|  0%| F|  |TAMS 0x000000061f800000| PB 0x000000061f800000| Untracked 
| 127|0x000000061fc00000, 0x000000061fc00000, 0x0000000620000000|  0%| F|  |TAMS 0x000000061fc00000| PB 0x000000061fc00000| Untracked 
| 128|0x0000000620000000, 0x0000000620000000, 0x0000000620400000|  0%| F|  |TAMS 0x0000000620000000| PB 0x0000000620000000| Untracked 
| 129|0x0000000620400000, 0x0000000620400000, 0x0000000620800000|  0%| F|  |TAMS 0x0000000620400000| PB 0x0000000620400000| Untracked 
| 130|0x0000000620800000, 0x0000000620800000, 0x0000000620c00000|  0%| F|  |TAMS 0x0000000620800000| PB 0x0000000620800000| Untracked 
| 131|0x0000000620c00000, 0x0000000620c00000, 0x0000000621000000|  0%| F|  |TAMS 0x0000000620c00000| PB 0x0000000620c00000| Untracked 
| 132|0x0000000621000000, 0x0000000621000000, 0x0000000621400000|  0%| F|  |TAMS 0x0000000621000000| PB 0x0000000621000000| Untracked 
| 133|0x0000000621400000, 0x0000000621400000, 0x0000000621800000|  0%| F|  |TAMS 0x0000000621400000| PB 0x0000000621400000| Untracked 
| 134|0x0000000621800000, 0x0000000621800000, 0x0000000621c00000|  0%| F|  |TAMS 0x0000000621800000| PB 0x0000000621800000| Untracked 
| 135|0x0000000621c00000, 0x0000000621c00000, 0x0000000622000000|  0%| F|  |TAMS 0x0000000621c00000| PB 0x0000000621c00000| Untracked 
| 136|0x0000000622000000, 0x0000000622000000, 0x0000000622400000|  0%| F|  |TAMS 0x0000000622000000| PB 0x0000000622000000| Untracked 
| 137|0x0000000622400000, 0x0000000622400000, 0x0000000622800000|  0%| F|  |TAMS 0x0000000622400000| PB 0x0000000622400000| Untracked 
| 138|0x0000000622800000, 0x0000000622800000, 0x0000000622c00000|  0%| F|  |TAMS 0x0000000622800000| PB 0x0000000622800000| Untracked 
| 139|0x0000000622c00000, 0x0000000622c00000, 0x0000000623000000|  0%| F|  |TAMS 0x0000000622c00000| PB 0x0000000622c00000| Untracked 
| 140|0x0000000623000000, 0x0000000623000000, 0x0000000623400000|  0%| F|  |TAMS 0x0000000623000000| PB 0x0000000623000000| Untracked 
| 141|0x0000000623400000, 0x0000000623400000, 0x0000000623800000|  0%| F|  |TAMS 0x0000000623400000| PB 0x0000000623400000| Untracked 
| 142|0x0000000623800000, 0x0000000623800000, 0x0000000623c00000|  0%| F|  |TAMS 0x0000000623800000| PB 0x0000000623800000| Untracked 
| 143|0x0000000623c00000, 0x0000000623c00000, 0x0000000624000000|  0%| F|  |TAMS 0x0000000623c00000| PB 0x0000000623c00000| Untracked 
| 144|0x0000000624000000, 0x0000000624000000, 0x0000000624400000|  0%| F|  |TAMS 0x0000000624000000| PB 0x0000000624000000| Untracked 
| 145|0x0000000624400000, 0x0000000624400000, 0x0000000624800000|  0%| F|  |TAMS 0x0000000624400000| PB 0x0000000624400000| Untracked 
| 146|0x0000000624800000, 0x0000000624800000, 0x0000000624c00000|  0%| F|  |TAMS 0x0000000624800000| PB 0x0000000624800000| Untracked 
| 147|0x0000000624c00000, 0x0000000624c00000, 0x0000000625000000|  0%| F|  |TAMS 0x0000000624c00000| PB 0x0000000624c00000| Untracked 
| 148|0x0000000625000000, 0x0000000625000000, 0x0000000625400000|  0%| F|  |TAMS 0x0000000625000000| PB 0x0000000625000000| Untracked 
| 149|0x0000000625400000, 0x0000000625400000, 0x0000000625800000|  0%| F|  |TAMS 0x0000000625400000| PB 0x0000000625400000| Untracked 
| 150|0x0000000625800000, 0x0000000625800000, 0x0000000625c00000|  0%| F|  |TAMS 0x0000000625800000| PB 0x0000000625800000| Untracked 
| 151|0x0000000625c00000, 0x0000000625c00000, 0x0000000626000000|  0%| F|  |TAMS 0x0000000625c00000| PB 0x0000000625c00000| Untracked 
| 152|0x0000000626000000, 0x0000000626000000, 0x0000000626400000|  0%| F|  |TAMS 0x0000000626000000| PB 0x0000000626000000| Untracked 
| 153|0x0000000626400000, 0x0000000626400000, 0x0000000626800000|  0%| F|  |TAMS 0x0000000626400000| PB 0x0000000626400000| Untracked 
| 154|0x0000000626800000, 0x0000000626800000, 0x0000000626c00000|  0%| F|  |TAMS 0x0000000626800000| PB 0x0000000626800000| Untracked 
| 155|0x0000000626c00000, 0x0000000626c00000, 0x0000000627000000|  0%| F|  |TAMS 0x0000000626c00000| PB 0x0000000626c00000| Untracked 
| 156|0x0000000627000000, 0x0000000627000000, 0x0000000627400000|  0%| F|  |TAMS 0x0000000627000000| PB 0x0000000627000000| Untracked 
| 157|0x0000000627400000, 0x0000000627400000, 0x0000000627800000|  0%| F|  |TAMS 0x0000000627400000| PB 0x0000000627400000| Untracked 
| 158|0x0000000627800000, 0x0000000627800000, 0x0000000627c00000|  0%| F|  |TAMS 0x0000000627800000| PB 0x0000000627800000| Untracked 
| 159|0x0000000627c00000, 0x0000000627c00000, 0x0000000628000000|  0%| F|  |TAMS 0x0000000627c00000| PB 0x0000000627c00000| Untracked 
| 160|0x0000000628000000, 0x0000000628000000, 0x0000000628400000|  0%| F|  |TAMS 0x0000000628000000| PB 0x0000000628000000| Untracked 
| 161|0x0000000628400000, 0x0000000628400000, 0x0000000628800000|  0%| F|  |TAMS 0x0000000628400000| PB 0x0000000628400000| Untracked 
| 162|0x0000000628800000, 0x0000000628800000, 0x0000000628c00000|  0%| F|  |TAMS 0x0000000628800000| PB 0x0000000628800000| Untracked 
| 163|0x0000000628c00000, 0x0000000628c00000, 0x0000000629000000|  0%| F|  |TAMS 0x0000000628c00000| PB 0x0000000628c00000| Untracked 
| 164|0x0000000629000000, 0x0000000629000000, 0x0000000629400000|  0%| F|  |TAMS 0x0000000629000000| PB 0x0000000629000000| Untracked 
| 165|0x0000000629400000, 0x0000000629400000, 0x0000000629800000|  0%| F|  |TAMS 0x0000000629400000| PB 0x0000000629400000| Untracked 
| 166|0x0000000629800000, 0x0000000629800000, 0x0000000629c00000|  0%| F|  |TAMS 0x0000000629800000| PB 0x0000000629800000| Untracked 
| 167|0x0000000629c00000, 0x0000000629c00000, 0x000000062a000000|  0%| F|  |TAMS 0x0000000629c00000| PB 0x0000000629c00000| Untracked 
| 168|0x000000062a000000, 0x000000062a000000, 0x000000062a400000|  0%| F|  |TAMS 0x000000062a000000| PB 0x000000062a000000| Untracked 
| 169|0x000000062a400000, 0x000000062a400000, 0x000000062a800000|  0%| F|  |TAMS 0x000000062a400000| PB 0x000000062a400000| Untracked 
| 170|0x000000062a800000, 0x000000062a800000, 0x000000062ac00000|  0%| F|  |TAMS 0x000000062a800000| PB 0x000000062a800000| Untracked 
| 171|0x000000062ac00000, 0x000000062ac00000, 0x000000062b000000|  0%| F|  |TAMS 0x000000062ac00000| PB 0x000000062ac00000| Untracked 
| 172|0x000000062b000000, 0x000000062b000000, 0x000000062b400000|  0%| F|  |TAMS 0x000000062b000000| PB 0x000000062b000000| Untracked 
| 173|0x000000062b400000, 0x000000062b400000, 0x000000062b800000|  0%| F|  |TAMS 0x000000062b400000| PB 0x000000062b400000| Untracked 
| 174|0x000000062b800000, 0x000000062b800000, 0x000000062bc00000|  0%| F|  |TAMS 0x000000062b800000| PB 0x000000062b800000| Untracked 
| 175|0x000000062bc00000, 0x000000062bc00000, 0x000000062c000000|  0%| F|  |TAMS 0x000000062bc00000| PB 0x000000062bc00000| Untracked 
| 176|0x000000062c000000, 0x000000062c000000, 0x000000062c400000|  0%| F|  |TAMS 0x000000062c000000| PB 0x000000062c000000| Untracked 
| 177|0x000000062c400000, 0x000000062c400000, 0x000000062c800000|  0%| F|  |TAMS 0x000000062c400000| PB 0x000000062c400000| Untracked 
| 178|0x000000062c800000, 0x000000062c800000, 0x000000062cc00000|  0%| F|  |TAMS 0x000000062c800000| PB 0x000000062c800000| Untracked 
| 179|0x000000062cc00000, 0x000000062cc00000, 0x000000062d000000|  0%| F|  |TAMS 0x000000062cc00000| PB 0x000000062cc00000| Untracked 
| 180|0x000000062d000000, 0x000000062d000000, 0x000000062d400000|  0%| F|  |TAMS 0x000000062d000000| PB 0x000000062d000000| Untracked 
| 181|0x000000062d400000, 0x000000062d400000, 0x000000062d800000|  0%| F|  |TAMS 0x000000062d400000| PB 0x000000062d400000| Untracked 
| 182|0x000000062d800000, 0x000000062d800000, 0x000000062dc00000|  0%| F|  |TAMS 0x000000062d800000| PB 0x000000062d800000| Untracked 
| 183|0x000000062dc00000, 0x000000062dc00000, 0x000000062e000000|  0%| F|  |TAMS 0x000000062dc00000| PB 0x000000062dc00000| Untracked 
| 184|0x000000062e000000, 0x000000062e000000, 0x000000062e400000|  0%| F|  |TAMS 0x000000062e000000| PB 0x000000062e000000| Untracked 
| 185|0x000000062e400000, 0x000000062e400000, 0x000000062e800000|  0%| F|  |TAMS 0x000000062e400000| PB 0x000000062e400000| Untracked 
| 186|0x000000062e800000, 0x000000062e800000, 0x000000062ec00000|  0%| F|  |TAMS 0x000000062e800000| PB 0x000000062e800000| Untracked 
| 187|0x000000062ec00000, 0x000000062ec00000, 0x000000062f000000|  0%| F|  |TAMS 0x000000062ec00000| PB 0x000000062ec00000| Untracked 
| 188|0x000000062f000000, 0x000000062f000000, 0x000000062f400000|  0%| F|  |TAMS 0x000000062f000000| PB 0x000000062f000000| Untracked 
| 189|0x000000062f400000, 0x000000062f400000, 0x000000062f800000|  0%| F|  |TAMS 0x000000062f400000| PB 0x000000062f400000| Untracked 
| 190|0x000000062f800000, 0x000000062f800000, 0x000000062fc00000|  0%| F|  |TAMS 0x000000062f800000| PB 0x000000062f800000| Untracked 
| 191|0x000000062fc00000, 0x000000062fc00000, 0x0000000630000000|  0%| F|  |TAMS 0x000000062fc00000| PB 0x000000062fc00000| Untracked 
| 192|0x0000000630000000, 0x0000000630000000, 0x0000000630400000|  0%| F|  |TAMS 0x0000000630000000| PB 0x0000000630000000| Untracked 
| 193|0x0000000630400000, 0x0000000630400000, 0x0000000630800000|  0%| F|  |TAMS 0x0000000630400000| PB 0x0000000630400000| Untracked 
| 194|0x0000000630800000, 0x0000000630800000, 0x0000000630c00000|  0%| F|  |TAMS 0x0000000630800000| PB 0x0000000630800000| Untracked 
| 195|0x0000000630c00000, 0x0000000630c00000, 0x0000000631000000|  0%| F|  |TAMS 0x0000000630c00000| PB 0x0000000630c00000| Untracked 
| 196|0x0000000631000000, 0x0000000631000000, 0x0000000631400000|  0%| F|  |TAMS 0x0000000631000000| PB 0x0000000631000000| Untracked 
| 197|0x0000000631400000, 0x0000000631400000, 0x0000000631800000|  0%| F|  |TAMS 0x0000000631400000| PB 0x0000000631400000| Untracked 
| 198|0x0000000631800000, 0x0000000631800000, 0x0000000631c00000|  0%| F|  |TAMS 0x0000000631800000| PB 0x0000000631800000| Untracked 
| 199|0x0000000631c00000, 0x0000000631c00000, 0x0000000632000000|  0%| F|  |TAMS 0x0000000631c00000| PB 0x0000000631c00000| Untracked 
| 200|0x0000000632000000, 0x0000000632000000, 0x0000000632400000|  0%| F|  |TAMS 0x0000000632000000| PB 0x0000000632000000| Untracked 
| 201|0x0000000632400000, 0x0000000632400000, 0x0000000632800000|  0%| F|  |TAMS 0x0000000632400000| PB 0x0000000632400000| Untracked 
| 202|0x0000000632800000, 0x0000000632800000, 0x0000000632c00000|  0%| F|  |TAMS 0x0000000632800000| PB 0x0000000632800000| Untracked 
| 203|0x0000000632c00000, 0x0000000632c00000, 0x0000000633000000|  0%| F|  |TAMS 0x0000000632c00000| PB 0x0000000632c00000| Untracked 
| 204|0x0000000633000000, 0x0000000633000000, 0x0000000633400000|  0%| F|  |TAMS 0x0000000633000000| PB 0x0000000633000000| Untracked 
| 205|0x0000000633400000, 0x0000000633400000, 0x0000000633800000|  0%| F|  |TAMS 0x0000000633400000| PB 0x0000000633400000| Untracked 
| 206|0x0000000633800000, 0x0000000633800000, 0x0000000633c00000|  0%| F|  |TAMS 0x0000000633800000| PB 0x0000000633800000| Untracked 
| 207|0x0000000633c00000, 0x0000000633c00000, 0x0000000634000000|  0%| F|  |TAMS 0x0000000633c00000| PB 0x0000000633c00000| Untracked 
| 208|0x0000000634000000, 0x0000000634000000, 0x0000000634400000|  0%| F|  |TAMS 0x0000000634000000| PB 0x0000000634000000| Untracked 
| 209|0x0000000634400000, 0x0000000634400000, 0x0000000634800000|  0%| F|  |TAMS 0x0000000634400000| PB 0x0000000634400000| Untracked 
| 210|0x0000000634800000, 0x0000000634800000, 0x0000000634c00000|  0%| F|  |TAMS 0x0000000634800000| PB 0x0000000634800000| Untracked 
| 211|0x0000000634c00000, 0x0000000635000000, 0x0000000635000000|100%| S|CS|TAMS 0x0000000634c00000| PB 0x0000000634c00000| Complete 
| 212|0x0000000635000000, 0x0000000635000000, 0x0000000635400000|  0%| F|  |TAMS 0x0000000635000000| PB 0x0000000635000000| Untracked 
| 213|0x0000000635400000, 0x0000000635400000, 0x0000000635800000|  0%| F|  |TAMS 0x0000000635400000| PB 0x0000000635400000| Untracked 
| 214|0x0000000635800000, 0x0000000635c00000, 0x0000000635c00000|100%| S|CS|TAMS 0x0000000635800000| PB 0x0000000635800000| Complete 
| 215|0x0000000635c00000, 0x0000000635c00000, 0x0000000636000000|  0%| F|  |TAMS 0x0000000635c00000| PB 0x0000000635c00000| Untracked 
| 216|0x0000000636000000, 0x0000000636000000, 0x0000000636400000|  0%| F|  |TAMS 0x0000000636000000| PB 0x0000000636000000| Untracked 
| 217|0x0000000636400000, 0x0000000636400000, 0x0000000636800000|  0%| F|  |TAMS 0x0000000636400000| PB 0x0000000636400000| Untracked 
| 218|0x0000000636800000, 0x0000000636800000, 0x0000000636c00000|  0%| F|  |TAMS 0x0000000636800000| PB 0x0000000636800000| Untracked 
| 219|0x0000000636c00000, 0x0000000636c00000, 0x0000000637000000|  0%| F|  |TAMS 0x0000000636c00000| PB 0x0000000636c00000| Untracked 
| 220|0x0000000637000000, 0x0000000637000000, 0x0000000637400000|  0%| F|  |TAMS 0x0000000637000000| PB 0x0000000637000000| Untracked 
| 221|0x0000000637400000, 0x0000000637400000, 0x0000000637800000|  0%| F|  |TAMS 0x0000000637400000| PB 0x0000000637400000| Untracked 
| 222|0x0000000637800000, 0x0000000637800000, 0x0000000637c00000|  0%| F|  |TAMS 0x0000000637800000| PB 0x0000000637800000| Untracked 
|2045|0x00000007ff400000, 0x00000007ff800000, 0x00000007ff800000|100%| O|  |TAMS 0x00000007ff400000| PB 0x00000007ff400000| Untracked 
|2046|0x00000007ff800000, 0x00000007ff800000, 0x00000007ffc00000|  0%| F|  |TAMS 0x00000007ff800000| PB 0x00000007ff800000| Untracked 
|2047|0x00000007ffc00000, 0x0000000800000000, 0x0000000800000000|100%| O|  |TAMS 0x00000007ffc00000| PB 0x00000007ffc00000| Untracked 

Card table byte_map: [0x000001f562250000,0x000001f563250000] _byte_map_base: 0x000001f55f250000

Marking Bits: (CMBitMap*) 0x000001f55e18ba00
 Bits: [0x000001f563250000, 0x000001f56b250000)

Polling page: 0x000001f55be20000

Metaspace:

Usage:
  Non-class:    119.31 MB used.
      Class:     19.14 MB used.
       Both:    138.45 MB used.

Virtual space:
  Non-class space:      128.00 MB reserved,     120.62 MB ( 94%) committed,  2 nodes.
      Class space:        1.00 GB reserved,      20.31 MB (  2%) committed,  1 nodes.
             Both:        1.12 GB reserved,     140.94 MB ( 12%) committed. 

Chunk freelists:
   Non-Class:  6.75 MB
       Class:  11.63 MB
        Both:  18.38 MB

MaxMetaspaceSize: 4.00 GB
CompressedClassSpaceSize: 1.00 GB
Initial GC threshold: 21.00 MB
Current GC threshold: 234.50 MB
CDS: off
 - commit_granule_bytes: 65536.
 - commit_granule_words: 8192.
 - virtual_space_node_default_size: 8388608.
 - enlarge_chunks_in_place: 1.
 - use_allocation_guard: 0.


Internal statistics:

num_allocs_failed_limit: 6.
num_arena_births: 4780.
num_arena_deaths: 0.
num_vsnodes_births: 3.
num_vsnodes_deaths: 0.
num_space_committed: 2254.
num_space_uncommitted: 0.
num_chunks_returned_to_freelist: 6.
num_chunks_taken_from_freelist: 11131.
num_chunk_merges: 6.
num_chunk_splits: 7238.
num_chunks_enlarged: 4588.
num_inconsistent_stats: 0.

CodeHeap 'non-profiled nmethods': size=259328Kb used=16083Kb max_used=16083Kb free=243245Kb
 bounds [0x000001f5102c0000, 0x000001f511280000, 0x000001f520000000]
CodeHeap 'profiled nmethods': size=259264Kb used=35821Kb max_used=35821Kb free=223442Kb
 bounds [0x000001f500000000, 0x000001f502300000, 0x000001f50fd30000]
CodeHeap 'non-nmethods': size=5696Kb used=2807Kb max_used=2855Kb free=2888Kb
 bounds [0x000001f50fd30000, 0x000001f510010000, 0x000001f5102c0000]
CodeCache: size=524288Kb, used=54711Kb, max_used=54759Kb, free=469575Kb
 total_blobs=19243, nmethods=18166, adapters=979, full_count=0
Compilation: enabled, stopped_count=0, restarted_count=0

Compilation events (20 events):
Event: 1387.678 Thread 0x000001f56d6d2350 nmethod 21751 0x000001f5022f9b90 code [0x000001f5022f9d40, 0x000001f5022f9ee0]
Event: 1387.680 Thread 0x000001f56d6d2350 21752       3       com.android.build.gradle.internal.DependencyConfigurator::registerTransform$default (21 bytes)
Event: 1387.681 Thread 0x000001f56d6d2350 nmethod 21752 0x000001f5022f9f90 code [0x000001f5022fa140, 0x000001f5022fa2a0]
Event: 1387.683 Thread 0x000001f56d6d2350 21753       3       com.android.build.gradle.internal.tasks.factory.BootClasspathConfigImpl$sam$org_gradle_api_Transformer$0::<init> (16 bytes)
Event: 1387.684 Thread 0x000001f56d6d2350 nmethod 21753 0x000001f5022fa390 code [0x000001f5022fa5c0, 0x000001f5022fac28]
Event: 1387.706 Thread 0x000001f56d6d2350 21754       1       com.android.build.gradle.internal.dsl.LibraryExtensionImpl$AgpDecorated::getSplits (5 bytes)
Event: 1387.707 Thread 0x000001f56d6d2350 nmethod 21754 0x000001f511266210 code [0x000001f5112663a0, 0x000001f511266470]
Event: 1387.710 Thread 0x000001f56d6d2350 21755       3       org.gradle.internal.action.DefaultConfigurableRule::of (49 bytes)
Event: 1387.711 Thread 0x000001f56d6d2350 nmethod 21755 0x000001f5022fae90 code [0x000001f5022fb100, 0x000001f5022fbc38]
Event: 1387.733 Thread 0x000001f56d6d2350 21756       1       org.gradle.api.internal.artifacts.repositories.DefaultRepositoryContentDescriptor::getIncludedConfigurations (5 bytes)
Event: 1387.734 Thread 0x000001f56d6d2350 nmethod 21756 0x000001f511266510 code [0x000001f5112666a0, 0x000001f511266770]
Event: 1387.734 Thread 0x000001f56d6d2350 21757       1       org.gradle.api.internal.artifacts.repositories.DefaultRepositoryContentDescriptor::getExcludedConfigurations (5 bytes)
Event: 1387.734 Thread 0x000001f56d6d2350 nmethod 21757 0x000001f511266810 code [0x000001f5112669a0, 0x000001f511266a70]
Event: 1387.734 Thread 0x000001f56d6d2350 21758       1       org.gradle.api.internal.artifacts.repositories.DefaultRepositoryContentDescriptor::getRequiredAttributes (5 bytes)
Event: 1387.734 Thread 0x000001f56d6d2350 nmethod 21758 0x000001f511266b10 code [0x000001f511266ca0, 0x000001f511266d70]
Event: 1388.293 Thread 0x000001f56d6cf100 nmethod 21679 0x000001f511266e10 code [0x000001f5112676c0, 0x000001f51126fbe8]
Event: 1388.293 Thread 0x000001f56d6cf100 21722  s!   4       java.lang.StackTraceElement::computeFormat (71 bytes)
Event: 1388.299 Thread 0x000001f56d6cf100 nmethod 21722 0x000001f511273b10 code [0x000001f511273ce0, 0x000001f511274278]
Event: 1388.299 Thread 0x000001f56d6cf100 21678       4       com.android.build.gradle.internal.cxx.settings.SettingsEnvironment::copy$default (76 bytes)
Event: 1388.303 Thread 0x000001f56d6cf100 nmethod 21678 0x000001f511274510 code [0x000001f5112746c0, 0x000001f511274990]

GC Heap History (20 events):
Event: 1336.321 GC heap after
{Heap after GC invocations=113 (full 0):
 garbage-first heap   total 548864K, used 268104K [0x0000000600000000, 0x0000000800000000)
  region size 4096K, 1 young (4096K), 1 survivors (4096K)
 Metaspace       used 141348K, committed 143872K, reserved 1179648K
  class space    used 19591K, committed 20800K, reserved 1048576K
}
Event: 1336.429 GC heap before
{Heap before GC invocations=113 (full 0):
 garbage-first heap   total 548864K, used 288584K [0x0000000600000000, 0x0000000800000000)
  region size 4096K, 6 young (24576K), 1 survivors (4096K)
 Metaspace       used 141348K, committed 143872K, reserved 1179648K
  class space    used 19591K, committed 20800K, reserved 1048576K
}
Event: 1336.452 GC heap after
{Heap after GC invocations=114 (full 0):
 garbage-first heap   total 548864K, used 268619K [0x0000000600000000, 0x0000000800000000)
  region size 4096K, 1 young (4096K), 1 survivors (4096K)
 Metaspace       used 141348K, committed 143872K, reserved 1179648K
  class space    used 19591K, committed 20800K, reserved 1048576K
}
Event: 1352.369 GC heap before
{Heap before GC invocations=114 (full 0):
 garbage-first heap   total 548864K, used 293195K [0x0000000600000000, 0x0000000800000000)
  region size 4096K, 7 young (28672K), 1 survivors (4096K)
 Metaspace       used 141405K, committed 143936K, reserved 1179648K
  class space    used 19592K, committed 20800K, reserved 1048576K
}
Event: 1352.467 GC heap after
{Heap after GC invocations=115 (full 0):
 garbage-first heap   total 548864K, used 270929K [0x0000000600000000, 0x0000000800000000)
  region size 4096K, 1 young (4096K), 1 survivors (4096K)
 Metaspace       used 141405K, committed 143936K, reserved 1179648K
  class space    used 19592K, committed 20800K, reserved 1048576K
}
Event: 1360.666 GC heap before
{Heap before GC invocations=115 (full 0):
 garbage-first heap   total 548864K, used 291409K [0x0000000600000000, 0x0000000800000000)
  region size 4096K, 6 young (24576K), 1 survivors (4096K)
 Metaspace       used 141514K, committed 144064K, reserved 1179648K
  class space    used 19593K, committed 20800K, reserved 1048576K
}
Event: 1360.741 GC heap after
{Heap after GC invocations=116 (full 0):
 garbage-first heap   total 548864K, used 273721K [0x0000000600000000, 0x0000000800000000)
  region size 4096K, 1 young (4096K), 1 survivors (4096K)
 Metaspace       used 141514K, committed 144064K, reserved 1179648K
  class space    used 19593K, committed 20800K, reserved 1048576K
}
Event: 1368.776 GC heap before
{Heap before GC invocations=117 (full 0):
 garbage-first heap   total 548864K, used 294201K [0x0000000600000000, 0x0000000800000000)
  region size 4096K, 6 young (24576K), 1 survivors (4096K)
 Metaspace       used 141519K, committed 144064K, reserved 1179648K
  class space    used 19593K, committed 20800K, reserved 1048576K
}
Event: 1368.793 GC heap after
{Heap after GC invocations=118 (full 0):
 garbage-first heap   total 548864K, used 276344K [0x0000000600000000, 0x0000000800000000)
  region size 4096K, 1 young (4096K), 1 survivors (4096K)
 Metaspace       used 141519K, committed 144064K, reserved 1179648K
  class space    used 19593K, committed 20800K, reserved 1048576K
}
Event: 1373.020 GC heap before
{Heap before GC invocations=118 (full 0):
 garbage-first heap   total 548864K, used 305016K [0x0000000600000000, 0x0000000800000000)
  region size 4096K, 9 young (36864K), 1 survivors (4096K)
 Metaspace       used 141551K, committed 144128K, reserved 1179648K
  class space    used 19593K, committed 20800K, reserved 1048576K
}
Event: 1373.074 GC heap after
{Heap after GC invocations=119 (full 0):
 garbage-first heap   total 548864K, used 278836K [0x0000000600000000, 0x0000000800000000)
  region size 4096K, 2 young (8192K), 2 survivors (8192K)
 Metaspace       used 141551K, committed 144128K, reserved 1179648K
  class space    used 19593K, committed 20800K, reserved 1048576K
}
Event: 1374.379 GC heap before
{Heap before GC invocations=119 (full 0):
 garbage-first heap   total 548864K, used 299316K [0x0000000600000000, 0x0000000800000000)
  region size 4096K, 7 young (28672K), 2 survivors (8192K)
 Metaspace       used 141566K, committed 144128K, reserved 1179648K
  class space    used 19594K, committed 20800K, reserved 1048576K
}
Event: 1374.571 GC heap after
{Heap after GC invocations=120 (full 0):
 garbage-first heap   total 925696K, used 278943K [0x0000000600000000, 0x0000000800000000)
  region size 4096K, 1 young (4096K), 1 survivors (4096K)
 Metaspace       used 141566K, committed 144128K, reserved 1179648K
  class space    used 19594K, committed 20800K, reserved 1048576K
}
Event: 1379.485 GC heap before
{Heap before GC invocations=120 (full 0):
 garbage-first heap   total 925696K, used 315807K [0x0000000600000000, 0x0000000800000000)
  region size 4096K, 11 young (45056K), 1 survivors (4096K)
 Metaspace       used 141596K, committed 144192K, reserved 1179648K
  class space    used 19594K, committed 20800K, reserved 1048576K
}
Event: 1379.614 GC heap after
{Heap after GC invocations=121 (full 0):
 garbage-first heap   total 925696K, used 283253K [0x0000000600000000, 0x0000000800000000)
  region size 4096K, 2 young (8192K), 2 survivors (8192K)
 Metaspace       used 141596K, committed 144192K, reserved 1179648K
  class space    used 19594K, committed 20800K, reserved 1048576K
}
Event: 1383.471 GC heap before
{Heap before GC invocations=121 (full 0):
 garbage-first heap   total 925696K, used 320117K [0x0000000600000000, 0x0000000800000000)
  region size 4096K, 11 young (45056K), 2 survivors (8192K)
 Metaspace       used 141626K, committed 144192K, reserved 1179648K
  class space    used 19594K, committed 20800K, reserved 1048576K
}
Event: 1383.638 GC heap after
{Heap after GC invocations=122 (full 0):
 garbage-first heap   total 925696K, used 289375K [0x0000000600000000, 0x0000000800000000)
  region size 4096K, 2 young (8192K), 2 survivors (8192K)
 Metaspace       used 141626K, committed 144192K, reserved 1179648K
  class space    used 19594K, committed 20800K, reserved 1048576K
}
Event: 1385.920 GC heap before
{Heap before GC invocations=122 (full 0):
 garbage-first heap   total 925696K, used 322143K [0x0000000600000000, 0x0000000800000000)
  region size 4096K, 11 young (45056K), 2 survivors (8192K)
 Metaspace       used 141666K, committed 144256K, reserved 1179648K
  class space    used 19595K, committed 20800K, reserved 1048576K
}
Event: 1386.207 GC heap after
{Heap after GC invocations=123 (full 0):
 garbage-first heap   total 925696K, used 292600K [0x0000000600000000, 0x0000000800000000)
  region size 4096K, 2 young (8192K), 2 survivors (8192K)
 Metaspace       used 141666K, committed 144256K, reserved 1179648K
  class space    used 19595K, committed 20800K, reserved 1048576K
}
Event: 1388.305 GC heap before
{Heap before GC invocations=123 (full 0):
 garbage-first heap   total 925696K, used 329464K [0x0000000600000000, 0x0000000800000000)
  region size 4096K, 11 young (45056K), 2 survivors (8192K)
 Metaspace       used 141771K, committed 144320K, reserved 1179648K
  class space    used 19596K, committed 20800K, reserved 1048576K
}

Dll operation events (3 events):
Event: 0.197 Loaded shared library C:\Program Files\Android\Android Studio\jbr\bin\java.dll
Event: 0.243 Loaded shared library C:\Program Files\Android\Android Studio\jbr\bin\zip.dll
Event: 15.870 Loaded shared library C:\Program Files\Android\Android Studio\jbr\bin\verify.dll

Deoptimization events (20 events):
Event: 1384.629 Thread 0x000001f56d8d5d80 DEOPT PACKING pc=0x000001f51118e024 sp=0x000000a0403f88d0
Event: 1384.629 Thread 0x000001f56d8d5d80 DEOPT UNPACKING pc=0x000001f50fd84422 sp=0x000000a0403f8880 mode 2
Event: 1384.634 Thread 0x000001f56d8d5d80 Uncommon trap: trap_request=0xffffff76 fr.pc=0x000001f51123aacc relative=0x000000000000022c
Event: 1384.634 Thread 0x000001f56d8d5d80 Uncommon trap: reason=predicate action=maybe_recompile pc=0x000001f51123aacc method=java.util.HashMap.keysToArray([Ljava/lang/Object;)[Ljava/lang/Object; @ 48 c2
Event: 1384.634 Thread 0x000001f56d8d5d80 DEOPT PACKING pc=0x000001f51123aacc sp=0x000000a0403f81a0
Event: 1384.634 Thread 0x000001f56d8d5d80 DEOPT UNPACKING pc=0x000001f50fd84422 sp=0x000000a0403f8138 mode 2
Event: 1384.688 Thread 0x000001f56d8d5d80 Uncommon trap: trap_request=0xffffffbe fr.pc=0x000001f51118e024 relative=0x0000000000000364
Event: 1384.688 Thread 0x000001f56d8d5d80 Uncommon trap: reason=profile_predicate action=maybe_recompile pc=0x000001f51118e024 method=java.util.HashMap.keysToArray([Ljava/lang/Object;)[Ljava/lang/Object; @ 32 c2
Event: 1384.688 Thread 0x000001f56d8d5d80 DEOPT PACKING pc=0x000001f51118e024 sp=0x000000a0403f81b0
Event: 1384.688 Thread 0x000001f56d8d5d80 DEOPT UNPACKING pc=0x000001f50fd84422 sp=0x000000a0403f8160 mode 2
Event: 1384.704 Thread 0x000001f56d8d5d80 Uncommon trap: trap_request=0xffffffd6 fr.pc=0x000001f51123b3bc relative=0x000000000000047c
Event: 1384.704 Thread 0x000001f56d8d5d80 Uncommon trap: reason=array_check action=maybe_recompile pc=0x000001f51123b3bc method=java.util.HashMap.keysToArray([Ljava/lang/Object;)[Ljava/lang/Object; @ 62 c2
Event: 1384.704 Thread 0x000001f56d8d5d80 DEOPT PACKING pc=0x000001f51123b3bc sp=0x000000a0403f81c0
Event: 1384.704 Thread 0x000001f56d8d5d80 DEOPT UNPACKING pc=0x000001f50fd84422 sp=0x000000a0403f8148 mode 2
Event: 1384.709 Thread 0x000001f56d8d5d80 Uncommon trap: trap_request=0xffffffd6 fr.pc=0x000001f51123b3bc relative=0x000000000000047c
Event: 1384.709 Thread 0x000001f56d8d5d80 Uncommon trap: reason=array_check action=maybe_recompile pc=0x000001f51123b3bc method=java.util.HashMap.keysToArray([Ljava/lang/Object;)[Ljava/lang/Object; @ 62 c2
Event: 1384.709 Thread 0x000001f56d8d5d80 DEOPT PACKING pc=0x000001f51123b3bc sp=0x000000a0403f8900
Event: 1384.709 Thread 0x000001f56d8d5d80 DEOPT UNPACKING pc=0x000001f50fd84422 sp=0x000000a0403f8888 mode 2
Event: 1385.548 Thread 0x000001f56d8d5d80 DEOPT PACKING pc=0x000001f500c52982 sp=0x000000a0403f7ce0
Event: 1385.548 Thread 0x000001f56d8d5d80 DEOPT UNPACKING pc=0x000001f50fd84bc2 sp=0x000000a0403f7078 mode 0

Classes loaded (20 events):
Event: 1169.886 Loading class sun/reflect/misc/MethodUtil$1
Event: 1169.900 Loading class sun/reflect/misc/MethodUtil$1 done
Event: 1176.840 Loading class java/nio/file/StandardCopyOption
Event: 1176.842 Loading class java/nio/file/StandardCopyOption done
Event: 1176.842 Loading class sun/nio/fs/WindowsFileCopy
Event: 1176.871 Loading class sun/nio/fs/WindowsFileCopy done
Event: 1177.091 Loading class sun/nio/fs/WindowsSecurity$Privilege
Event: 1177.098 Loading class sun/nio/fs/WindowsSecurity$Privilege done
Event: 1196.327 Loading class java/util/Collections$EmptyListIterator
Event: 1196.332 Loading class java/util/Collections$EmptyListIterator done
Event: 1196.569 Loading class java/io/CharArrayWriter
Event: 1196.572 Loading class java/io/CharArrayWriter done
Event: 1198.811 Loading class java/net/UrlDeserializedState
Event: 1198.819 Loading class java/net/UrlDeserializedState done
Event: 1199.016 Loading class java/util/concurrent/CompletableFuture$AsyncRun
Event: 1199.042 Loading class java/util/concurrent/CompletableFuture$AsyncRun done
Event: 1199.042 Loading class java/util/concurrent/ForkJoinTask$Aux
Event: 1199.080 Loading class java/util/concurrent/ForkJoinTask$Aux done
Event: 1233.148 Loading class jdk/internal/math/FormattedFPDecimal
Event: 1233.160 Loading class jdk/internal/math/FormattedFPDecimal done

Classes unloaded (0 events):
No events

Classes redefined (0 events):
No events

Internal exceptions (20 events):
Event: 1387.100 Thread 0x000001f56d8d5d80 Exception <a 'sun/nio/fs/WindowsException'{0x0000000636a5bee0}> (0x0000000636a5bee0) 
thrown [s\src\hotspot\share\prims\jni.cpp, line 537]
Event: 1387.102 Thread 0x000001f56d8d5d80 Exception <a 'sun/nio/fs/WindowsException'{0x0000000636a5dc68}> (0x0000000636a5dc68) 
thrown [s\src\hotspot\share\prims\jni.cpp, line 537]
Event: 1387.103 Thread 0x000001f56d8d5d80 Exception <a 'sun/nio/fs/WindowsException'{0x0000000636a61060}> (0x0000000636a61060) 
thrown [s\src\hotspot\share\prims\jni.cpp, line 537]
Event: 1387.103 Thread 0x000001f56d8d5d80 Exception <a 'sun/nio/fs/WindowsException'{0x0000000636a62af0}> (0x0000000636a62af0) 
thrown [s\src\hotspot\share\prims\jni.cpp, line 537]
Event: 1387.138 Thread 0x000001f56d8d5d80 Exception <a 'sun/nio/fs/WindowsException'{0x0000000636af5ef8}> (0x0000000636af5ef8) 
thrown [s\src\hotspot\share\prims\jni.cpp, line 537]
Event: 1387.139 Thread 0x000001f56d8d5d80 Exception <a 'sun/nio/fs/WindowsException'{0x0000000636af7c38}> (0x0000000636af7c38) 
thrown [s\src\hotspot\share\prims\jni.cpp, line 537]
Event: 1387.141 Thread 0x000001f56d8d5d80 Exception <a 'sun/nio/fs/WindowsException'{0x0000000636afb000}> (0x0000000636afb000) 
thrown [s\src\hotspot\share\prims\jni.cpp, line 537]
Event: 1387.142 Thread 0x000001f56d8d5d80 Exception <a 'sun/nio/fs/WindowsException'{0x0000000636afca80}> (0x0000000636afca80) 
thrown [s\src\hotspot\share\prims\jni.cpp, line 537]
Event: 1387.164 Thread 0x000001f56d8d5d80 Exception <a 'sun/nio/fs/WindowsException'{0x0000000636b88c60}> (0x0000000636b88c60) 
thrown [s\src\hotspot\share\prims\jni.cpp, line 537]
Event: 1387.165 Thread 0x000001f56d8d5d80 Exception <a 'sun/nio/fs/WindowsException'{0x0000000636b8a9a0}> (0x0000000636b8a9a0) 
thrown [s\src\hotspot\share\prims\jni.cpp, line 537]
Event: 1387.165 Thread 0x000001f56d8d5d80 Exception <a 'sun/nio/fs/WindowsException'{0x0000000636b8dd60}> (0x0000000636b8dd60) 
thrown [s\src\hotspot\share\prims\jni.cpp, line 537]
Event: 1387.166 Thread 0x000001f56d8d5d80 Exception <a 'sun/nio/fs/WindowsException'{0x0000000636b8f7e0}> (0x0000000636b8f7e0) 
thrown [s\src\hotspot\share\prims\jni.cpp, line 537]
Event: 1387.216 Thread 0x000001f56d8d5d80 Exception <a 'sun/nio/fs/WindowsException'{0x0000000636415b78}> (0x0000000636415b78) 
thrown [s\src\hotspot\share\prims\jni.cpp, line 537]
Event: 1387.216 Thread 0x000001f56d8d5d80 Exception <a 'sun/nio/fs/WindowsException'{0x00000006364178a8}> (0x00000006364178a8) 
thrown [s\src\hotspot\share\prims\jni.cpp, line 537]
Event: 1387.220 Thread 0x000001f56d8d5d80 Exception <a 'sun/nio/fs/WindowsException'{0x000000063641ac50}> (0x000000063641ac50) 
thrown [s\src\hotspot\share\prims\jni.cpp, line 537]
Event: 1387.220 Thread 0x000001f56d8d5d80 Exception <a 'sun/nio/fs/WindowsException'{0x000000063641c698}> (0x000000063641c698) 
thrown [s\src\hotspot\share\prims\jni.cpp, line 537]
Event: 1387.240 Thread 0x000001f56d8d5d80 Exception <a 'sun/nio/fs/WindowsException'{0x00000006364a3878}> (0x00000006364a3878) 
thrown [s\src\hotspot\share\prims\jni.cpp, line 537]
Event: 1387.241 Thread 0x000001f56d8d5d80 Exception <a 'sun/nio/fs/WindowsException'{0x00000006364a55a8}> (0x00000006364a55a8) 
thrown [s\src\hotspot\share\prims\jni.cpp, line 537]
Event: 1387.244 Thread 0x000001f56d8d5d80 Exception <a 'sun/nio/fs/WindowsException'{0x00000006364a8968}> (0x00000006364a8968) 
thrown [s\src\hotspot\share\prims\jni.cpp, line 537]
Event: 1387.245 Thread 0x000001f56d8d5d80 Exception <a 'sun/nio/fs/WindowsException'{0x00000006364aa3e8}> (0x00000006364aa3e8) 
thrown [s\src\hotspot\share\prims\jni.cpp, line 537]

ZGC Phase Switch (0 events):
No events

VM Operations (20 events):
Event: 1378.629 Executing safepoint VM operation: Cleanup done
Event: 1379.015 Executing safepoint VM operation: G1CollectForAllocation (G1 Evacuation Pause)
Event: 1379.615 Executing safepoint VM operation: G1CollectForAllocation (G1 Evacuation Pause) done
Event: 1380.621 Executing safepoint VM operation: Cleanup
Event: 1380.637 Executing safepoint VM operation: Cleanup done
Event: 1381.650 Executing safepoint VM operation: Cleanup
Event: 1381.650 Executing safepoint VM operation: Cleanup done
Event: 1382.660 Executing safepoint VM operation: Cleanup
Event: 1382.660 Executing safepoint VM operation: Cleanup done
Event: 1383.461 Executing safepoint VM operation: G1CollectForAllocation (G1 Evacuation Pause)
Event: 1383.638 Executing safepoint VM operation: G1CollectForAllocation (G1 Evacuation Pause) done
Event: 1385.641 Executing safepoint VM operation: Cleanup
Event: 1385.641 Executing safepoint VM operation: Cleanup done
Event: 1385.920 Executing safepoint VM operation: G1CollectForAllocation (G1 Evacuation Pause)
Event: 1386.207 Executing safepoint VM operation: G1CollectForAllocation (G1 Evacuation Pause) done
Event: 1387.216 Executing safepoint VM operation: Cleanup
Event: 1387.217 Executing safepoint VM operation: Cleanup done
Event: 1388.218 Executing safepoint VM operation: Cleanup
Event: 1388.264 Executing safepoint VM operation: Cleanup done
Event: 1388.305 Executing safepoint VM operation: G1CollectForAllocation (G1 Evacuation Pause)

Memory protections (0 events):
No events

Nmethod flushes (20 events):
Event: 1364.890 Thread 0x000001f56d528560 flushing  nmethod 0x000001f500fc0390
Event: 1364.890 Thread 0x000001f56d528560 flushing  nmethod 0x000001f500fc3c10
Event: 1364.890 Thread 0x000001f56d528560 flushing  nmethod 0x000001f500fd8a10
Event: 1364.890 Thread 0x000001f56d528560 flushing  nmethod 0x000001f500fde190
Event: 1364.890 Thread 0x000001f56d528560 flushing  nmethod 0x000001f5010bef90
Event: 1364.890 Thread 0x000001f56d528560 flushing  nmethod 0x000001f5010e5390
Event: 1364.890 Thread 0x000001f56d528560 flushing  nmethod 0x000001f50115a110
Event: 1364.890 Thread 0x000001f56d528560 flushing  nmethod 0x000001f50118e710
Event: 1364.890 Thread 0x000001f56d528560 flushing  nmethod 0x000001f5011e1c10
Event: 1364.890 Thread 0x000001f56d528560 flushing  nmethod 0x000001f501270810
Event: 1364.890 Thread 0x000001f56d528560 flushing  nmethod 0x000001f501274590
Event: 1364.890 Thread 0x000001f56d528560 flushing  nmethod 0x000001f5013ab990
Event: 1364.890 Thread 0x000001f56d528560 flushing  nmethod 0x000001f5013bbe10
Event: 1364.890 Thread 0x000001f56d528560 flushing  nmethod 0x000001f501414790
Event: 1364.890 Thread 0x000001f56d528560 flushing  nmethod 0x000001f501486a10
Event: 1364.890 Thread 0x000001f56d528560 flushing  nmethod 0x000001f5014ce110
Event: 1364.890 Thread 0x000001f56d528560 flushing  nmethod 0x000001f501683a10
Event: 1364.890 Thread 0x000001f56d528560 flushing  nmethod 0x000001f50171a990
Event: 1364.890 Thread 0x000001f56d528560 flushing  nmethod 0x000001f501871290
Event: 1364.891 Thread 0x000001f56d528560 flushing  nmethod 0x000001f501a2dd90

Events (20 events):
Event: 1322.063 Thread 0x000001f57c791d60 Thread added: 0x000001f57653d920
Event: 1323.469 Thread 0x000001f57c791d60 Thread added: 0x000001f57653b850
Event: 1324.475 Thread 0x000001f57c791d60 Thread added: 0x000001f57653cc00
Event: 1332.749 Thread 0x000001f56d8d5d80 Thread added: 0x000001f57653f360
Event: 1334.679 Thread 0x000001f56d8d5d80 Thread added: 0x000001f57653e640
Event: 1348.210 Thread 0x000001f56d8d5d80 Thread added: 0x000001f57653ecd0
Event: 1367.426 Thread 0x000001f56d8d5d80 Thread added: 0x000001f5739ce000
Event: 1368.631 Thread 0x000001f56d8d5d80 Thread added: 0x000001f5739d21a0
Event: 1369.098 Thread 0x000001f56d8d5d80 Thread added: 0x000001f5739d0df0
Event: 1371.651 Thread 0x000001f56d8d5d80 Thread added: 0x000001f5739ce690
Event: 1373.195 Thread 0x000001f56d8d5d80 Thread added: 0x000001f5739cf3b0
Event: 1375.427 Thread 0x000001f56d8d5d80 Thread added: 0x000001f5739cd970
Event: 1375.890 Thread 0x000001f56d8d5d80 Thread added: 0x000001f5739ced20
Event: 1378.288 Thread 0x000001f56d8d5d80 Thread added: 0x000001f56d8d77c0
Event: 1378.861 Thread 0x000001f56d8d5d80 Thread added: 0x000001f56d8d6aa0
Event: 1383.064 Thread 0x000001f56d8d5d80 Thread added: 0x000001f56d8d8b70
Event: 1383.458 Thread 0x000001f56d8d5d80 Thread added: 0x000001f56d8d7130
Event: 1385.285 Thread 0x000001f57c791040 Thread exited: 0x000001f57c791040
Event: 1385.645 Thread 0x000001f56d8d5d80 Thread added: 0x000001f574faa5e0
Event: 1385.869 Thread 0x000001f56d8d5d80 Thread added: 0x000001f574fac020


Dynamic libraries:
0x00007ff6456d0000 - 0x00007ff6456da000 	C:\Program Files\Android\Android Studio\jbr\bin\java.exe
0x00007ffe4e8b0000 - 0x00007ffe4eaa8000 	C:\Windows\SYSTEM32\ntdll.dll
0x00007ffe4e320000 - 0x00007ffe4e3e2000 	C:\Windows\System32\KERNEL32.DLL
0x00007ffe4c370000 - 0x00007ffe4c666000 	C:\Windows\System32\KERNELBASE.dll
0x00007ffe4c270000 - 0x00007ffe4c370000 	C:\Windows\System32\ucrtbase.dll
0x00007ffe47410000 - 0x00007ffe47428000 	C:\Program Files\Android\Android Studio\jbr\bin\jli.dll
0x00007ffe47040000 - 0x00007ffe4705b000 	C:\Program Files\Android\Android Studio\jbr\bin\VCRUNTIME140.dll
0x00007ffe4e170000 - 0x00007ffe4e311000 	C:\Windows\System32\USER32.dll
0x00007ffe4c8a0000 - 0x00007ffe4c8c2000 	C:\Windows\System32\win32u.dll
0x00007ffe4e0c0000 - 0x00007ffe4e0eb000 	C:\Windows\System32\GDI32.dll
0x00007ffe4bf40000 - 0x00007ffe4c059000 	C:\Windows\System32\gdi32full.dll
0x00007ffe4c6f0000 - 0x00007ffe4c78d000 	C:\Windows\System32\msvcp_win.dll
0x00007ffe3d650000 - 0x00007ffe3d8eb000 	C:\Windows\WinSxS\amd64_microsoft.windows.common-controls_6595b64144ccf1df_6.0.19041.6456_none_60b8a6cb71f64256\COMCTL32.dll
0x00007ffe4d760000 - 0x00007ffe4d7fe000 	C:\Windows\System32\msvcrt.dll
0x00007ffe4d5a0000 - 0x00007ffe4d5cf000 	C:\Windows\System32\IMM32.DLL
0x00007ffe486c0000 - 0x00007ffe486cc000 	C:\Program Files\Android\Android Studio\jbr\bin\vcruntime140_1.dll
0x00007ffe46fb0000 - 0x00007ffe4703d000 	C:\Program Files\Android\Android Studio\jbr\bin\msvcp140.dll
0x00007ffe2ce50000 - 0x00007ffe2dae6000 	C:\Program Files\Android\Android Studio\jbr\bin\server\jvm.dll
0x00007ffe4db90000 - 0x00007ffe4dc41000 	C:\Windows\System32\ADVAPI32.dll
0x00007ffe4d9b0000 - 0x00007ffe4da4f000 	C:\Windows\System32\sechost.dll
0x00007ffe4d480000 - 0x00007ffe4d5a0000 	C:\Windows\System32\RPCRT4.dll
0x00007ffe4c6c0000 - 0x00007ffe4c6e7000 	C:\Windows\System32\bcrypt.dll
0x00007ffe4d8e0000 - 0x00007ffe4d94b000 	C:\Windows\System32\WS2_32.dll
0x00007ffe4bda0000 - 0x00007ffe4bdeb000 	C:\Windows\SYSTEM32\POWRPROF.dll
0x00007ffe424a0000 - 0x00007ffe424c7000 	C:\Windows\SYSTEM32\WINMM.dll
0x00007ffe44a50000 - 0x00007ffe44a5a000 	C:\Windows\SYSTEM32\VERSION.dll
0x00007ffe4bd80000 - 0x00007ffe4bd92000 	C:\Windows\SYSTEM32\UMPDC.dll
0x00007ffe49db0000 - 0x00007ffe49dc2000 	C:\Windows\SYSTEM32\kernel.appcore.dll
0x00007ffe47400000 - 0x00007ffe4740a000 	C:\Program Files\Android\Android Studio\jbr\bin\jimage.dll
0x00007ffe357b0000 - 0x00007ffe359b1000 	C:\Windows\SYSTEM32\DBGHELP.DLL
0x00007ffe35740000 - 0x00007ffe35774000 	C:\Windows\SYSTEM32\dbgcore.DLL
0x00007ffe4c790000 - 0x00007ffe4c812000 	C:\Windows\System32\bcryptPrimitives.dll
0x00007ffe473e0000 - 0x00007ffe473ee000 	C:\Program Files\Android\Android Studio\jbr\bin\instrument.dll
0x00007ffe46f90000 - 0x00007ffe46fb0000 	C:\Program Files\Android\Android Studio\jbr\bin\java.dll
0x00007ffe46f70000 - 0x00007ffe46f88000 	C:\Program Files\Android\Android Studio\jbr\bin\zip.dll
0x00007ffe4c960000 - 0x00007ffe4d0d0000 	C:\Windows\System32\SHELL32.dll
0x00007ffe49fb0000 - 0x00007ffe4a755000 	C:\Windows\SYSTEM32\windows.storage.dll
0x00007ffe4e3f0000 - 0x00007ffe4e744000 	C:\Windows\System32\combase.dll
0x00007ffe4b890000 - 0x00007ffe4b8bb000 	C:\Windows\SYSTEM32\Wldp.dll
0x00007ffe4d800000 - 0x00007ffe4d8cd000 	C:\Windows\System32\OLEAUT32.dll
0x00007ffe4e7c0000 - 0x00007ffe4e86d000 	C:\Windows\System32\SHCORE.dll
0x00007ffe4d650000 - 0x00007ffe4d6ab000 	C:\Windows\System32\shlwapi.dll
0x00007ffe4be70000 - 0x00007ffe4be94000 	C:\Windows\SYSTEM32\profapi.dll
0x00007ffe46f60000 - 0x00007ffe46f70000 	C:\Program Files\Android\Android Studio\jbr\bin\net.dll
0x00007ffe43a60000 - 0x00007ffe43b6a000 	C:\Windows\SYSTEM32\WINHTTP.dll
0x00007ffe4b5f0000 - 0x00007ffe4b65a000 	C:\Windows\system32\mswsock.dll
0x00007ffe46f40000 - 0x00007ffe46f56000 	C:\Program Files\Android\Android Studio\jbr\bin\nio.dll
0x00007ffe46f30000 - 0x00007ffe46f40000 	C:\Program Files\Android\Android Studio\jbr\bin\verify.dll
0x00007ffe3c160000 - 0x00007ffe3c187000 	C:\Users\vinay\.gradle\native\1def1411415f61bf3af743bc5b6707747c0891f09f0c88961ee8f79bc544acac\windows-amd64\native-platform.dll
0x00007ffe48700000 - 0x00007ffe48778000 	C:\Users\vinay\.gradle\native\0.2.7\x86_64-windows-gnu\gradle-fileevents.dll
0x00007ffe46f20000 - 0x00007ffe46f29000 	C:\Program Files\Android\Android Studio\jbr\bin\management.dll
0x00007ffe46f10000 - 0x00007ffe46f1b000 	C:\Program Files\Android\Android Studio\jbr\bin\management_ext.dll
0x00007ffe4e750000 - 0x00007ffe4e758000 	C:\Windows\System32\PSAPI.DLL
0x00007ffe4b2d0000 - 0x00007ffe4b30b000 	C:\Windows\SYSTEM32\IPHLPAPI.DLL
0x00007ffe4da50000 - 0x00007ffe4da58000 	C:\Windows\System32\NSI.dll
0x00007ffe473f0000 - 0x00007ffe473f9000 	C:\Program Files\Android\Android Studio\jbr\bin\extnet.dll
0x00007ffe4b7e0000 - 0x00007ffe4b7f8000 	C:\Windows\SYSTEM32\CRYPTSP.dll
0x00007ffe4af10000 - 0x00007ffe4af48000 	C:\Windows\system32\rsaenh.dll
0x00007ffe4be30000 - 0x00007ffe4be5e000 	C:\Windows\SYSTEM32\USERENV.dll
0x00007ffe4b800000 - 0x00007ffe4b80c000 	C:\Windows\SYSTEM32\CRYPTBASE.dll
0x00007ffe331d0000 - 0x00007ffe331d7000 	C:\Windows\system32\wshunix.dll
0x00007ffe2fd80000 - 0x00007ffe2fd97000 	C:\Windows\system32\napinsp.dll
0x00007ffe2fd50000 - 0x00007ffe2fd6b000 	C:\Windows\system32\pnrpnsp.dll
0x00007ffe2fd30000 - 0x00007ffe2fd4d000 	C:\Windows\system32\wshbth.dll
0x00007ffe48180000 - 0x00007ffe4819d000 	C:\Windows\system32\NLAapi.dll
0x00007ffe4b310000 - 0x00007ffe4b3da000 	C:\Windows\SYSTEM32\DNSAPI.dll
0x00007ffe2fd10000 - 0x00007ffe2fd22000 	C:\Windows\System32\winrnr.dll
0x00007ffe41380000 - 0x00007ffe4138a000 	C:\Windows\System32\rasadhlp.dll
0x00007ffe41460000 - 0x00007ffe414e0000 	C:\Windows\System32\fwpuclnt.dll
0x00007ffe4b160000 - 0x00007ffe4b193000 	C:\Windows\SYSTEM32\ntmarta.dll

JVMTI agents:
C:\Users\vinay\.gradle\wrapper\dists\gradle-8.14-all\c2qonpi39x1mddn7hk5gh9iqj\gradle-8.14\lib\agents\gradle-instrumentation-agent-8.14.jar path:C:\Program Files\Android\Android Studio\jbr\bin\instrument.dll, loaded, initialized, instrumentlib options:none

dbghelp: loaded successfully - version: 4.0.5 - missing functions: none
symbol engine: initialized successfully - sym options: 0x614 - pdb path: .;C:\Program Files\Android\Android Studio\jbr\bin;C:\Windows\SYSTEM32;C:\Windows\WinSxS\amd64_microsoft.windows.common-controls_6595b64144ccf1df_6.0.19041.6456_none_60b8a6cb71f64256;C:\Program Files\Android\Android Studio\jbr\bin\server;C:\Users\vinay\.gradle\native\1def1411415f61bf3af743bc5b6707747c0891f09f0c88961ee8f79bc544acac\windows-amd64;C:\Users\vinay\.gradle\native\0.2.7\x86_64-windows-gnu

VM Arguments:
jvm_args: --add-opens=java.base/java.lang=ALL-UNNAMED --add-opens=java.base/java.lang.invoke=ALL-UNNAMED --add-opens=java.base/java.util=ALL-UNNAMED --add-opens=java.prefs/java.util.prefs=ALL-UNNAMED --add-exports=jdk.compiler/com.sun.tools.javac.api=ALL-UNNAMED --add-exports=jdk.compiler/com.sun.tools.javac.util=ALL-UNNAMED --add-opens=java.base/java.util=ALL-UNNAMED --add-opens=java.prefs/java.util.prefs=ALL-UNNAMED --add-opens=java.base/java.nio.charset=ALL-UNNAMED --add-opens=java.base/java.net=ALL-UNNAMED --add-opens=java.base/java.util.concurrent.atomic=ALL-UNNAMED --add-opens=java.xml/javax.xml.namespace=ALL-UNNAMED -XX:MaxMetaspaceSize=4G -XX:ReservedCodeCacheSize=512m -XX:+HeapDumpOnOutOfMemoryError -Xmx8G -Dfile.encoding=UTF-8 -Duser.country=US -Duser.language=en -Duser.variant -javaagent:C:\Users\vinay\.gradle\wrapper\dists\gradle-8.14-all\c2qonpi39x1mddn7hk5gh9iqj\gradle-8.14\lib\agents\gradle-instrumentation-agent-8.14.jar 
java_command: org.gradle.launcher.daemon.bootstrap.GradleDaemon 8.14
java_class_path (initial): C:\Users\vinay\.gradle\wrapper\dists\gradle-8.14-all\c2qonpi39x1mddn7hk5gh9iqj\gradle-8.14\lib\gradle-daemon-main-8.14.jar
Launcher Type: SUN_STANDARD

[Global flags]
     intx CICompilerCount                          = 2                                         {product} {ergonomic}
     uint ConcGCThreads                            = 1                                         {product} {ergonomic}
     uint G1ConcRefinementThreads                  = 2                                         {product} {ergonomic}
   size_t G1HeapRegionSize                         = 4194304                                   {product} {ergonomic}
    uintx GCDrainStackTargetSize                   = 64                                        {product} {ergonomic}
     bool HeapDumpOnOutOfMemoryError               = true                                   {manageable} {command line}
   size_t InitialHeapSize                          = 62914560                                  {product} {ergonomic}
   size_t MarkStackSize                            = 4194304                                   {product} {ergonomic}
   size_t MaxHeapSize                              = 8589934592                                {product} {command line}
   size_t MaxMetaspaceSize                         = 4294967296                                {product} {command line}
   size_t MaxNewSize                               = 5150605312                                {product} {ergonomic}
   size_t MinHeapDeltaBytes                        = 4194304                                   {product} {ergonomic}
   size_t MinHeapSize                              = 8388608                                   {product} {ergonomic}
    uintx NonNMethodCodeHeapSize                   = 5826188                                {pd product} {ergonomic}
    uintx NonProfiledCodeHeapSize                  = 265522362                              {pd product} {ergonomic}
    uintx ProfiledCodeHeapSize                     = 265522362                              {pd product} {ergonomic}
    uintx ReservedCodeCacheSize                    = 536870912                              {pd product} {command line}
     bool SegmentedCodeCache                       = true                                      {product} {ergonomic}
   size_t SoftMaxHeapSize                          = 8589934592                             {manageable} {ergonomic}
     bool UseCompressedOops                        = true                           {product lp64_product} {ergonomic}
     bool UseG1GC                                  = true                                      {product} {ergonomic}
     bool UseLargePagesIndividualAllocation        = false                                  {pd product} {ergonomic}

Logging:
Log output configuration:
 #0: stdout all=warning uptime,level,tags foldmultilines=false
 #1: stderr all=off uptime,level,tags foldmultilines=false

Release file:
JAVA_VERSION="21.0.10" 
MODULES="java.base java.compiler java.datatransfer java.xml java.prefs java.desktop java.instrument java.logging java.management java.security.sasl java.naming java.rmi java.management.rmi java.net.http java.scripting java.security.jgss java.transaction.xa java.sql java.sql.rowset java.xml.crypto java.se java.smartcardio jdk.accessibility jdk.internal.jvmstat jdk.attach jdk.charsets jdk.internal.opt jdk.zipfs jdk.compiler jdk.crypto.ec jdk.crypto.cryptoki jdk.dynalink jdk.hotspot.agent jdk.httpserver jdk.internal.ed jdk.internal.le jdk.internal.vm.ci jdk.jartool jdk.javadoc jdk.jcmd jdk.jdeps jdk.jdwp.agent jdk.jdi jdk.jfr jdk.jlink jdk.jsobject jdk.localedata jdk.management jdk.management.agent jdk.management.jfr jdk.naming.dns jdk.naming.rmi jdk.net jdk.sctp jdk.security.auth jdk.security.jgss jdk.unsupported jdk.unsupported.desktop jdk.xml.dom" 
IMPLEMENTOR="JetBrains s.r.o." 
JAVA_RUNTIME_VERSION="21.0.10+-14961533-b1163.108" 
LIBC="default" 
OS_ARCH="x86_64" 
OS_NAME="Windows" 
SOURCE=".:git:1351622c2ff2" 

Environment Variables:
JAVA_HOME=C:\Program Files\Android\Android Studio\jbr
CLASSPATH=e:\pdf_reader_flutter\android\\gradle\wrapper\gradle-wrapper.jar
PATH=C:\Program Files\Android\Android Studio\jbr\bin;C:\Users\vinay\AppData\Local\Programs\Microsoft VS Code;C:\Program Files\Common Files\Oracle\Java\javapath;C:\Windows\system32;C:\Windows;C:\Windows\System32\Wbem;C:\Windows\System32\WindowsPowerShell\v1.0\;C:\Windows\System32\OpenSSH\;C:\Program Files\Git\cmd;C:\Program Files\Java\jdk-17\bin;C:\Program Files (x86)\Windows Kits\10\Windows Performance Toolkit\;C:\Users\vinay\AppData\Local\Programs\Python\Python314\Scripts\;C:\Users\vinay\AppData\Local\Programs\Python\Python314\;C:\Users\vinay\AppData\Local\Programs\Python\Launcher\;C:\Users\vinay\AppData\Local\Microsoft\WindowsApps;E:\flutter sdk\flutter\bin;C:\Users\vinay\AppData\Local\Programs\Microsoft VS Code\bin;C:\Users\vinay\AppData\Local\Programs\Ollama;C:\Users\vinay\AppData\Local\Programs\Antigravity\bin
USERNAME=vinay
OS=Windows_NT
PROCESSOR_IDENTIFIER=AMD64 Family 21 Model 112 Stepping 0, AuthenticAMD
TMP=C:\Users\vinay\AppData\Local\Temp
TEMP=C:\Users\vinay\AppData\Local\Temp




Periodic native trim disabled

JNI global refs:
JNI global refs: 25, weak refs: 0

JNI global refs memory usage: 835, weak refs: 833

Process memory usage:
Resident Set Size: 582748K (15% of 3848348K total physical memory with 68508K free physical memory)

OOME stack traces (most recent first):
Classloader memory used:
Loader org.gradle.internal.classloader.VisitableURLClassLoader                         : 48224K
Loader org.gradle.internal.classloader.VisitableURLClassLoader$InstrumentingVisitableURLClassLoader: 46356K
Loader bootstrap                                                                       : 31148K
Loader org.gradle.initialization.MixInLegacyTypesClassLoader                           : 13400K
Loader org.gradle.groovy.scripts.internal.DefaultScriptCompilationHandler$ScriptClassLoader: 1091K
Loader jdk.internal.loader.ClassLoaders$PlatformClassLoader                            : 520K
Loader org.gradle.internal.classloader.VisitableURLClassLoader                         : 402K
Loader jdk.internal.reflect.DelegatingClassLoader                                      : 366K
Loader jdk.internal.loader.ClassLoaders$AppClassLoader                                 : 238K
Loader org.codehaus.groovy.runtime.callsite.CallSiteClassLoader                        : 18944B
Loader sun.reflect.misc.MethodUtil                                                     : 2984B

Classes loaded by more than one classloader:
Class Program                                                                         : loaded 17 times (x 72B)
Class Build_gradle$1                                                                  : loaded 10 times (x 74B)
Class Build_gradle                                                                    : loaded 10 times (x 130B)
Class Build_gradle$2                                                                  : loaded 9 times (x 75B)
Class Build_gradle$1$1                                                                : loaded 8 times (x 78B)
Class Build_gradle$3                                                                  : loaded 5 times (x 78B)
Class org.gradle.kotlin.dsl.ImplementationConfigurationAccessorsKt                    : loaded 4 times (x 71B)
Class org.gradle.kotlin.dsl.TestImplementationConfigurationAccessorsKt                : loaded 4 times (x 71B)
Class Settings_gradle                                                                 : loaded 3 times (x 128B)
Class Build_gradle$2$1                                                                : loaded 3 times (x 78B)
Class org.gradle.kotlin.dsl.Accessors7y9hz5zm5pocrb21isjhik2uhKt                      : loaded 3 times (x 71B)
Class org.jetbrains.kotlin.gradle.tasks.CInteropProcess                               : loaded 2 times (x 347B)
Class org.jetbrains.kotlin.gradle.internal.KotlinDomApiDependencyManagementKt         : loaded 2 times (x 71B)
Class org.jetbrains.kotlin.gradle.plugin.KotlinPluginLifecycleImpl$launch$coroutine$1 : loaded 2 times (x 76B)
Class org.jetbrains.kotlin.gradle.targets.js.npm.NpmDependencyExtensionKt$defaultNpmDependencyDelegate$1: loaded 2 times (x 167B)
Class org.jetbrains.kotlin.gradle.plugin.diagnostics.checkers.MissingNativeStdlibChecker: loaded 2 times (x 74B)
Class org.jetbrains.kotlin.gradle.targets.native.KotilnNativeConfigureBinariesSideEffectKt: loaded 2 times (x 71B)
Class org.jetbrains.kotlin.gradle.plugin.KotlinPlatformType$DisambiguationRule        : loaded 2 times (x 76B)
Class org.jetbrains.kotlin.gradle.plugin.KotlinPlatformType$Companion                 : loaded 2 times (x 71B)
Class org.jetbrains.kotlin.gradle.plugin.internal.ConfigurationCacheStartParameterAccessorKt: loaded 2 times (x 71B)
Class com.google.common.base.CharMatcher$IsEither                                     : loaded 2 times (x 111B)
Class org.gradle.internal.classloader.ClassLoaderHierarchy                            : loaded 2 times (x 70B)
Class com.google.common.collect.AbstractMapBasedMultimap$WrappedCollection            : loaded 2 times (x 124B)
Class org.jetbrains.kotlin.gradle.plugin.hierarchy.KotlinSourceSetTreeClassifierKt    : loaded 2 times (x 71B)
Class org.jetbrains.kotlin.gradle.report.UsesBuildMetricsService                      : loaded 2 times (x 70B)
Class org.jetbrains.kotlin.gradle.plugin.mpp.compilationImpl.factory.KotlinCompilationImplFactory$KotlinCompilationSourceSetsContainerFactory: loaded 2 times (x 70B)
Class org.jetbrains.kotlin.gradle.utils.MutableObservableSet                          : loaded 2 times (x 70B)
Class org.jetbrains.kotlin.gradle.dsl.KotlinHierarchyDsl                              : loaded 2 times (x 70B)
Class org.jetbrains.kotlin.gradle.report.BuildReportType                              : loaded 2 times (x 79B)
Class org.jetbrains.kotlin.statistics.metrics.StringAnonymizationPolicy$AllowedListAnonymizer: loaded 2 times (x 79B)
Class com.google.common.collect.ImmutableEnumSet                                      : loaded 2 times (x 146B)
Class com.google.common.util.concurrent.ExecutionError                                : loaded 2 times (x 82B)
Class com.google.common.collect.ImmutableList$1                                       : loaded 2 times (x 97B)
Class org.gradle.api.internal.classpath.ManifestUtil                                  : loaded 2 times (x 71B)
Class org.jetbrains.kotlin.gradle.tasks.KotlinCompile$androidLayoutResources$1        : loaded 2 times (x 74B)
Class org.jetbrains.kotlin.gradle.report.GradleBuildMetricsReporter                   : loaded 2 times (x 100B)
Class org.jetbrains.kotlin.gradle.utils.FutureKt$future$1                             : loaded 2 times (x 95B)
Class org.jetbrains.kotlin.gradle.plugin.mpp.KotlinMetadataCompilation                : loaded 2 times (x 70B)
Class org.jetbrains.kotlin.gradle.plugin.sources.KotlinDependencyScope                : loaded 2 times (x 79B)
Class org.jetbrains.kotlin.gradle.tasks.configuration.AbstractKotlinCompileConfig$1   : loaded 2 times (x 79B)
Class org.jetbrains.kotlin.gradle.plugin.mpp.compilationImpl.KotlinCompilationFriendPathsResolver: loaded 2 times (x 70B)
Class org.jetbrains.kotlin.konan.target.KonanTarget$ANDROID_ARM64                     : loaded 2 times (x 78B)
Class org.jetbrains.kotlin.gradle.artifacts.KotlinNativeHostSpecificMetadataArtifactKt$KotlinNativeHostSpecificMetadataArtifact$1: loaded 2 times (x 74B)
Class org.jetbrains.kotlin.gradle.plugin.mpp.compilationImpl.KotlinCompilationSideEffect$Companion: loaded 2 times (x 71B)
Class org.jetbrains.kotlin.gradle.plugin.mpp.KotlinUsages$KotlinMetadataDisambiguation: loaded 2 times (x 76B)
Class org.jetbrains.kotlin.gradle.internal.properties.PropertiesBuildService$IntGradleProperty: loaded 2 times (x 76B)
Class com.google.common.collect.RegularImmutableMap                                   : loaded 2 times (x 121B)
Class com.google.common.collect.ImmutableMap$MapViewOfValuesAsSingletonSets           : loaded 2 times (x 126B)
Class build_ai94f9i63munlvu4krsad4ebr$_run_closure1$_closure3                         : loaded 2 times (x 139B)
Class org.jetbrains.kotlin.statistics.AnonymizerUtilsKt$salt$2                        : loaded 2 times (x 78B)
Class org.jetbrains.kotlin.gradle.tasks.AbstractKotlinCompile$compilerRunner$1        : loaded 2 times (x 75B)
Class org.jetbrains.kotlin.gradle.tasks.CacheableTasksKt$cacheOnlyIfEnabledForKotlin$1: loaded 2 times (x 75B)
Class org.jetbrains.kotlin.gradle.internal.transforms.BuildToolsApiClasspathEntrySnapshotTransform: loaded 2 times (x 82B)
Class org.jetbrains.kotlin.gradle.tasks.configuration.AbstractKotlinCompileConfig$2   : loaded 2 times (x 79B)
Class org.jetbrains.kotlin.gradle.plugin.mpp.compilationImpl.factory.KotlinCompilationImplFactory$PreConfigure: loaded 2 times (x 70B)
Class org.jetbrains.kotlin.gradle.plugin.KotlinProjectSetupActionKt$KotlinProjectSetupCoroutine$1$1: loaded 2 times (x 95B)
Class org.jetbrains.kotlin.konan.target.KonanTarget$WATCHOS_ARM32                     : loaded 2 times (x 78B)
Class org.jetbrains.kotlin.gradle.targets.js.dsl.KotlinJsTargetDsl                    : loaded 2 times (x 70B)
Class org.jetbrains.kotlin.gradle.plugin.KotlinPluginLifecycleImplKt                  : loaded 2 times (x 71B)
Class org.jetbrains.kotlin.gradle.plugin.diagnostics.checkers.DeprecatedKotlinNativeTargetsChecker$runChecks$1: loaded 2 times (x 88B)
Class org.jetbrains.kotlin.gradle.plugin.KotlinPluginLifecycleImpl$WhenMappings       : loaded 2 times (x 71B)
Class org.jetbrains.kotlin.gradle.dsl.KotlinCommonCompilerToolOptionsHelper           : loaded 2 times (x 71B)
Class org.jetbrains.kotlin.gradle.plugin.KotlinTargetComponent                        : loaded 2 times (x 70B)
Class org.jetbrains.kotlin.gradle.plugin.KotlinGradlePluginExtensionPointInternal     : loaded 2 times (x 76B)
Class org.jetbrains.kotlin.statistics.metrics.StringOverridePolicy$OVERRIDE_VERSION_IF_NOT_SET: loaded 2 times (x 85B)
Class org.jetbrains.kotlin.gradle.plugin.statistics.KotlinBuildStatsBeanService$Companion$initStatsService$1: loaded 2 times (x 79B)
Class org.jetbrains.kotlin.gradle.plugin.VariantImplementationFactories$Companion$getProvider$1: loaded 2 times (x 75B)
Class org.jetbrains.kotlin.gradle.internal.properties.PropertiesBuildService$BooleanGradleProperty: loaded 2 times (x 76B)
Class org.jetbrains.kotlin.gradle.dsl.KotlinProjectExtension                          : loaded 2 times (x 122B)
Class [Lorg.objectweb.asm.Symbol;                                                     : loaded 2 times (x 69B)
Class org.objectweb.asm.ClassVisitor                                                  : loaded 2 times (x 88B)
Class com.google.common.collect.UnmodifiableListIterator                              : loaded 2 times (x 95B)
Class org.jetbrains.kotlin.gradle.plugin.KotlinPluginLifecycle$ProjectConfigurationResult$Failure: loaded 2 times (x 72B)
Class com.google.common.base.Platform$JdkPatternCompiler                              : loaded 2 times (x 75B)
Class org.jetbrains.kotlin.gradle.plugin.sources.DefaultKotlinSourceSet$MetadataDependencyTransformation: loaded 2 times (x 72B)
Class org.jetbrains.kotlin.gradle.tasks.DefaultKotlinJavaToolchain$Companion          : loaded 2 times (x 71B)
Class org.jetbrains.kotlin.gradle.tasks.DefaultKotlinJavaToolchain                    : loaded 2 times (x 77B)
Class org.jetbrains.kotlin.gradle.targets.native.toolchain.KotlinNativeBundleBuildService$Parameters: loaded 2 times (x 70B)
Class org.jetbrains.kotlin.gradle.targets.native.toolchain.KotlinNativeBundleBuildService: loaded 2 times (x 77B)
Class org.jetbrains.kotlin.gradle.plugin.KotlinGradleBuildServices                    : loaded 2 times (x 80B)
Class [Lorg.jetbrains.kotlin.statistics.ValueAnonymizer;                              : loaded 2 times (x 69B)
Class org.jetbrains.kotlin.gradle.internal.properties.PropertiesBuildService$MemoizedCallable$value$2: loaded 2 times (x 79B)
Class org.objectweb.asm.MethodTooLargeException                                       : loaded 2 times (x 83B)
Class [Lcom.google.common.cache.CacheBuilder$OneWeigher;                              : loaded 2 times (x 69B)
Class com.google.common.base.Suppliers                                                : loaded 2 times (x 71B)
Class org.gradle.internal.classloader.DefaultClassLoaderFactory                       : loaded 2 times (x 82B)
Class com.google.common.collect.ReverseNaturalOrdering                                : loaded 2 times (x 114B)
Class org.jetbrains.kotlin.gradle.plugin.PropertiesProvider$kotlinCompilerArgumentsLogLevel$1: loaded 2 times (x 74B)
Class org.jetbrains.kotlin.compilerRunner.CompilerSystemPropertiesService$Parameters_Decorated: loaded 2 times (x 134B)
Class org.jetbrains.kotlin.gradle.plugin.KotlinTargetWithTests                        : loaded 2 times (x 70B)
Class org.jetbrains.kotlin.gradle.plugin.diagnostics.ToolingDiagnosticRenderingOptions: loaded 2 times (x 72B)
Class [Lorg.jetbrains.kotlin.gradle.dsl.KotlinVersion;                                : loaded 2 times (x 69B)
Class org.jetbrains.kotlin.gradle.plugin.diagnostics.checkers.JsEnvironmentChecker    : loaded 2 times (x 76B)
Class org.jetbrains.kotlin.gradle.targets.js.npm.NpmDependencyExtensionKt             : loaded 2 times (x 71B)
Class org.jetbrains.kotlin.gradle.plugin.diagnostics.UsesKotlinToolingDiagnosticsParameters: loaded 2 times (x 70B)
Class org.jetbrains.kotlin.gradle.report.BuildMetricsService                          : loaded 2 times (x 86B)
Class org.jetbrains.kotlin.statistics.metrics.NumberAnonymizationPolicy               : loaded 2 times (x 85B)
Class org.jetbrains.kotlin.statistics.metrics.StringAnonymizationPolicy               : loaded 2 times (x 78B)
Class org.gradle.internal.classloader.ClassLoaderVisitor                              : loaded 2 times (x 76B)
Class build_5agno3zk2t06umgy4wamki0q8                                                 : loaded 2 times (x 180B)
Class com.google.common.collect.Ordering                                              : loaded 2 times (x 114B)
Class org.jetbrains.kotlin.build.report.metrics.BuildPerformanceMetrics               : loaded 2 times (x 72B)
Class org.jetbrains.kotlin.gradle.plugin.mpp.compilationImpl.KotlinCompilationLanguageSettingsConfigurator: loaded 2 times (x 74B)
Class org.jetbrains.kotlin.gradle.plugin.KotlinPluginLifecycleKt$await$1              : loaded 2 times (x 88B)
Class [Lorg.jetbrains.kotlin.gradle.plugin.KotlinCompilation;                         : loaded 2 times (x 69B)
Class org.jetbrains.kotlin.gradle.plugin.mpp.KotlinTargetComponentWithPublication     : loaded 2 times (x 70B)
Class org.jetbrains.kotlin.gradle.plugin.mpp.compilationImpl.KotlinCreateNativeCompileTasksSideEffectKt: loaded 2 times (x 71B)
Class org.jetbrains.kotlin.gradle.plugin.KotlinProjectSetupActionKt                   : loaded 2 times (x 71B)
Class org.jetbrains.kotlin.gradle.dsl.KotlinTargetContainerWithJsPresetFunctions      : loaded 2 times (x 70B)
Class org.jetbrains.kotlin.gradle.report.ReportingSettings$Companion                  : loaded 2 times (x 71B)
Class org.jetbrains.kotlin.gradle.report.ConfigureReporingKt                          : loaded 2 times (x 71B)
Class org.jetbrains.kotlin.tooling.core.TypeUtils                                     : loaded 2 times (x 71B)
Class [Lcom.google.common.collect.ImmutableMapEntry;                                  : loaded 2 times (x 69B)
Class org.gradle.api.internal.classpath.EffectiveClassPath                            : loaded 2 times (x 90B)
Class build_dxydo5wgwf3y7ats60xi8i3xp$_run_closure1                                   : loaded 2 times (x 139B)
Class org.jetbrains.kotlin.gradle.plugin.statistics.IDaemonReuseCounterMXBean         : loaded 2 times (x 70B)
Class org.jetbrains.kotlin.gradle.plugin.mpp.compilationImpl.DefaultKotlinCompilationConfigurationsContainer: loaded 2 times (x 84B)
Class com.google.common.collect.ImmutableRangeSet                                     : loaded 2 times (x 115B)
Class org.jetbrains.kotlin.konan.target.KonanTarget$ANDROID_ARM32                     : loaded 2 times (x 78B)
Class org.jetbrains.kotlin.gradle.tasks.TasksProviderKt                               : loaded 2 times (x 71B)
Class org.jetbrains.kotlin.gradle.plugin.diagnostics.ToolingDiagnostic                : loaded 2 times (x 72B)
Class org.jetbrains.kotlin.gradle.plugin.sources.DefaultKotlinSourceSetFactory        : loaded 2 times (x 80B)
Class com.google.common.collect.ListMultimap                                          : loaded 2 times (x 70B)
Class com.google.common.collect.ImmutableEnumMap                                      : loaded 2 times (x 126B)
Class com.google.common.collect.ComparatorOrdering                                    : loaded 2 times (x 115B)
Class org.jetbrains.kotlin.incremental.ClasspathChanges                               : loaded 2 times (x 71B)
Class org.jetbrains.kotlin.buildtools.api.jvm.ClassSnapshotGranularity                : loaded 2 times (x 79B)
Class org.jetbrains.kotlin.gradle.ExternalKotlinTargetApi                             : loaded 2 times (x 70B)
Class com.google.common.collect.Iterators$EmptyModifiableIterator                     : loaded 2 times (x 86B)
Class org.jetbrains.kotlin.gradle.plugin.diagnostics.checkers.AndroidPluginWithoutAndroidTargetChecker$runChecks$1: loaded 2 times (x 88B)
Class org.jetbrains.kotlin.gradle.plugin.diagnostics.checkers.AndroidSourceSetLayoutV1SourceSetsNotFoundChecker$runChecks$1: loaded 2 times (x 88B)
Class org.jetbrains.kotlin.gradle.plugin.diagnostics.KotlinGradleProjectCheckersRunnerKt$launchKotlinGradleProjectCheckers$1$1: loaded 2 times (x 95B)
Class org.jetbrains.kotlin.konan.target.KonanTarget                                   : loaded 2 times (x 78B)
Class org.jetbrains.kotlin.gradle.targets.CreateDefaultTestRunSideEffectKt            : loaded 2 times (x 71B)
Class org.jetbrains.kotlin.gradle.utils.ProviderApiUtilsKt$mapOrNull$1                : loaded 2 times (x 75B)
Class org.jetbrains.kotlin.gradle.targets.native.toolchain.KotlinNativeBundleBuildService$Companion$registerIfAbsent$1: loaded 2 times (x 75B)
Class org.jetbrains.kotlin.statistics.metrics.BooleanAnonymizationPolicy              : loaded 2 times (x 85B)
Class org.jetbrains.kotlin.statistics.metrics.BooleanOverridePolicy$OVERRIDE          : loaded 2 times (x 85B)
Class org.jetbrains.kotlin.gradle.plugin.PropertiesProvider$kotlinExperimentalTryNext$1: loaded 2 times (x 75B)
Class org.jetbrains.kotlin.gradle.plugin.VariantImplementationFactoriesConfigurator$Companion$getProvider$1: loaded 2 times (x 74B)
Class com.google.common.collect.Sets$1                                                : loaded 2 times (x 139B)
Class org.objectweb.asm.AnnotationVisitor                                             : loaded 2 times (x 78B)
Class org.gradle.api.internal.DefaultClassPathProvider                                : loaded 2 times (x 76B)
Class org.jetbrains.kotlin.statistics.metrics.OverrideMetricContainer                 : loaded 2 times (x 80B)
Class com.google.common.collect.NaturalOrdering                                       : loaded 2 times (x 115B)
Class org.jetbrains.kotlin.gradle.tasks.configuration.KaptGenerateStubsConfig$Companion$wireJavaAndKotlinOutputs$1: loaded 2 times (x 79B)
Class org.jetbrains.kotlin.gradle.plugin.KotlinPluginLifecycleCoroutineContextElement : loaded 2 times (x 84B)
Class org.jetbrains.kotlin.gradle.dsl.PlatformSourceSetConventionsChecker             : loaded 2 times (x 74B)
Class org.jetbrains.kotlin.gradle.plugin.diagnostics.checkers.KotlinSourceSetTreeDependsOnMismatchChecker: loaded 2 times (x 74B)
Class org.jetbrains.kotlin.gradle.targets.CreateDefaultCompilationsSideEffectKt       : loaded 2 times (x 71B)
Class org.jetbrains.kotlin.gradle.plugin.mpp.SyncLanguageSettingsWithKotlinExtensionSetupActionKt: loaded 2 times (x 71B)
Class org.jetbrains.kotlin.statistics.metrics.NumericalMetrics                        : loaded 2 times (x 80B)
Class org.jetbrains.kotlin.gradle.plugin.VariantImplementationFactories$Companion$getProvider$2$1: loaded 2 times (x 79B)
Class com.google.common.collect.Sets$2                                                : loaded 2 times (x 139B)
Class [Lorg.gradle.api.internal.ClassPathProvider;                                    : loaded 2 times (x 69B)
Class org.gradle.api.internal.ClassPathProvider                                       : loaded 2 times (x 70B)
Class org.jetbrains.kotlin.gradle.plugin.statistics.BuildFinishMetrics$reportBuildFinished$1: loaded 2 times (x 79B)
Class org.jetbrains.kotlin.gradle.plugin.statistics.ExecutedTaskMetrics               : loaded 2 times (x 71B)
Class org.jetbrains.kotlin.gradle.plugin.diagnostics.CheckKotlinGradlePluginConfigurationErrors$Companion: loaded 2 times (x 71B)
Class org.jetbrains.kotlin.gradle.tasks.KotlinJvmCompile$DefaultImpls                 : loaded 2 times (x 71B)
Class org.jetbrains.kotlin.gradle.tasks.CacheableTasksKt                              : loaded 2 times (x 71B)
Class org.jetbrains.kotlin.konan.target.HostManager$targetValues$2                    : loaded 2 times (x 78B)
Class org.jetbrains.kotlin.gradle.plugin.diagnostics.checkers.UnusedSourceSetsChecker$runChecks$1: loaded 2 times (x 88B)
Class [Lorg.jetbrains.kotlin.konan.target.Family;                                     : loaded 2 times (x 69B)
Class org.jetbrains.kotlin.gradle.targets.js.npm.PeerNpmDependencyExtension           : loaded 2 times (x 70B)
Class org.jetbrains.kotlin.gradle.dsl.AndroidMainSourceSetConventionsChecker          : loaded 2 times (x 74B)
Class org.jetbrains.kotlin.gradle.plugin.diagnostics.checkers.WasmJsEnvironmentChecker$1: loaded 2 times (x 78B)
Class org.jetbrains.kotlin.gradle.targets.js.npm.NpmDependencyExtensionKt$AddNpmDependencyExtensionProjectSetupAction$1: loaded 2 times (x 74B)
Class org.jetbrains.kotlin.build.report.metrics.GradleBuildPerformanceMetric          : loaded 2 times (x 97B)
Class org.jetbrains.kotlin.gradle.internal.properties.PropertiesBuildService$NullableBooleanGradleProperty: loaded 2 times (x 76B)
Class [Lorg.objectweb.asm.AnnotationVisitor;                                          : loaded 2 times (x 69B)
Class com.google.common.collect.Sets$3                                                : loaded 2 times (x 139B)
Class com.google.common.cache.LocalCache$LocalLoadingCache                            : loaded 2 times (x 134B)
Class org.gradle.internal.service.UnknownServiceException                             : loaded 2 times (x 83B)
Class org.jetbrains.kotlin.gradle.tasks.configuration.BaseKotlinCompileConfig$2$1$1$1 : loaded 2 times (x 74B)
Class org.jetbrains.kotlin.gradle.tasks.KotlinCompile$ScriptFilterSpec                : loaded 2 times (x 75B)
Class org.jetbrains.kotlin.gradle.plugin.diagnostics.checkers.ComposePluginSuggestApplyChecker$runChecks$1: loaded 2 times (x 88B)
Class org.jetbrains.kotlin.konan.target.KonanTarget$TVOS_ARM64                        : loaded 2 times (x 78B)
Class org.jetbrains.kotlin.gradle.targets.js.npm.DefaultPeerNpmDependencyExtension    : loaded 2 times (x 141B)
Class org.jetbrains.kotlin.gradle.plugin.KotlinPluginLifecycleKt                      : loaded 2 times (x 71B)
Class org.jetbrains.kotlin.gradle.plugin.diagnostics.checkers.WasmJsEnvironmentChecker$2: loaded 2 times (x 78B)
Class org.jetbrains.kotlin.gradle.plugin.mpp.AbstractKotlinTarget                     : loaded 2 times (x 150B)
Class org.jetbrains.kotlin.gradle.internal.properties.NativePropertiesLoader$kotlinNativeVersion$1: loaded 2 times (x 75B)
Class org.jetbrains.kotlin.gradle.plugin.VariantImplementationFactoriesConfigurator$Inject: loaded 2 times (x 96B)
Class org.jetbrains.kotlin.gradle.dsl.KotlinSingleTargetExtension                     : loaded 2 times (x 124B)
Class com.google.common.collect.Sets$4                                                : loaded 2 times (x 139B)
Class org.objectweb.asm.ModuleVisitor                                                 : loaded 2 times (x 81B)
Class com.google.common.cache.LocalCache$Strength$1                                   : loaded 2 times (x 81B)
Class org.jetbrains.kotlin.gradle.tasks.configuration.BaseKotlinCompileConfig$2$1$1$2 : loaded 2 times (x 74B)
Class org.jetbrains.kotlin.gradle.plugin.mpp.KotlinCompilationsKt$addSourcesToKotlinCompileTask$configureAction$2: loaded 2 times (x 79B)
Class org.jetbrains.kotlin.gradle.plugin.mpp.compilationImpl.KotlinCompilationTaskNamesContainer: loaded 2 times (x 72B)
Class org.jetbrains.kotlin.gradle.plugin.mpp.compilationImpl.factory.KotlinCompilationImplFactory$KotlinCompilerOptionsFactory: loaded 2 times (x 70B)
Class org.jetbrains.kotlin.gradle.internal.properties.PropertiesBuildServiceKt$propertyWithDeprecatedName$1: loaded 2 times (x 75B)
Class org.jetbrains.kotlin.gradle.targets.js.npm.NpmDependencyExtension               : loaded 2 times (x 70B)
Class org.jetbrains.kotlin.gradle.plugin.LanguageSettingsBuilder                      : loaded 2 times (x 70B)
Class org.jetbrains.kotlin.gradle.plugin.diagnostics.checkers.WasmWasiEnvironmentChecker: loaded 2 times (x 76B)
Class org.jetbrains.kotlin.gradle.plugin.diagnostics.checkers.WasmJsEnvironmentChecker$3: loaded 2 times (x 78B)
Class org.jetbrains.kotlin.gradle.targets.ConfigureBuildSideEffectKt                  : loaded 2 times (x 71B)
Class org.jetbrains.kotlin.gradle.plugin.BuildEventsListenerRegistryHolder$Companion  : loaded 2 times (x 71B)
Class [Lorg.jetbrains.kotlin.statistics.metrics.StringMetrics;                        : loaded 2 times (x 69B)
Class org.jetbrains.kotlin.gradle.internal.properties.PropertiesBuildService$Inject   : loaded 2 times (x 96B)
Class com.google.common.util.concurrent.SettableFuture                                : loaded 2 times (x 114B)
Class com.google.common.cache.LocalCache$Strength$2                                   : loaded 2 times (x 81B)
Class org.jetbrains.kotlin.statistics.fileloggers.MetricsContainer$MetricDescriptor   : loaded 2 times (x 75B)
Class com.google.common.collect.AllEqualOrdering                                      : loaded 2 times (x 114B)
Class org.jetbrains.kotlin.gradle.tasks.KotlinJavaToolchain$JdkSetter                 : loaded 2 times (x 70B)
Class org.jetbrains.kotlin.gradle.plugin.KotlinPluginLifecycle$ProjectConfigurationResult$Success: loaded 2 times (x 71B)
Class org.jetbrains.kotlin.gradle.internal.StdlibDependencyManagementKt$configureStdlibVersionAlignment$1: loaded 2 times (x 75B)
Class org.jetbrains.kotlin.gradle.plugin.diagnostics.checkers.OverriddenKotlinNativeHomeChecker$allKonanMainSubdirectoriesExist$1$1: loaded 2 times (x 75B)
Class org.jetbrains.kotlin.gradle.dsl.PlatformSourceSetConventionsChecker$CheckedPlatformInfo: loaded 2 times (x 72B)
Class org.jetbrains.kotlin.gradle.plugin.diagnostics.checkers.WasmJsEnvironmentChecker$4: loaded 2 times (x 78B)
Class org.jetbrains.kotlin.gradle.plugin.mpp.KotlinUsages$KotlinCinteropDisambiguation: loaded 2 times (x 76B)
Class org.jetbrains.kotlin.gradle.plugin.KotlinPluginInMultipleProjectsHolder         : loaded 2 times (x 72B)
Class org.jetbrains.kotlin.gradle.report.BuildReportType$Companion                    : loaded 2 times (x 71B)
Class com.google.common.cache.LocalCache$Strength$3                                   : loaded 2 times (x 81B)
Class com.google.common.collect.MapDifference                                         : loaded 2 times (x 70B)
Class org.jetbrains.kotlin.gradle.tasks.KotlinCompilerPluginData$InputsOutputsState   : loaded 2 times (x 72B)
Class org.jetbrains.kotlin.gradle.plugin.sources.FragmentConsistencyChecks$optInAnnotationsCheck$1: loaded 2 times (x 79B)
Class org.jetbrains.kotlin.gradle.plugin.mpp.AbstractKotlinCompilationToRunnableFiles : loaded 2 times (x 196B)
Class org.jetbrains.kotlin.gradle.artifacts.KotlinMetadataArtifactKt$KotlinMetadataArtifact$1: loaded 2 times (x 74B)
Class org.jetbrains.kotlin.gradle.plugin.mpp.KotlinUsages$KotlinMetadataCompatibility : loaded 2 times (x 76B)
Class [Lorg.jetbrains.kotlin.gradle.dsl.JvmTarget;                                    : loaded 2 times (x 69B)
Class org.jetbrains.kotlin.gradle.utils.ConfigurationsKt$maybeCreateResolvable$1      : loaded 2 times (x 78B)
Class org.jetbrains.kotlin.gradle.plugin.StatisticsBuildFlowManager$Companion         : loaded 2 times (x 71B)
Class org.jetbrains.kotlin.statistics.metrics.StringMetrics$Companion                 : loaded 2 times (x 71B)
Class org.jetbrains.kotlin.gradle.internal.properties.PropertiesBuildService$property$1$1: loaded 2 times (x 75B)
Class org.jetbrains.kotlin.tooling.core.Extras$Type                                   : loaded 2 times (x 72B)
Class org.objectweb.asm.FieldWriter                                                   : loaded 2 times (x 78B)
Class com.google.common.cache.CacheBuilder$NullListener                               : loaded 2 times (x 82B)
Class org.gradle.internal.classpath.TransformedClassPath                              : loaded 2 times (x 96B)
Class org.gradle.internal.classloader.InstrumentingClassLoader                        : loaded 2 times (x 70B)
Class com.google.common.collect.ImmutableRangeSet$AsSet                               : loaded 2 times (x 300B)
Class org.jetbrains.kotlin.gradle.plugin.sources.FragmentConsistencyChecks$optInAnnotationsCheck$2: loaded 2 times (x 78B)
Class org.jetbrains.kotlin.gradle.targets.NativeForwardImplementationToApiElementsSideEffectKt$special$$inlined$KotlinTargetSideEffect$1: loaded 2 times (x 74B)
Class org.jetbrains.kotlin.gradle.plugin.BuildFinishedListenerService$Companion       : loaded 2 times (x 71B)
Class org.jetbrains.kotlin.gradle.plugin.BuildFinishedListenerService                 : loaded 2 times (x 80B)
Class com.google.common.cache.CacheLoader$FunctionToCacheLoader                       : loaded 2 times (x 75B)
Class com.google.common.collect.Iterators$ArrayItr                                    : loaded 2 times (x 97B)
Class com.google.common.collect.ImmutableCollection$Builder                           : loaded 2 times (x 76B)
Class org.jetbrains.kotlin.gradle.tasks.AbstractKotlinCompileTool$sources$1           : loaded 2 times (x 79B)
Class org.jetbrains.kotlin.gradle.tasks.configuration.TaskConfigAction                : loaded 2 times (x 72B)
Class org.jetbrains.kotlin.gradle.plugin.diagnostics.checkers.OverriddenKotlinNativeHomeChecker$allKonanMainSubdirectoriesExist$1: loaded 2 times (x 75B)
Class org.jetbrains.kotlin.gradle.plugin.AbstractKotlinPlugin$Companion               : loaded 2 times (x 71B)
Class org.jetbrains.kotlin.gradle.plugin.KotlinSourceSetTree                          : loaded 2 times (x 72B)
Class org.jetbrains.kotlin.gradle.plugin.KotlinPluginLifecycle$Stage                  : loaded 2 times (x 79B)
Class org.jetbrains.kotlin.gradle.plugin.mpp.compilationImpl.KotlinCreateResourcesTaskSideEffectKt$KotlinCreateResourcesTaskSideEffect$1: loaded 2 times (x 74B)
Class org.jetbrains.kotlin.gradle.plugin.sources.KotlinSourceSetFactory               : loaded 2 times (x 80B)
Class org.jetbrains.kotlin.gradle.targets.native.toolchain.KotlinNativeBundleBuildService$Parameters_Decorated: loaded 2 times (x 143B)
Class org.jetbrains.kotlin.gradle.internal.ClassLoadersCachingBuildService$Companion  : loaded 2 times (x 71B)
Class com.google.common.base.Joiner                                                   : loaded 2 times (x 79B)
Class com.google.common.base.MoreObjects                                              : loaded 2 times (x 71B)
Class [Lorg.jetbrains.kotlin.build.report.metrics.BuildAttribute;                     : loaded 2 times (x 69B)
Class org.jetbrains.kotlin.gradle.utils.ProviderApiUtilsKt$mapOrNull$1$1              : loaded 2 times (x 75B)
Class org.jetbrains.kotlin.gradle.plugin.hierarchy.KotlinSourceSetTreeClassifier$Default: loaded 2 times (x 71B)
Class org.jetbrains.kotlin.gradle.plugin.mpp.InternalKotlinCompilationKt              : loaded 2 times (x 71B)
Class org.jetbrains.kotlin.gradle.tasks.configuration.AbstractKotlinCompileConfig     : loaded 2 times (x 72B)
Class org.jetbrains.kotlin.gradle.plugin.mpp.compilationImpl.KotlinCompilationImpl$attributes$2: loaded 2 times (x 79B)
Class org.jetbrains.kotlin.gradle.plugin.diagnostics.checkers.OverriddenKotlinNativeHomeChecker$StdlibExistenceCheckerValueSource: loaded 2 times (x 78B)
Class org.jetbrains.kotlin.build.report.metrics.GradleBuildTime                       : loaded 2 times (x 88B)
Class org.jetbrains.kotlin.gradle.utils.IsolatedKotlinClasspathClassCastException     : loaded 2 times (x 82B)
Class com.google.common.collect.Platform                                              : loaded 2 times (x 71B)
Class [Lorg.objectweb.asm.Type;                                                       : loaded 2 times (x 69B)
Class com.google.common.collect.UnmodifiableIterator                                  : loaded 2 times (x 80B)
Class org.gradle.internal.service.ServiceLocator                                      : loaded 2 times (x 70B)
Class org.jetbrains.kotlin.gradle.tasks.DefaultKotlinJavaToolchain$DefaultJavaToolchainSetter$useAsConvention$1: loaded 2 times (x 75B)
Class org.jetbrains.kotlin.gradle.plugin.KotlinCompilerArgumentsProducer$CreateCompilerArgumentsContext: loaded 2 times (x 70B)
Class org.jetbrains.kotlin.gradle.utils.GradleAttributesContainerUtilsKt$copyAttributeTo$1: loaded 2 times (x 79B)
Class org.jetbrains.kotlin.gradle.plugin.hierarchy.KotlinSourceSetTreeClassifierKt$classify$1: loaded 2 times (x 88B)
Class [Lorg.jetbrains.kotlin.konan.target.KonanTarget;                                : loaded 2 times (x 69B)
Class org.jetbrains.kotlin.gradle.plugin.diagnostics.checkers.WasmSourceSetsNotFoundChecker: loaded 2 times (x 74B)
Class org.jetbrains.kotlin.gradle.plugin.diagnostics.checkers.AndroidSourceSetLayoutV1SourceSetsNotFoundChecker$androidSourceSetRegex$2: loaded 2 times (x 78B)
Class org.jetbrains.kotlin.gradle.plugin.statistics.KotlinBuildStatsLoggerService$Companion: loaded 2 times (x 71B)
Class com.google.common.base.Ascii                                                    : loaded 2 times (x 71B)
Class com.google.common.collect.SingletonImmutableBiMap                               : loaded 2 times (x 143B)
Class com.google.common.cache.LocalCache$1                                            : loaded 2 times (x 89B)
Class com.google.common.collect.Iterators$SingletonIterator                           : loaded 2 times (x 81B)
Class com.google.common.collect.AbstractMapEntry                                      : loaded 2 times (x 81B)
Class com.google.common.collect.AbstractSetMultimap                                   : loaded 2 times (x 174B)
Class org.jetbrains.kotlin.gradle.plugin.KotlinCompilationWithResources               : loaded 2 times (x 70B)
Class com.google.common.collect.Sets$ImprovedAbstractSet                              : loaded 2 times (x 135B)
Class com.google.common.collect.ImmutableList$Builder                                 : loaded 2 times (x 77B)
Class org.jetbrains.kotlin.gradle.plugin.KotlinTargetPreset                           : loaded 2 times (x 70B)
Class org.jetbrains.kotlin.gradle.plugin.diagnostics.checkers.KotlinTargetAlreadyDeclaredChecker: loaded 2 times (x 74B)
Class org.jetbrains.kotlin.gradle.plugin.mpp.compilationImpl.KotlinCompilationProcessorSideEffectKt: loaded 2 times (x 71B)
Class org.jetbrains.kotlin.gradle.utils.FileUtilsKt$localProperties$1                 : loaded 2 times (x 75B)
Class org.jetbrains.kotlin.gradle.dsl.HasConfigurableKotlinCompilerOptions            : loaded 2 times (x 70B)
Class com.google.common.collect.AbstractMultimap                                      : loaded 2 times (x 123B)
Class com.google.common.cache.LocalCache$2                                            : loaded 2 times (x 142B)
Class org.jetbrains.kotlin.gradle.tasks.configuration.AbstractKotlinCompileConfig$2$1 : loaded 2 times (x 79B)
Class org.jetbrains.kotlin.gradle.tasks.DefaultKotlinJavaToolchain_Decorated          : loaded 2 times (x 126B)
Class org.jetbrains.kotlin.gradle.plugin.statistics.KotlinProjectConfigurationMetrics : loaded 2 times (x 71B)
Class org.jetbrains.kotlin.gradle.plugin.KotlinCompilationInfo$TCS                    : loaded 2 times (x 89B)
Class com.google.common.collect.ImmutableRangeSet$1                                   : loaded 2 times (x 210B)
Class org.jetbrains.kotlin.gradle.plugin.mpp.HasBinaries                              : loaded 2 times (x 70B)
Class org.jetbrains.kotlin.gradle.dsl.KotlinCommonOptions                             : loaded 2 times (x 70B)
Class org.jetbrains.kotlin.gradle.plugin.mpp.compilationImpl.KotlinCreateSourcesJarTaskSideEffectKt: loaded 2 times (x 71B)
Class org.jetbrains.kotlin.gradle.dsl.KotlinJvmProjectExtension                       : loaded 2 times (x 147B)
Class org.jetbrains.kotlin.gradle.plugin.KotlinGradlePluginExtensionPointInternalKt   : loaded 2 times (x 71B)
Class org.jetbrains.kotlin.gradle.targets.native.toolchain.UsesKotlinNativeBundleBuildService: loaded 2 times (x 70B)
Class org.jetbrains.kotlin.gradle.plugin.KotlinCompilerArgumentsProducer              : loaded 2 times (x 70B)
Class org.jetbrains.kotlin.build.report.metrics.ValueType                             : loaded 2 times (x 79B)
Class com.google.common.collect.RegularImmutableAsList                                : loaded 2 times (x 217B)
Class org.jetbrains.kotlin.build.report.metrics.BuildTimes$Companion                  : loaded 2 times (x 71B)
Class org.jetbrains.kotlin.gradle.tasks.configuration.BaseKotlinCompileConfig$1$classpathConfiguration$1: loaded 2 times (x 75B)
Class com.google.common.collect.Range                                                 : loaded 2 times (x 87B)
Class org.jetbrains.kotlin.gradle.targets.js.npm.NpmDependencyExtensionDelegate       : loaded 2 times (x 167B)
Class org.jetbrains.kotlin.gradle.plugin.sources.FragmentConsistencyChecker           : loaded 2 times (x 72B)
Class org.jetbrains.kotlin.gradle.dsl.DefaultToolchainSupport_Decorated               : loaded 2 times (x 124B)
Class org.jetbrains.kotlin.gradle.internal.properties.NativePropertiesLoader$jvmArgs$1: loaded 2 times (x 75B)
Class org.jetbrains.kotlin.gradle.report.BuildMetricsService$Companion                : loaded 2 times (x 71B)
Class org.jetbrains.kotlin.gradle.tasks.KotlinCompileTool                             : loaded 2 times (x 70B)
Class org.jetbrains.kotlin.gradle.plugin.VariantImplementationFactories$Parameters_Decorated: loaded 2 times (x 134B)
Class org.jetbrains.kotlin.gradle.plugin.PropertiesProvider$PropertyNames             : loaded 2 times (x 71B)
Class org.jetbrains.kotlin.gradle.utils.SingleAction$PerformedActions                 : loaded 2 times (x 72B)
Class org.jetbrains.kotlin.gradle.utils.GradleUtilsKt                                 : loaded 2 times (x 71B)
Class org.jetbrains.kotlin.gradle.plugin.HasProject                                   : loaded 2 times (x 70B)
Class com.google.common.util.concurrent.AbstractFuture$Trusted                        : loaded 2 times (x 70B)
Class com.google.common.collect.Iterators                                             : loaded 2 times (x 71B)
Class com.google.common.collect.ExplicitOrdering                                      : loaded 2 times (x 115B)
Class org.jetbrains.kotlin.gradle.tasks.configuration.AbstractKotlinCompileConfig$2$3 : loaded 2 times (x 75B)
Class org.jetbrains.kotlin.gradle.tasks.configuration.BaseKotlinCompileConfig         : loaded 2 times (x 72B)
Class org.jetbrains.kotlin.gradle.plugin.mpp.compilationImpl.factory.KotlinCompilationImplFactory$KotlinCompilationTaskNamesContainerFactory: loaded 2 times (x 70B)
Class org.jetbrains.kotlin.gradle.internal.KotlinDependenciesManagementKt$CustomizeKotlinDependenciesSetupAction$1$coreLibrariesVersion$1: loaded 2 times (x 79B)
Class org.jetbrains.kotlin.gradle.plugin.diagnostics.checkers.CInteropInputChecker$runChecks$1: loaded 2 times (x 88B)
Class org.jetbrains.kotlin.gradle.ExperimentalKotlinGradlePluginApi                   : loaded 2 times (x 70B)
Class org.jetbrains.kotlin.gradle.internal.properties.NativePropertiesLoader          : loaded 2 times (x 85B)
Class [Lorg.jetbrains.kotlin.build.report.metrics.BuildTime;                          : loaded 2 times (x 69B)
Class org.jetbrains.kotlin.statistics.metrics.NumberAnonymizationPolicy$SAFE          : loaded 2 times (x 85B)
Class org.jetbrains.kotlin.gradle.plugin.statistics.BuildFusService                   : loaded 2 times (x 84B)
Class com.google.common.collect.Lists$StringAsImmutableList                           : loaded 2 times (x 207B)
Class com.google.common.util.concurrent.UncheckedExecutionException                   : loaded 2 times (x 82B)
Class build_5agno3zk2t06umgy4wamki0q8$_run_closure1                                   : loaded 2 times (x 139B)
Class build_bcn105v2760wsawab9jsooje7$_run_closure1$_closure3                         : loaded 2 times (x 139B)
Class org.jetbrains.kotlin.gradle.tasks.configuration.AbstractKotlinCompileConfig$2$4 : loaded 2 times (x 75B)
Class org.jetbrains.kotlin.gradle.tasks.KotlinCompile$scriptSources$1                 : loaded 2 times (x 75B)
Class org.jetbrains.kotlin.build.report.metrics.BuildAttribute$Companion              : loaded 2 times (x 71B)
Class org.jetbrains.kotlin.gradle.plugin.diagnostics.checkers.CInteropInputChecker$runChecks$2: loaded 2 times (x 75B)
Class org.jetbrains.kotlin.gradle.tasks.configuration.KaptGenerateStubsConfig$Companion: loaded 2 times (x 71B)
Class org.jetbrains.kotlin.gradle.internal.KotlinTestDependencyManagementKt$maybeAddTestDependencyCapability$1: loaded 2 times (x 75B)
Class org.jetbrains.kotlin.gradle.plugin.diagnostics.CheckKotlinGradlePluginConfigurationErrorsKt: loaded 2 times (x 71B)
Class org.jetbrains.kotlin.gradle.targets.js.npm.NpmDependencyExtensionKt$AddNpmDependencyExtensionProjectSetupAction$1$WhenMappings: loaded 2 times (x 71B)
Class org.jetbrains.kotlin.gradle.plugin.mpp.KotlinJvmAndroidCompilation              : loaded 2 times (x 198B)
Class org.jetbrains.kotlin.gradle.targets.CreateDefaultCompilationsSideEffectKt$CreateDefaultCompilationsSideEffect$1: loaded 2 times (x 74B)
Class org.jetbrains.kotlin.gradle.targets.native.internal.AddKotlinPlatformIntegersSupportLibraryKt$AddKotlinPlatformIntegersSupportLibrary$1: loaded 2 times (x 95B)
Class org.jetbrains.kotlin.gradle.plugin.mpp.ApplyUserDefinedAttributesKt             : loaded 2 times (x 71B)
Class org.jetbrains.kotlin.gradle.utils.FutureImpl                                    : loaded 2 times (x 80B)
Class org.jetbrains.kotlin.gradle.internal.properties.NativePropertiesLoader$isToolchainEnabled$1: loaded 2 times (x 75B)
Class [Lorg.jetbrains.kotlin.statistics.metrics.NumericalMetrics;                     : loaded 2 times (x 69B)
Class org.gradle.internal.InternalTransformer                                         : loaded 2 times (x 70B)
Class com.google.common.collect.HashMultimapGwtSerializationDependencies              : loaded 2 times (x 174B)
Class org.jetbrains.kotlin.gradle.tasks.CompileUsingKotlinDaemonWithNormalization     : loaded 2 times (x 70B)
Class org.jetbrains.kotlin.gradle.plugin.mpp.compilationImpl.factory.KotlinCompilationImplFactory$PostConfigure$Companion: loaded 2 times (x 71B)
Class com.google.common.collect.AbstractMapBasedMultimap$KeySet$1                     : loaded 2 times (x 82B)
Class org.jetbrains.kotlin.gradle.internal.KotlinDomApiDependencyManagementKt$configureKotlinDomApiDefaultDependency$1: loaded 2 times (x 79B)
Class org.jetbrains.kotlin.gradle.targets.js.npm.DefaultDevNpmDependencyExtension     : loaded 2 times (x 145B)
Class [Lorg.jetbrains.kotlin.gradle.plugin.HasKotlinDependencies;                     : loaded 2 times (x 69B)
Class org.jetbrains.kotlin.gradle.tasks.DefaultKotlinJavaToolchain$Companion$wireJvmTargetToToolchain$1: loaded 2 times (x 75B)
Class org.jetbrains.kotlin.gradle.plugin.diagnostics.checkers.JsLikeEnvironmentChecker: loaded 2 times (x 76B)
Class org.jetbrains.kotlin.gradle.plugin.KotlinPlatformType                           : loaded 2 times (x 82B)
Class org.jetbrains.kotlin.gradle.plugin.KotlinGradleBuildServices$Companion          : loaded 2 times (x 71B)
Class org.jetbrains.kotlin.gradle.internal.properties.PropertiesBuildServiceKt        : loaded 2 times (x 71B)
Class org.objectweb.asm.ClassWriter                                                   : loaded 2 times (x 106B)
Class com.google.common.cache.CacheLoader$UnsupportedLoadingOperationException        : loaded 2 times (x 82B)
Class com.google.common.base.CharMatcher$And                                          : loaded 2 times (x 112B)
Class org.gradle.internal.classloader.ClasspathUtil$1                                 : loaded 2 times (x 76B)
Class com.google.common.collect.AbstractMapBasedMultimap$Itr                          : loaded 2 times (x 83B)
Class org.jetbrains.kotlin.gradle.plugin.diagnostics.ToolingDiagnosticRenderingOptions$Companion: loaded 2 times (x 71B)
Class org.jetbrains.kotlin.gradle.dsl.KotlinJvmCompilerOptionsHelper                  : loaded 2 times (x 71B)
Class org.jetbrains.kotlin.gradle.tasks.DefaultKotlinJavaToolchain$Companion$wireJvmTargetToToolchain$2: loaded 2 times (x 75B)
Class org.jetbrains.kotlin.gradle.plugin.ProjectLocalConfigurations$ProjectLocalDisambiguation: loaded 2 times (x 76B)
Class org.jetbrains.kotlin.gradle.plugin.mpp.apple.swiftexport.internal.SwiftExportInitKt: loaded 2 times (x 71B)
Class org.jetbrains.kotlin.gradle.internal.properties.PropertiesBuildService$NullableStringGradleProperty: loaded 2 times (x 76B)
Class org.jetbrains.kotlin.gradle.plugin.KotlinGradleBuildServices$detectKotlinPluginLoadedInMultipleProjects$onRegister$1$1: loaded 2 times (x 75B)
Class org.jetbrains.kotlin.gradle.plugin.internal.ConfigurationCacheStartParameterAccessor$Factory: loaded 2 times (x 70B)
Class org.objectweb.asm.FieldVisitor                                                  : loaded 2 times (x 77B)
Class com.google.common.collect.IndexedImmutableSet                                   : loaded 2 times (x 152B)
Class com.google.common.collect.ImmutableMap$1                                        : loaded 2 times (x 81B)
Class com.google.common.collect.BiMap                                                 : loaded 2 times (x 70B)
Class org.gradle.api.internal.classpath.DefaultModuleRegistry$DefaultModule           : loaded 2 times (x 86B)
Class org.jetbrains.kotlin.gradle.plugin.statistics.BuildFinishMetrics$reportGlobalMetrics$1: loaded 2 times (x 79B)
Class com.google.common.collect.NullsFirstOrdering                                    : loaded 2 times (x 115B)
Class org.jetbrains.kotlin.gradle.plugin.diagnostics.CheckKotlinGradlePluginConfigurationErrors_Decorated: loaded 2 times (x 369B)
Class org.jetbrains.kotlin.gradle.plugin.mpp.compilationImpl.KotlinCompilationSourceSetInclusion$DefaultAddSourcesToCompileTask$addSources$1: loaded 2 times (x 79B)
Class org.jetbrains.kotlin.gradle.plugin.diagnostics.checkers.WasmSourceSetsNotFoundChecker$wasmSourceSetRegex$2: loaded 2 times (x 78B)
Class org.jetbrains.kotlin.gradle.plugin.mpp.compilationImpl.KotlinCompilationSideEffect: loaded 2 times (x 70B)
Class org.jetbrains.kotlin.gradle.plugin.KotlinGradlePluginExtensionPoint             : loaded 2 times (x 70B)
Class org.jetbrains.kotlin.tooling.core.ExtrasUtilsKt                                 : loaded 2 times (x 71B)
Class org.jetbrains.kotlin.buildtools.api.ExperimentalBuildToolsApi                   : loaded 2 times (x 70B)
Class org.jetbrains.kotlin.gradle.utils.ResourceUtilsKt                               : loaded 2 times (x 71B)
Class org.jetbrains.kotlin.gradle.plugin.KotlinPluginWrapperKt$kotlinPluginVersionFromResources$1: loaded 2 times (x 78B)
Class com.google.common.primitives.Ints                                               : loaded 2 times (x 71B)
Class com.google.common.collect.AbstractIterator                                      : loaded 2 times (x 82B)
Class org.jetbrains.kotlin.gradle.tasks.UsesKotlinJavaToolchain$DefaultImpls          : loaded 2 times (x 71B)
Class org.jetbrains.kotlin.build.report.metrics.BuildAttributeKind$Companion          : loaded 2 times (x 71B)
Class org.jetbrains.kotlin.gradle.plugin.mpp.KotlinTargetSoftwareComponentImplKt$KotlinTargetSoftwareComponent$1$1$1: loaded 2 times (x 75B)
Class org.jetbrains.kotlin.gradle.tasks.configuration.KaptGenerateStubsConfig$Companion$configureLibraries$1: loaded 2 times (x 79B)
Class org.jetbrains.kotlin.gradle.plugin.mpp.compilationImpl.KotlinCompilationSourceSetInclusion$DefaultAddSourcesToCompileTask$addSources$2: loaded 2 times (x 79B)
Class org.jetbrains.kotlin.gradle.tasks.AbstractKotlinCompile                         : loaded 2 times (x 459B)
Class org.jetbrains.kotlin.gradle.plugin.KotlinCompilationOutput                      : loaded 2 times (x 70B)
Class org.jetbrains.kotlin.gradle.plugin.diagnostics.CheckKotlinGradlePluginConfigurationErrorsKt$addDependsOnFromTasksThatShouldFailWhenErrorsReported$1: loaded 2 times (x 75B)
Class org.jetbrains.kotlin.konan.target.KonanTarget$TVOS_X64                          : loaded 2 times (x 78B)
Class org.jetbrains.kotlin.gradle.plugin.diagnostics.KotlinToolingDiagnosticsSetupActionKt: loaded 2 times (x 71B)
Class org.jetbrains.kotlin.gradle.plugin.KotlinGradleBuildServices$Parameters$Inject  : loaded 2 times (x 106B)
Class org.jetbrains.kotlin.gradle.plugin.KotlinPluginWrapperKt$kotlinPluginVersionFromResources$1$1: loaded 2 times (x 71B)
Class com.google.common.collect.ObjectArrays                                          : loaded 2 times (x 71B)
Class com.google.common.collect.Multiset                                              : loaded 2 times (x 70B)
Class org.jetbrains.kotlin.gradle.plugin.mpp.KotlinVariantWithCoordinates             : loaded 2 times (x 108B)
Class com.google.common.collect.AbstractIndexedListIterator                           : loaded 2 times (x 96B)
Class com.google.common.math.MathPreconditions                                        : loaded 2 times (x 71B)
Class org.jetbrains.kotlin.tooling.core.Extras$Entry                                  : loaded 2 times (x 72B)
Class org.jetbrains.kotlin.gradle.plugin.sources.InternalKotlinSourceSetKt            : loaded 2 times (x 71B)
Class org.jetbrains.kotlin.gradle.internal.Kapt3GradleSubplugin$Kapt3SubpluginContext : loaded 2 times (x 72B)
Class org.jetbrains.kotlin.gradle.artifacts.KotlinTargetArtifact                      : loaded 2 times (x 70B)
Class org.jetbrains.kotlin.gradle.dsl.KotlinJvmCompilerOptionsDefault_Decorated       : loaded 2 times (x 171B)
Class org.jetbrains.kotlin.gradle.plugin.HasKotlinDependencies                        : loaded 2 times (x 70B)
Class org.jetbrains.kotlin.gradle.targets.native.toolchain.KotlinNativeBundleBuildService$Companion: loaded 2 times (x 71B)
Class org.jetbrains.kotlin.gradle.plugin.BuildEventsListenerRegistryHolder_Decorated  : loaded 2 times (x 119B)
Class org.jetbrains.kotlin.gradle.plugin.statistics.MetricContainer                   : loaded 2 times (x 72B)
Class org.jetbrains.kotlin.gradle.plugin.statistics.old.Pre232IdeaKotlinBuildStatsMXBean: loaded 2 times (x 70B)
Class org.jetbrains.kotlin.gradle.plugin.statistics.KotlinBuildStatsServicesRegistry  : loaded 2 times (x 78B)
Class org.jetbrains.kotlin.gradle.plugin.VariantImplementationFactoriesConfigurator   : loaded 2 times (x 76B)
Class com.google.common.collect.ImmutableMapEntrySet                                  : loaded 2 times (x 152B)
Class org.gradle.api.internal.classpath.Module                                        : loaded 2 times (x 70B)
Class org.jetbrains.kotlin.gradle.tasks.KotlinCompile$ClasspathSnapshotProperties_Decorated: loaded 2 times (x 137B)
Class org.jetbrains.kotlin.gradle.internal.transforms.BuildToolsApiClasspathEntrySnapshotTransform$Parameters_Decorated: loaded 2 times (x 157B)
Class org.jetbrains.kotlin.gradle.plugin.mpp.compilationImpl.KotlinCompilationSourceSetInclusion$Companion$includedSourceSets$2: loaded 2 times (x 78B)
Class org.jetbrains.kotlin.gradle.plugin.diagnostics.KotlinToolingDiagnosticsSetupActionKt$KotlinToolingDiagnosticsSetupAction$1$1: loaded 2 times (x 75B)
Class org.jetbrains.kotlin.gradle.targets.js.npm.NpmDirectoryDependencyWithExternalsExtension: loaded 2 times (x 70B)
Class org.jetbrains.kotlin.gradle.plugin.KotlinProjectSetupAction                     : loaded 2 times (x 70B)
Class org.jetbrains.kotlin.gradle.plugin.KotlinGradleFinishBuildHandler$Companion     : loaded 2 times (x 71B)
Class com.google.common.cache.Weigher                                                 : loaded 2 times (x 70B)
Class org.gradle.api.internal.classpath.UnknownModuleException                        : loaded 2 times (x 82B)
Class build_dxydo5wgwf3y7ats60xi8i3xp                                                 : loaded 2 times (x 180B)
Class org.jetbrains.kotlin.gradle.plugin.mpp.InternalKotlinTargetComponentKt          : loaded 2 times (x 71B)
Class org.jetbrains.kotlin.gradle.plugin.mpp.InternalKotlinTarget$DefaultImpls        : loaded 2 times (x 71B)
Class org.jetbrains.kotlin.gradle.plugin.KotlinPluginLifecycleImpl$executeCurrentStageAndScheduleNext$3: loaded 2 times (x 75B)
Class org.jetbrains.kotlin.gradle.plugin.mpp.compilationImpl.KotlinCompilationRegisterInSourceSetsConfigurator$configure$1: loaded 2 times (x 79B)
Class org.jetbrains.kotlin.gradle.plugin.diagnostics.KotlinToolingDiagnosticsSetupActionKt$KotlinToolingDiagnosticsSetupAction$1$2: loaded 2 times (x 95B)
Class org.jetbrains.kotlin.gradle.targets.js.npm.NpmDependencyWithExternalsExtension  : loaded 2 times (x 70B)
Class org.jetbrains.kotlin.gradle.plugin.mpp.KotlinUsageContext                       : loaded 2 times (x 70B)
Class org.jetbrains.kotlin.gradle.plugin.KotlinTargetsContainer                       : loaded 2 times (x 70B)
Class org.jetbrains.kotlin.compilerRunner.GradleCliCommonizerKt                       : loaded 2 times (x 71B)
Class org.jetbrains.kotlin.gradle.utils.ConfigurationsKt                              : loaded 2 times (x 71B)
Class org.jetbrains.kotlin.gradle.plugin.StatisticsBuildFlowManager                   : loaded 2 times (x 72B)
Class org.jetbrains.kotlin.gradle.plugin.statistics.BuildFusService$Parameters        : loaded 2 times (x 70B)
Class org.jetbrains.kotlin.gradle.plugin.PluginWrappersKt                             : loaded 2 times (x 71B)
Class com.google.common.base.Stopwatch                                                : loaded 2 times (x 72B)
Class com.google.common.cache.LocalCache$Strength                                     : loaded 2 times (x 81B)
Class com.google.common.cache.Cache                                                   : loaded 2 times (x 70B)
Class org.jetbrains.kotlin.build.report.metrics.BuildMetricsReporter                  : loaded 2 times (x 70B)
Class org.jetbrains.kotlin.gradle.plugin.mpp.InternalKotlinTargetKt                   : loaded 2 times (x 71B)
Class org.jetbrains.kotlin.gradle.plugin.diagnostics.KotlinToolingDiagnosticsSetupActionKt$KotlinToolingDiagnosticsSetupAction$1$3: loaded 2 times (x 75B)
Class org.jetbrains.kotlin.gradle.targets.js.dsl.KotlinTargetWithNodeJsDsl            : loaded 2 times (x 70B)
Class org.jetbrains.kotlin.gradle.plugin.sources.DefaultKotlinSourceSetKt$defaultSourceSetLanguageSettingsChecker$1: loaded 2 times (x 78B)
Class org.jetbrains.kotlin.gradle.plugin.sources.InternalKotlinSourceSet              : loaded 2 times (x 70B)
Class org.jetbrains.kotlin.gradle.plugin.KotlinJvmPlugin                              : loaded 2 times (x 79B)
Class org.jetbrains.kotlin.gradle.plugin.mpp.SyncLanguageSettingsWithKotlinExtensionSetupActionKt$SyncLanguageSettingsWithKotlinExtensionSetupAction$1: loaded 2 times (x 95B)
Class org.jetbrains.kotlin.gradle.dsl.KotlinGradlePluginPublicDsl                     : loaded 2 times (x 70B)
Class org.jetbrains.kotlin.gradle.internal.properties.NativeProperties                : loaded 2 times (x 70B)
Class org.jetbrains.kotlin.statistics.BuildSessionLogger                              : loaded 2 times (x 77B)
Class org.jetbrains.kotlin.gradle.plugin.internal.ConfigurationCacheStartParameterAccessor: loaded 2 times (x 70B)
Class com.google.common.util.concurrent.AbstractFuture$Cancellation                   : loaded 2 times (x 72B)
Class com.google.common.collect.ImmutableMap$Builder                                  : loaded 2 times (x 82B)
Class com.google.common.collect.AbstractMapBasedMultimap$WrappedCollection$WrappedIterator: loaded 2 times (x 84B)
Class org.jetbrains.kotlin.gradle.utils.FutureKt$future$2$1                           : loaded 2 times (x 95B)
Class [Lorg.jetbrains.kotlin.gradle.plugin.statistics.plugins.ObservablePlugins;      : loaded 2 times (x 69B)
Class org.jetbrains.kotlin.gradle.plugin.internal.BuildIdService$Companion$registerIfAbsent$1$1: loaded 2 times (x 75B)
Class org.jetbrains.kotlin.konan.target.KonanTarget$IOS_ARM64                         : loaded 2 times (x 78B)
Class org.jetbrains.kotlin.gradle.targets.js.dsl.KotlinWasmTargetDsl                  : loaded 2 times (x 70B)
Class org.jetbrains.kotlin.gradle.plugin.diagnostics.checkers.DisabledCinteropCommonizationInHmppProjectChecker$runChecks$1: loaded 2 times (x 88B)
Class org.jetbrains.kotlin.gradle.plugin.sources.ConsistencyCheck                     : loaded 2 times (x 72B)
Class org.jetbrains.kotlin.gradle.plugin.sources.DefaultKotlinSourceSetKt$defaultSourceSetLanguageSettingsChecker$2: loaded 2 times (x 78B)
Class org.jetbrains.kotlin.gradle.dsl.KotlinCommonToolOptions                         : loaded 2 times (x 70B)
Class org.jetbrains.kotlin.gradle.plugin.AbstractKotlinPlugin                         : loaded 2 times (x 78B)
Class org.jetbrains.kotlin.gradle.tasks.DefaultKotlinJavaToolchain$Companion$wireJvmTargetToJvm$1: loaded 2 times (x 75B)
Class org.jetbrains.kotlin.gradle.plugin.diagnostics.checkers.ComposePluginSuggestApplyChecker: loaded 2 times (x 74B)
Class org.jetbrains.kotlin.gradle.dsl.KotlinMultiplatformExtension                    : loaded 2 times (x 607B)
Class com.google.common.cache.RemovalListener                                         : loaded 2 times (x 70B)
Class org.gradle.api.internal.DefaultClassPathRegistry                                : loaded 2 times (x 76B)
Class org.jetbrains.kotlin.gradle.plugin.mpp.KotlinTargetSoftwareComponentImplKt$KotlinTargetSoftwareComponent$1$1$configuration$1: loaded 2 times (x 79B)
Class org.jetbrains.kotlin.gradle.targets.js.npm.DefaultPeerNpmDependencyExtension$delegate$1: loaded 2 times (x 167B)
Class org.jetbrains.kotlin.gradle.targets.js.npm.NpmDependency                        : loaded 2 times (x 97B)
Class org.jetbrains.kotlin.gradle.targets.js.npm.DefaultNpmDependencyExtension        : loaded 2 times (x 152B)
Class org.jetbrains.kotlin.gradle.targets.js.npm.NpmDependency$Scope                  : loaded 2 times (x 79B)
Class org.jetbrains.kotlin.gradle.plugin.sources.FragmentConsistencyChecks$unstableFeaturesCheck$1: loaded 2 times (x 79B)
Class org.jetbrains.kotlin.gradle.plugin.sources.DefaultKotlinSourceSet               : loaded 2 times (x 141B)
Class org.jetbrains.kotlin.gradle.plugin.diagnostics.checkers.AndroidSourceSetLayoutV1SourceSetsNotFoundChecker: loaded 2 times (x 74B)
Class org.jetbrains.kotlin.gradle.utils.ConfigurationsKt$sam$org_gradle_api_Action$0  : loaded 2 times (x 75B)
Class org.jetbrains.kotlin.gradle.plugin.VariantImplementationFactories$Parameters    : loaded 2 times (x 70B)
Class com.google.common.primitives.IntsMethodsForWeb                                  : loaded 2 times (x 71B)
Class com.google.common.collect.Multimap                                              : loaded 2 times (x 70B)
Class org.gradle.api.internal.ClassPathRegistry                                       : loaded 2 times (x 70B)
Class org.gradle.internal.classpath.DefaultClassPath$ImmutableUniqueList              : loaded 2 times (x 199B)
Class org.jetbrains.kotlin.gradle.plugin.internal.state.TaskLoggers                   : loaded 2 times (x 71B)
Class org.jetbrains.kotlin.gradle.plugin.KotlinCompilation$DefaultImpls               : loaded 2 times (x 71B)
Class org.jetbrains.kotlin.gradle.utils.ProviderApiUtilsKt$providerWithLazyConvention$1: loaded 2 times (x 74B)
Class org.jetbrains.kotlin.konan.target.KonanTarget$Companion$predefinedTargets$2     : loaded 2 times (x 78B)
Class org.jetbrains.kotlin.gradle.plugin.sources.FragmentConsistencyChecks$unstableFeaturesCheck$2: loaded 2 times (x 78B)
Class org.jetbrains.kotlin.gradle.plugin.KotlinPluginLifecycleImpl                    : loaded 2 times (x 80B)
Class org.jetbrains.kotlin.gradle.plugin.diagnostics.KotlinToolingDiagnostics$WasmWasiEnvironmentNotChosenExplicitly: loaded 2 times (x 73B)
Class org.jetbrains.kotlin.gradle.artifacts.KotlinNativeKlibArtifactKt$KotlinNativeKlibArtifact$1: loaded 2 times (x 74B)
Class org.jetbrains.kotlin.gradle.dsl.KotlinCommonCompilerOptionsDefault              : loaded 2 times (x 96B)
Class org.jetbrains.kotlin.gradle.dsl.KotlinCommonCompilerToolOptionsDefault          : loaded 2 times (x 84B)
Class org.jetbrains.kotlin.gradle.internal.properties.NativePropertiesLoader$isUseXcodeMessageStyleEnabled$1: loaded 2 times (x 75B)
Class org.jetbrains.kotlin.gradle.plugin.statistics.KotlinBuildStatisticsUtilsKt$collectGeneralConfigurationTimeMetrics$statisticOverhead$1$2: loaded 2 times (x 75B)
Class org.jetbrains.kotlin.gradle.plugin.StatisticsBuildFlowManager_Decorated         : loaded 2 times (x 119B)
Class org.jetbrains.kotlin.gradle.report.BuildReportMode$Companion                    : loaded 2 times (x 71B)
Class org.jetbrains.kotlin.gradle.plugin.VariantImplementationFactories$VariantImplementationFactory: loaded 2 times (x 70B)
Class com.google.common.collect.RegularImmutableMap$KeySet                            : loaded 2 times (x 152B)
Class org.jetbrains.kotlin.gradle.utils.GradleAttributesContainerUtilsKt              : loaded 2 times (x 71B)
Class org.jetbrains.kotlin.gradle.plugin.mpp.ApplyUserDefinedAttributesKt$UserDefinedAttributesSetupAction$1$1: loaded 2 times (x 79B)
Class org.jetbrains.kotlin.compilerRunner.CompilerSystemPropertiesService             : loaded 2 times (x 80B)
Class org.jetbrains.kotlin.gradle.plugin.mpp.compilationImpl.KotlinCompilationImpl$1  : loaded 2 times (x 79B)
Class org.jetbrains.kotlin.gradle.targets.js.npm.SemVer$Companion                     : loaded 2 times (x 71B)
Class org.jetbrains.kotlin.konan.target.KonanTarget$LINUX_ARM64                       : loaded 2 times (x 78B)
Class org.jetbrains.kotlin.konan.target.KonanTarget$LINUX_X64                         : loaded 2 times (x 78B)
Class [Lorg.jetbrains.kotlin.konan.target.Architecture;                               : loaded 2 times (x 69B)
Class org.jetbrains.kotlin.gradle.targets.native.SetupEmbedAndSignAppleFrameworkTaskSideEffectKt$special$$inlined$KotlinTargetSideEffect$1: loaded 2 times (x 74B)
Class org.jetbrains.kotlin.gradle.plugin.mpp.KotlinUsages$KotlinCinteropCompatibility : loaded 2 times (x 77B)
Class org.jetbrains.kotlin.gradle.dsl.ExplicitApiMode                                 : loaded 2 times (x 79B)
Class org.jetbrains.kotlin.gradle.plugin.VariantImplementationFactories$Companion     : loaded 2 times (x 71B)
Class org.jetbrains.kotlin.gradle.plugin.internal.CustomPropertiesFileValueSource$Parameters_Decorated: loaded 2 times (x 134B)
Class org.jetbrains.kotlin.gradle.dsl.KotlinTopLevelExtensionConfig                   : loaded 2 times (x 70B)
Class com.google.common.cache.CacheBuilder                                            : loaded 2 times (x 72B)
Class com.google.common.collect.SingletonImmutableList                                : loaded 2 times (x 207B)
Class Settings_gradle$1                                                               : loaded 2 times (x 74B)
Class org.gradle.internal.classpath.ClassPath                                         : loaded 2 times (x 70B)
Class org.gradle.api.UncheckedIOException                                             : loaded 2 times (x 82B)
Class build_59uh3cc1h0y41d7mrbg7en9qo$_run_closure1                                   : loaded 2 times (x 139B)
Class build_dl3r9xroj7v9ta7ssxd0gijj4$_run_closure1                                   : loaded 2 times (x 139B)
Class build_ai94f9i63munlvu4krsad4ebr$_run_closure1                                   : loaded 2 times (x 139B)
Class org.jetbrains.kotlin.gradle.incremental.IncrementalModuleInfoProvider           : loaded 2 times (x 70B)
Class org.jetbrains.kotlin.gradle.plugin.mpp.compilationImpl.KotlinCompilationImpl$2  : loaded 2 times (x 79B)
Class com.google.common.base.JdkPattern                                               : loaded 2 times (x 75B)
Class org.jetbrains.kotlin.gradle.dsl.PlatformSourceSetConventionsChecker$runChecks$1 : loaded 2 times (x 88B)
Class org.jetbrains.kotlin.gradle.plugin.mpp.compilationImpl.KotlinCompilationProcessorSideEffectKt$KotlinCompilationProcessorSideEffect$1: loaded 2 times (x 74B)
Class org.jetbrains.kotlin.gradle.dsl.KotlinJvmCompilerOptionsDefault                 : loaded 2 times (x 108B)
Class org.jetbrains.kotlin.gradle.internal.UsesClassLoadersCachingBuildService        : loaded 2 times (x 70B)
Class com.google.common.collect.ImmutableList$ReverseImmutableList                    : loaded 2 times (x 209B)
Class org.jetbrains.kotlin.compilerRunner.KotlinCompilerArgumentsLogLevel$Companion   : loaded 2 times (x 71B)
Class org.jetbrains.kotlin.gradle.plugin.DefaultKotlinBasePlugin$addKotlinCompilerConfiguration$3$1: loaded 2 times (x 79B)
Class org.jetbrains.kotlin.gradle.tasks.AbstractKotlinCompile$defaultKotlinJavaToolchain$1: loaded 2 times (x 78B)
Class org.jetbrains.kotlin.daemon.common.MultiModuleICSettings                        : loaded 2 times (x 72B)
Class org.jetbrains.kotlin.cli.common.arguments.Freezable                             : loaded 2 times (x 72B)
Class com.google.errorprone.annotations.DoNotMock                                     : loaded 2 times (x 70B)
Class org.jetbrains.kotlin.gradle.internal.transforms.BuildToolsApiClasspathEntrySnapshotTransform$Parameters: loaded 2 times (x 88B)
Class org.jetbrains.kotlin.gradle.plugin.KotlinCompilationInfoKt                      : loaded 2 times (x 71B)
Class org.jetbrains.kotlin.gradle.tasks.KotlinCompile                                 : loaded 2 times (x 504B)
Class org.jetbrains.kotlin.gradle.internal.StdlibDependencyManagementKt               : loaded 2 times (x 71B)
Class org.jetbrains.kotlin.gradle.dsl.PlatformSourceSetConventionsChecker$runChecks$2 : loaded 2 times (x 78B)
Class org.jetbrains.kotlin.konan.target.KonanTarget$MINGW_X64                         : loaded 2 times (x 78B)
Class org.jetbrains.kotlin.gradle.utils.ObservableSet                                 : loaded 2 times (x 70B)
Class org.jetbrains.kotlin.gradle.plugin.diagnostics.KotlinToolingDiagnosticsCollectorKt: loaded 2 times (x 71B)
Class org.jetbrains.kotlin.gradle.plugin.mpp.HierarchyAttributeContainer              : loaded 2 times (x 83B)
Class org.jetbrains.kotlin.gradle.tasks.UsesKotlinJavaToolchain                       : loaded 2 times (x 70B)
Class org.jetbrains.kotlin.gradle.plugin.DefaultKotlinBasePlugin$apply$1              : loaded 2 times (x 75B)
Class org.jetbrains.kotlin.statistics.metrics.StringOverridePolicy$OVERRIDE           : loaded 2 times (x 85B)
Class org.jetbrains.kotlin.gradle.internal.properties.PropertiesBuildService$Params_Decorated: loaded 2 times (x 134B)
Class org.objectweb.asm.SymbolTable$Entry                                             : loaded 2 times (x 74B)
Class com.google.common.collect.SortedSetMultimap                                     : loaded 2 times (x 70B)
Class Native_plugin_loader_gradle                                                     : loaded 2 times (x 130B)
Class org.jetbrains.kotlin.statistics.metrics.IMetricContainer                        : loaded 2 times (x 70B)
Class org.jetbrains.kotlin.gradle.plugin.mpp.KotlinTargetComponentWithCoordinatesAndPublication: loaded 2 times (x 70B)
Class org.jetbrains.kotlin.gradle.incremental.UsesIncrementalModuleInfoBuildService   : loaded 2 times (x 70B)
Class org.jetbrains.kotlin.konan.target.KonanTarget$ANDROID_X86                       : loaded 2 times (x 78B)
Class org.jetbrains.kotlin.gradle.dsl.PlatformSourceSetConventionsChecker$runChecks$3 : loaded 2 times (x 78B)
Class org.jetbrains.kotlin.gradle.plugin.RegisterKotlinPluginExtensionsKt             : loaded 2 times (x 71B)
Class org.jetbrains.kotlin.gradle.utils.CompilerOptionsKt$configureExperimentalTryNext$1$1: loaded 2 times (x 78B)
Class org.jetbrains.kotlin.gradle.utils.CompilerOptionsKt                             : loaded 2 times (x 71B)
Class org.jetbrains.kotlin.gradle.plugin.PropertiesProvider$Companion                 : loaded 2 times (x 71B)
Class org.jetbrains.kotlin.gradle.utils.SingleAction                                  : loaded 2 times (x 73B)
Class org.objectweb.asm.Edge                                                          : loaded 2 times (x 72B)
Class com.google.common.base.Suppliers$SupplierOfInstance                             : loaded 2 times (x 79B)
Class com.google.common.collect.Iterators$1                                           : loaded 2 times (x 81B)
Class Build_gradle$2$2                                                                : loaded 2 times (x 78B)
Class org.jetbrains.kotlin.gradle.tasks.KotlinCompile$defaultKotlinJavaToolchain$1    : loaded 2 times (x 79B)
Class org.jetbrains.kotlin.gradle.tasks.KotlinJavaToolchain$JavaToolchainSetter       : loaded 2 times (x 70B)
Class org.jetbrains.kotlin.tooling.core.ExtrasPropertyKt$extrasLazyProperty$1         : loaded 2 times (x 94B)
Class org.jetbrains.kotlin.gradle.dsl.PlatformSourceSetConventionsChecker$runChecks$4 : loaded 2 times (x 78B)
Class org.jetbrains.kotlin.gradle.plugin.diagnostics.checkers.JsLikeEnvironmentChecker$runChecks$1: loaded 2 times (x 88B)
Class org.jetbrains.kotlin.gradle.plugin.diagnostics.KotlinToolingDiagnostics$WasmJsEnvironmentNotChosenExplicitly: loaded 2 times (x 73B)
Class org.jetbrains.kotlin.gradle.plugin.diagnostics.UsesKotlinToolingDiagnostics     : loaded 2 times (x 70B)
Class org.jetbrains.kotlin.statistics.metrics.BooleanAnonymizationPolicy$SAFE         : loaded 2 times (x 85B)
Class com.google.common.cache.LocalCache$ComputingValueReference                      : loaded 2 times (x 96B)
Class com.google.common.collect.SingletonImmutableSet                                 : loaded 2 times (x 146B)
Class com.google.common.collect.ImmutableMap$IteratorBasedImmutableMap                : loaded 2 times (x 126B)
Class Build_gradle$2$3                                                                : loaded 2 times (x 78B)
Class org.jetbrains.kotlin.gradle.plugin.mpp.compilationImpl.DefaultKotlinCompilationSourceSetsContainer$allKotlinSourceSetsImpl$1$1: loaded 2 times (x 80B)
Class com.google.common.base.Equivalence$Identity                                     : loaded 2 times (x 82B)
Class org.jetbrains.kotlin.konan.target.KonanTarget$TVOS_SIMULATOR_ARM64              : loaded 2 times (x 78B)
Class org.jetbrains.kotlin.konan.target.KonanTarget$Companion                         : loaded 2 times (x 71B)
Class org.jetbrains.kotlin.gradle.plugin.KotlinPluginLifecycle$Stage$Companion        : loaded 2 times (x 71B)
Class org.jetbrains.kotlin.gradle.plugin.diagnostics.checkers.DeprecatedKotlinNativeTargetsChecker: loaded 2 times (x 74B)
Class org.jetbrains.kotlin.gradle.targets.native.ConfigureFrameworkExportSideEffectKt$special$$inlined$KotlinTargetSideEffect$1: loaded 2 times (x 74B)
Class org.jetbrains.kotlin.tooling.core.AbstractExtras                                : loaded 2 times (x 141B)
Class com.google.common.cache.LocalCache$Segment                                      : loaded 2 times (x 154B)
Class Build_gradle$2$4                                                                : loaded 2 times (x 78B)
Class Native_plugin_loader_gradle$NativePluginLoader$Companion                        : loaded 2 times (x 71B)
Class org.jetbrains.kotlin.gradle.plugin.statistics.KotlinBuildStatsLoggerService$initSessionLogger$1: loaded 2 times (x 79B)
Class org.jetbrains.kotlin.build.report.metrics.BuildTimes                            : loaded 2 times (x 72B)
Class org.jetbrains.kotlin.gradle.tasks.KotlinCompile$ClasspathSnapshotProperties     : loaded 2 times (x 75B)
Class org.jetbrains.kotlin.gradle.internal.StdlibDependencyManagementKt$addStdlibDependency$1$1: loaded 2 times (x 79B)
Class org.jetbrains.kotlin.gradle.tasks.configuration.BaseKotlinCompileConfig$2$1     : loaded 2 times (x 75B)
Class org.jetbrains.kotlin.gradle.plugin.diagnostics.TransformActionUsingKotlinToolingDiagnostics: loaded 2 times (x 70B)
Class com.google.common.collect.SortedIterable                                        : loaded 2 times (x 70B)
Class org.jetbrains.kotlin.gradle.dsl.PlatformSourceSetConventionsChecker$runChecks$6 : loaded 2 times (x 88B)
Class org.jetbrains.kotlin.gradle.plugin.sources.DefaultKotlinSourceSet_Decorated     : loaded 2 times (x 192B)
Class org.jetbrains.kotlin.gradle.plugin.mpp.KotlinCompilationsKt                     : loaded 2 times (x 71B)
Class org.jetbrains.kotlin.statistics.metrics.StringOverridePolicy                    : loaded 2 times (x 85B)
Class org.jetbrains.kotlin.gradle.plugin.statistics.DefaultKotlinBuildStatsBeanService: loaded 2 times (x 92B)
Class org.jetbrains.kotlin.gradle.utils.GradleUtilsKt$registerClassLoaderScopedBuildService$1: loaded 2 times (x 74B)
Class com.google.common.collect.AbstractListMultimap                                  : loaded 2 times (x 172B)
Class [Lorg.objectweb.asm.SymbolTable$Entry;                                          : loaded 2 times (x 69B)
Class com.google.common.cache.CacheLoader                                             : loaded 2 times (x 74B)
Class com.google.common.collect.Iterators$4                                           : loaded 2 times (x 82B)
Class com.google.common.collect.ImmutableBiMap                                        : loaded 2 times (x 143B)
Class org.gradle.internal.installation.GradleInstallation$1                           : loaded 2 times (x 75B)
Class org.gradle.api.internal.classpath.ModuleRegistry                                : loaded 2 times (x 70B)
Class Build_gradle$2$5                                                                : loaded 2 times (x 78B)
Class build_dxydo5wgwf3y7ats60xi8i3xp$_run_closure1$_closure3                         : loaded 2 times (x 139B)
Class org.jetbrains.kotlin.gradle.plugin.KotlinPluginLifecycle$ProjectConfigurationResult: loaded 2 times (x 71B)
Class org.jetbrains.kotlin.gradle.internal.KotlinDependenciesManagementKt$configureDefaultVersionsResolutionStrategy$1: loaded 2 times (x 75B)
Class org.jetbrains.kotlin.gradle.internal.StdlibDependencyManagementKt$configureStdlibDefaultDependency$1: loaded 2 times (x 79B)
Class org.jetbrains.kotlin.gradle.model.builder.KotlinModelBuilder$Companion          : loaded 2 times (x 71B)
Class org.jetbrains.kotlin.gradle.plugin.mpp.compilationImpl.KotlinCreateResourcesTaskSideEffectKt: loaded 2 times (x 71B)
Class org.jetbrains.kotlin.gradle.targets.native.internal.SetupKotlinNativePlatformDependenciesAndStdlibKt: loaded 2 times (x 71B)
Class org.jetbrains.kotlin.gradle.plugin.mpp.KotlinUsages                             : loaded 2 times (x 71B)
Class org.jetbrains.kotlin.gradle.internal.properties.NativePropertiesLoader$Companion: loaded 2 times (x 71B)
Class [Lorg.jetbrains.kotlin.build.report.metrics.GradleBuildPerformanceMetric;       : loaded 2 times (x 69B)
Class org.jetbrains.kotlin.gradle.plugin.statistics.KotlinBuildStatsBeanService$Companion: loaded 2 times (x 71B)
Class org.jetbrains.kotlin.gradle.plugin.statistics.BuildFusService$Companion         : loaded 2 times (x 71B)
Class com.google.common.util.concurrent.internal.InternalFutureFailureAccess          : loaded 2 times (x 72B)
Class com.google.common.collect.Iterators$5                                           : loaded 2 times (x 82B)
Class com.google.common.collect.ImmutableSet$JdkBackedSetBuilderImpl                  : loaded 2 times (x 76B)
Class org.jetbrains.kotlin.gradle.plugin.HasCompilerOptions                           : loaded 2 times (x 70B)
Class org.jetbrains.kotlin.gradle.plugin.mpp.compilationImpl.DefaultKotlinCompilationFriendPathsResolver$FriendArtifactResolver: loaded 2 times (x 70B)
Class org.jetbrains.kotlin.konan.target.KonanTarget$WATCHOS_SIMULATOR_ARM64           : loaded 2 times (x 78B)
Class org.jetbrains.kotlin.gradle.targets.js.ir.KotlinJsIrTarget                      : loaded 2 times (x 254B)
Class org.jetbrains.kotlin.gradle.plugin.mpp.DefaultKotlinUsageContext                : loaded 2 times (x 108B)
Class org.jetbrains.kotlin.gradle.plugin.KotlinPluginLifecycleImpl$start$3            : loaded 2 times (x 79B)
Class org.jetbrains.kotlin.gradle.plugin.KotlinMultiplatformPluginWrapper             : loaded 2 times (x 86B)
Class [Lorg.jetbrains.kotlin.statistics.metrics.BooleanMetrics;                       : loaded 2 times (x 69B)
Class org.jetbrains.kotlin.gradle.internal.properties.PropertiesBuildService$Companion: loaded 2 times (x 71B)
Class com.google.common.cache.LocalCache$LocalManualCache$1                           : loaded 2 times (x 75B)
Class com.google.common.base.CharMatcher$ForPredicate                                 : loaded 2 times (x 112B)
Class Build_gradle$2$5$1$1                                                            : loaded 2 times (x 78B)
Class org.jetbrains.kotlin.gradle.plugin.mpp.compilationImpl.KotlinCompilationConfigurationsContainer: loaded 2 times (x 70B)
Class org.jetbrains.kotlin.gradle.internal.StdlibDependencyManagementKt$addStdlibDependency$1: loaded 2 times (x 75B)
Class [Lorg.jetbrains.kotlin.gradle.plugin.KotlinPluginLifecycle$CoroutineStart;      : loaded 2 times (x 69B)
Class org.jetbrains.kotlin.gradle.dsl.IosSourceSetConventionChecker                   : loaded 2 times (x 74B)
Class org.jetbrains.kotlin.gradle.plugin.diagnostics.KotlinGradleProjectChecker       : loaded 2 times (x 70B)
Class org.jetbrains.kotlin.gradle.plugin.sources.KotlinSourceSetFactory$Companion     : loaded 2 times (x 71B)
Class org.jetbrains.kotlin.gradle.dsl.KotlinMultiplatformSourceSetConventions         : loaded 2 times (x 70B)
Class org.jetbrains.kotlin.statistics.metrics.NumberOverridePolicy$SUM                : loaded 2 times (x 85B)
Class com.google.common.base.CharMatcher$AnyOf                                        : loaded 2 times (x 112B)
Class com.google.common.collect.ImmutableCollection                                   : loaded 2 times (x 125B)
Class org.gradle.api.internal.classpath.DefaultModuleRegistry                         : loaded 2 times (x 86B)
Class build_3acuq39s1j8pxclhb9181mkwl$_run_closure1                                   : loaded 2 times (x 139B)
Class org.jetbrains.kotlin.gradle.plugin.internal.state.TaskExecutionResults          : loaded 2 times (x 71B)
Class org.jetbrains.kotlin.compilerRunner.KotlinCompilerArgumentsLogLevel             : loaded 2 times (x 79B)
Class org.jetbrains.kotlin.gradle.plugin.mpp.compilationImpl.factory.CompositePostConfigure: loaded 2 times (x 75B)
Class org.jetbrains.kotlin.gradle.targets.native.internal.CInteropConfigurationsKt    : loaded 2 times (x 71B)
Class org.jetbrains.kotlin.gradle.plugin.statistics.BuildFusService$Parameters$Inject : loaded 2 times (x 112B)
Class org.jetbrains.kotlin.build.report.metrics.GradleBuildTime$Companion             : loaded 2 times (x 71B)
Class org.jetbrains.kotlin.statistics.metrics.StatisticsValuesConsumer                : loaded 2 times (x 70B)
Class com.google.common.collect.Lists                                                 : loaded 2 times (x 71B)
Class com.google.common.util.concurrent.ListenableFuture                              : loaded 2 times (x 70B)
Class com.google.common.cache.ReferenceEntry                                          : loaded 2 times (x 70B)
Class com.google.common.base.Converter                                                : loaded 2 times (x 90B)
Class com.google.common.collect.ImmutableSet$CachingAsList                            : loaded 2 times (x 148B)
Class org.jetbrains.kotlin.gradle.tasks.KotlinCompilerExecutionStrategy$Companion     : loaded 2 times (x 71B)
Class org.jetbrains.kotlin.gradle.plugin.CompilerPluginConfig                         : loaded 2 times (x 72B)
Class org.jetbrains.kotlin.gradle.model.builder.KotlinModelBuilder                    : loaded 2 times (x 76B)
Class [Lorg.jetbrains.kotlin.tooling.core.HasMutableExtras;                           : loaded 2 times (x 69B)
Class org.jetbrains.kotlin.gradle.plugin.diagnostics.checkers.GradleDeprecatedPropertyChecker: loaded 2 times (x 74B)
Class org.jetbrains.kotlin.gradle.artifacts.KotlinJsKlibArtifactKt$KotlinJsKlibArtifact$1: loaded 2 times (x 74B)
Class org.jetbrains.kotlin.gradle.targets.CreateTargetConfigurationsSideEffectKt      : loaded 2 times (x 71B)
Class org.jetbrains.kotlin.gradle.plugin.mpp.ApplyUserDefinedAttributesKt$UserDefinedAttributesSetupAction$1: loaded 2 times (x 95B)
Class org.jetbrains.kotlin.gradle.plugin.mpp.KotlinAndroidTarget                      : loaded 2 times (x 159B)
Class org.jetbrains.kotlin.gradle.plugin.DefaultKotlinBasePlugin$addKotlinCompilerConfiguration$1: loaded 2 times (x 75B)
Class org.jetbrains.kotlin.gradle.plugin.statistics.NonSynchronizedMetricsContainer   : loaded 2 times (x 82B)
Class org.jetbrains.kotlin.gradle.plugin.internal.DefaultCompatibilityConventionRegistrar: loaded 2 times (x 74B)
Class org.jetbrains.kotlin.gradle.plugin.PropertiesProvider                           : loaded 2 times (x 73B)
Class com.google.common.collect.AbstractMapBasedMultimap                              : loaded 2 times (x 139B)
Class com.google.common.util.concurrent.AbstractFuture                                : loaded 2 times (x 106B)
Class com.google.common.base.FunctionalEquivalence                                    : loaded 2 times (x 83B)
Class com.google.common.collect.Iterators$9                                           : loaded 2 times (x 81B)
Class com.google.common.collect.ImmutableAsList                                       : loaded 2 times (x 209B)
Class Build_gradle$2$5$1                                                              : loaded 2 times (x 78B)
Class build_bcn105v2760wsawab9jsooje7                                                 : loaded 2 times (x 180B)
Class [Lorg.jetbrains.kotlin.gradle.dsl.jvm.JvmTargetValidationMode;                  : loaded 2 times (x 69B)
Class org.jetbrains.kotlin.gradle.tasks.DefaultKotlinJavaToolchain$javaVersion$1      : loaded 2 times (x 74B)
Class org.jetbrains.kotlin.gradle.plugin.mpp.MppSourcesJarKt$sourcesJarTask$1         : loaded 2 times (x 95B)
Class org.jetbrains.kotlin.gradle.plugin.mpp.compilationImpl.factory.KotlinCompilationImplFactory$KotlinCompilationOutputFactory: loaded 2 times (x 70B)
Class org.jetbrains.kotlin.konan.target.TargetSupportException                        : loaded 2 times (x 82B)
Class org.jetbrains.kotlin.gradle.plugin.KotlinCompilationToRunnableFiles             : loaded 2 times (x 70B)
Class org.jetbrains.kotlin.gradle.tooling.BuildKotlinToolingMetadataTaskKt            : loaded 2 times (x 71B)
Class org.jetbrains.kotlin.gradle.plugin.ProjectLocalConfigurations$setupAttributesMatchingStrategy$1$1: loaded 2 times (x 74B)
Class org.jetbrains.kotlin.gradle.targets.native.toolchain.KotlinNativeBundleBuildService$Companion$registerIfAbsent$2$1$1: loaded 2 times (x 75B)
Class org.jetbrains.kotlin.statistics.BuildSessionLogger$Companion                    : loaded 2 times (x 71B)
Class org.objectweb.asm.RecordComponentVisitor                                        : loaded 2 times (x 77B)
Class com.google.common.cache.CacheLoader$SupplierToCacheLoader                       : loaded 2 times (x 75B)
Class com.google.common.collect.UsingToStringOrdering                                 : loaded 2 times (x 114B)
Class org.jetbrains.kotlin.gradle.plugin.mpp.KotlinCompilationsKt$sam$java_util_concurrent_Callable$0: loaded 2 times (x 75B)
Class org.jetbrains.kotlin.gradle.tasks.KotlinCompilerPluginData                      : loaded 2 times (x 72B)
Class org.jetbrains.kotlin.gradle.targets.js.npm.SemverKt                             : loaded 2 times (x 71B)
Class org.jetbrains.kotlin.gradle.internal.StdlibDependencyManagementKt$isStdlibAddedByUser$1: loaded 2 times (x 79B)
Class org.jetbrains.kotlin.gradle.plugin.mpp.MppSourcesJarKt                          : loaded 2 times (x 71B)
Class org.jetbrains.kotlin.compilerRunner.CompilerSystemPropertiesService$Companion$registerIfAbsent$2$1$1: loaded 2 times (x 75B)
Class org.jetbrains.kotlin.gradle.plugin.KotlinCompilationInfo                        : loaded 2 times (x 88B)
Class org.jetbrains.kotlin.tooling.core.ExtrasPropertyKt                              : loaded 2 times (x 71B)
Class org.jetbrains.kotlin.gradle.tasks.BaseKotlinCompile                             : loaded 2 times (x 70B)
Class org.jetbrains.kotlin.gradle.plugin.internal.UsesBuildIdProviderService          : loaded 2 times (x 70B)
Class org.jetbrains.kotlin.gradle.plugin.mpp.compilationImpl.KotlinCompilationSourceSetInclusion$include$1: loaded 2 times (x 79B)
Class org.jetbrains.kotlin.gradle.plugin.mpp.compilationImpl.factory.KotlinCompilationImplFactory$KotlinCompilationDependencyConfigurationsFactory: loaded 2 times (x 70B)
Class org.jetbrains.kotlin.gradle.plugin.KotlinPluginLifecycleCoroutineContextElement$Key: loaded 2 times (x 71B)
Class org.jetbrains.kotlin.gradle.plugin.diagnostics.KotlinToolingDiagnosticsSetupActionKt$KotlinToolingDiagnosticsSetupAction$1: loaded 2 times (x 74B)
Class org.jetbrains.kotlin.gradle.dsl.KotlinProjectExtensionKt                        : loaded 2 times (x 71B)
Class org.jetbrains.kotlin.gradle.plugin.KotlinGradleBuildServices$Parameters_Decorated: loaded 2 times (x 134B)
Class org.jetbrains.kotlin.gradle.plugin.DefaultKotlinBasePlugin$addKotlinCompilerConfiguration$3: loaded 2 times (x 75B)
Class [Lorg.jetbrains.kotlin.statistics.metrics.IMetricContainerFactory;              : loaded 2 times (x 69B)
Class org.jetbrains.kotlin.gradle.internal.IdeaKt                                     : loaded 2 times (x 71B)
Class com.google.common.collect.Maps$EntryTransformer                                 : loaded 2 times (x 70B)
Class org.gradle.internal.service.ServiceLookupException                              : loaded 2 times (x 82B)
Class build_bmu2in1hwqq7ex1tha9u1uilx$_run_closure1                                   : loaded 2 times (x 139B)
Class org.jetbrains.kotlin.gradle.tasks.GradleCompileTaskProvider_Decorated           : loaded 2 times (x 121B)
Class org.jetbrains.kotlin.gradle.internal.StdlibDependencyManagementKt$isStdlibAddedByUser$2: loaded 2 times (x 78B)
Class org.jetbrains.kotlin.gradle.plugin.hierarchy.KotlinSourceSetTreeClassifierKt$sourceSetTreeClassifier$2: loaded 2 times (x 78B)
Class com.google.common.collect.ImmutableSortedSet                                    : loaded 2 times (x 300B)
Class org.jetbrains.kotlin.konan.target.HostManager                                   : loaded 2 times (x 72B)
Class org.jetbrains.kotlin.gradle.targets.js.npm.NpmDirectoryDependencyExtension      : loaded 2 times (x 70B)
Class org.jetbrains.kotlin.gradle.plugin.mpp.KotlinUsageContext$MavenScope            : loaded 2 times (x 79B)
Class org.jetbrains.kotlin.gradle.targets.native.KotilnNativeConfigureBinariesSideEffectKt$special$$inlined$KotlinTargetSideEffect$1: loaded 2 times (x 74B)
Class org.jetbrains.kotlin.gradle.plugin.KotlinProjectSetupAction$Companion           : loaded 2 times (x 71B)
Class [Lcom.google.common.cache.LocalCache$EntryFactory;                              : loaded 2 times (x 69B)
Class org.gradle.internal.classloader.ClassLoaderFactory                              : loaded 2 times (x 70B)
Class org.jetbrains.kotlin.gradle.tasks.DefaultKotlinJavaToolchain$currentJvmJdkToolsJar$1: loaded 2 times (x 74B)
Class org.jetbrains.kotlin.gradle.plugin.SubpluginEnvironment                         : loaded 2 times (x 72B)
Class org.jetbrains.kotlin.gradle.internal.StdlibDependencyManagementKt$addStdlibDependency$1$1$1: loaded 2 times (x 75B)
Class com.google.common.base.CommonPattern                                            : loaded 2 times (x 74B)
Class org.jetbrains.kotlin.gradle.plugin.sources.AbstractKotlinSourceSet              : loaded 2 times (x 141B)
Class org.jetbrains.kotlin.gradle.tooling.BuildKotlinToolingMetadataTaskKt$RegisterBuildKotlinToolingMetadataTask$1: loaded 2 times (x 74B)
Class org.jetbrains.kotlin.compilerRunner.GradleCliCommonizerKt$maybeCreateCommonizerClasspathConfiguration$1$1: loaded 2 times (x 75B)
Class [Lorg.jetbrains.kotlin.build.report.metrics.ValueType;                          : loaded 2 times (x 69B)
Class com.google.common.cache.LocalCache$LocalManualCache                             : loaded 2 times (x 99B)
Class com.google.common.base.CharMatcher$IsNot                                        : loaded 2 times (x 111B)
Class org.gradle.internal.service.CachingServiceLocator                               : loaded 2 times (x 82B)
Class org.jetbrains.kotlin.gradle.dsl.jvm.JvmTargetValidationMode                     : loaded 2 times (x 79B)
Class org.jetbrains.kotlin.gradle.plugin.KotlinTargetConfiguratorKt$WhenMappings      : loaded 2 times (x 71B)
Class com.google.common.collect.AbstractMapBasedMultimap$KeySet                       : loaded 2 times (x 137B)
Class com.google.common.collect.RegularImmutableSortedSet                             : loaded 2 times (x 300B)
Class org.jetbrains.kotlin.gradle.internal.KotlinTestDependencyManagementKt$configureKotlinTestDependency$1: loaded 2 times (x 79B)
Class org.jetbrains.kotlin.gradle.plugin.diagnostics.checkers.OverriddenKotlinNativeHomeChecker$StdlibExistenceCheckerValueSource$Params_Decorated: loaded 2 times (x 134B)
Class org.jetbrains.kotlin.project.model.LanguageSettings                             : loaded 2 times (x 70B)
Class org.jetbrains.kotlin.gradle.plugin.KotlinPluginLifecycleKt$kotlinPluginLifecycle$2: loaded 2 times (x 78B)
Class org.jetbrains.kotlin.gradle.plugin.statistics.BuildFusService$Companion$registerIfAbsent$1$1: loaded 2 times (x 79B)
Class org.jetbrains.kotlin.gradle.plugin.internal.CompatibilityConventionRegistrar$Factory: loaded 2 times (x 70B)
Class com.google.common.math.IntMath                                                  : loaded 2 times (x 71B)
Class build_3acuq39s1j8pxclhb9181mkwl                                                 : loaded 2 times (x 180B)
Class org.jetbrains.kotlin.gradle.plugin.mpp.InternalKotlinCompilation$DefaultImpls   : loaded 2 times (x 71B)
Class org.jetbrains.kotlin.gradle.plugin.mpp.compilationImpl.KotlinCompilationSourceSetInclusion$DefaultAddSourcesToCompileTask: loaded 2 times (x 74B)
Class org.jetbrains.kotlin.gradle.internal.KotlinTestDependencyManagementKt$configureKotlinTestDependency$2: loaded 2 times (x 75B)
Class org.jetbrains.kotlin.gradle.dsl.PlatformSourceSetConventionsChecker$runChecks$$inlined$CheckedPlatformInfo$default$1: loaded 2 times (x 78B)
Class [Lorg.jetbrains.kotlin.gradle.plugin.KotlinPluginLifecycle$Stage;               : loaded 2 times (x 69B)
Class org.jetbrains.kotlin.gradle.artifacts.KotlinTargetArtifact$Companion            : loaded 2 times (x 71B)
Class org.jetbrains.kotlin.gradle.plugin.mpp.compilationImpl.KotlinCreateLifecycleTasksSideEffectKt$KotlinCreateLifecycleTasksSideEffect$1: loaded 2 times (x 74B)
Class org.jetbrains.kotlin.gradle.dsl.KotlinGradlePluginDsl                           : loaded 2 times (x 70B)
Class org.jetbrains.kotlin.tooling.core.MutableExtras                                 : loaded 2 times (x 70B)
Class org.jetbrains.kotlin.gradle.plugin.KotlinGradleBuildServices$detectKotlinPluginLoadedInMultipleProjects$onRegister$1: loaded 2 times (x 79B)
Class org.jetbrains.kotlin.build.report.metrics.BuildTime                             : loaded 2 times (x 70B)
Class com.google.common.collect.ImmutableMapEntry                                     : loaded 2 times (x 85B)
Class build_2o13xdpaiap55y2141f77v4e8$_run_closure1                                   : loaded 2 times (x 139B)
Class com.google.common.base.Predicates                                               : loaded 2 times (x 71B)
Class org.jetbrains.kotlin.gradle.plugin.diagnostics.CheckKotlinGradlePluginConfigurationErrorsKt$locateOrRegisterCheckKotlinGradlePluginErrorsTask$taskProvider$1$2: loaded 2 times (x 75B)
Class org.jetbrains.kotlin.gradle.tasks.CompileUsingKotlinDaemon                      : loaded 2 times (x 70B)
Class org.jetbrains.kotlin.gradle.plugin.mpp.KotlinWithJavaTarget                     : loaded 2 times (x 160B)
Class org.jetbrains.kotlin.gradle.utils.StoredPropertyKt$extrasStoredProperty$1       : loaded 2 times (x 78B)
Class org.jetbrains.kotlin.gradle.plugin.mpp.compilationImpl.KotlinCreateNativeCompileTasksSideEffectKt$special$$inlined$KotlinCompilationSideEffect$1: loaded 2 times (x 74B)
Class org.jetbrains.kotlin.gradle.targets.KotlinTargetSideEffect$Companion            : loaded 2 times (x 71B)
Class org.jetbrains.kotlin.gradle.dsl.KotlinSingleJavaTargetExtension                 : loaded 2 times (x 124B)
Class org.jetbrains.kotlin.gradle.plugin.KotlinPluginLifecycle$IllegalLifecycleException: loaded 2 times (x 82B)
Class org.jetbrains.kotlin.gradle.internal.properties.NativePropertiesLoader$userProvidedNativeHome$1: loaded 2 times (x 75B)
Class org.jetbrains.kotlin.gradle.plugin.KotlinGradleFinishBuildHandler               : loaded 2 times (x 72B)
Class [Lorg.jetbrains.kotlin.build.report.metrics.BuildPerformanceMetric;             : loaded 2 times (x 69B)
Class org.jetbrains.kotlin.statistics.metrics.StringOverridePolicy$CONCAT             : loaded 2 times (x 85B)
Class org.jetbrains.kotlin.gradle.dsl.KotlinTopLevelExtension                         : loaded 2 times (x 70B)
Class com.google.common.base.Equivalence                                              : loaded 2 times (x 82B)
Class com.google.common.base.Function                                                 : loaded 2 times (x 70B)
Class com.google.common.collect.ImmutableMapEntry$NonTerminalImmutableMapEntry        : loaded 2 times (x 85B)
Class org.jetbrains.kotlin.gradle.plugin.ProjectLocalConfigurationsKt                 : loaded 2 times (x 71B)
Class org.jetbrains.kotlin.gradle.plugin.mpp.compilationImpl.factory.KotlinCompilationImplFactory: loaded 2 times (x 72B)
Class org.jetbrains.kotlin.gradle.internal.KotlinDomApiDependencyManagementKt$addKotlinDomApiDependency$1: loaded 2 times (x 75B)
Class org.jetbrains.kotlin.gradle.plugin.diagnostics.checkers.KotlinTargetAlreadyDeclaredChecker$runChecks$1: loaded 2 times (x 88B)
Class org.jetbrains.kotlin.gradle.plugin.mpp.KotlinTargetWithBinaries                 : loaded 2 times (x 157B)
Class [Lorg.jetbrains.kotlin.gradle.plugin.KotlinSourceSet;                           : loaded 2 times (x 69B)
Class org.jetbrains.kotlin.gradle.plugin.diagnostics.checkers.JsEnvironmentChecker$1  : loaded 2 times (x 78B)
Class org.jetbrains.kotlin.gradle.plugin.diagnostics.KotlinToolingDiagnostics$JsLikeEnvironmentNotChosenExplicitly: loaded 2 times (x 73B)
Class org.jetbrains.kotlin.gradle.utils.StoredLazyProperty$getValue$1                 : loaded 2 times (x 79B)
Class org.jetbrains.kotlin.statistics.metrics.IMetricContainerFactory                 : loaded 2 times (x 70B)
Class org.jetbrains.kotlin.statistics.MetricValueValidationFailed                     : loaded 2 times (x 82B)
Class org.jetbrains.kotlin.gradle.plugin.PropertiesProvider$localProperties$2         : loaded 2 times (x 79B)
Class com.google.common.cache.CacheBuilder$OneWeigher                                 : loaded 2 times (x 82B)
Class com.google.common.collect.RegularImmutableList                                  : loaded 2 times (x 213B)
Class com.google.common.base.PairwiseEquivalence                                      : loaded 2 times (x 83B)
Class com.google.common.collect.ArrayListMultimapGwtSerializationDependencies         : loaded 2 times (x 172B)
Class org.jetbrains.kotlin.gradle.plugin.mpp.compilationImpl.DefaultKotlinCompilationFriendPathsResolver$resolveFriendPaths$1$1: loaded 2 times (x 79B)
Class org.jetbrains.kotlin.build.report.metrics.BuildMetricsReporterImpl              : loaded 2 times (x 100B)
Class org.jetbrains.kotlin.gradle.tasks.configuration.KaptGenerateStubsConfig         : loaded 2 times (x 72B)
Class org.jetbrains.kotlin.gradle.targets.js.npm.SemVer                               : loaded 2 times (x 75B)
Class org.jetbrains.kotlin.gradle.plugin.diagnostics.checkers.JsEnvironmentChecker$2  : loaded 2 times (x 78B)
Class org.jetbrains.kotlin.gradle.utils.WhenPluginEnabledKt$whenPluginsEnabled$1      : loaded 2 times (x 75B)
Class org.jetbrains.kotlin.gradle.tasks.AbstractKotlinCompileTool                     : loaded 2 times (x 366B)
Class [Lorg.jetbrains.kotlin.gradle.report.BuildReportType;                           : loaded 2 times (x 69B)
Class org.jetbrains.kotlin.gradle.plugin.statistics.KotlinBuildStatsConfiguration     : loaded 2 times (x 72B)
Class org.jetbrains.kotlin.gradle.internal.properties.PropertiesBuildService$localProperties$2: loaded 2 times (x 79B)
Class org.gradle.internal.classloader.ClasspathUtil                                   : loaded 2 times (x 71B)
Class build_bcn105v2760wsawab9jsooje7$_run_closure1                                   : loaded 2 times (x 139B)
Class org.jetbrains.kotlin.gradle.dsl.KotlinCompile                                   : loaded 2 times (x 70B)
Class org.jetbrains.kotlin.gradle.plugin.mpp.compilationImpl.DefaultKotlinCompilationFriendPathsResolver$DefaultFriendArtifactResolver: loaded 2 times (x 74B)
Class org.jetbrains.kotlin.gradle.plugin.diagnostics.checkers.InternalGradlePropertiesUsageChecker$runChecks$1: loaded 2 times (x 88B)
Class org.jetbrains.kotlin.gradle.utils.StringUtilsKt$lowerCamelCaseName$1            : loaded 2 times (x 125B)
Class org.jetbrains.kotlin.gradle.plugin.diagnostics.checkers.JsEnvironmentChecker$3  : loaded 2 times (x 78B)
Class org.jetbrains.kotlin.gradle.dsl.JvmTarget$Companion                             : loaded 2 times (x 71B)
Class org.jetbrains.kotlin.gradle.internal.properties.NativePropertiesLoader$downloadFromMaven$1: loaded 2 times (x 75B)
Class org.jetbrains.kotlin.gradle.plugin.internal.DefaultConfigurationCacheStartParameterAccessor_Decorated: loaded 2 times (x 125B)
Class org.jetbrains.kotlin.gradle.plugin.internal.DefaultConfigurationCacheStartParameterAccessor: loaded 2 times (x 77B)
Class org.jetbrains.kotlin.tooling.core.HasExtras                                     : loaded 2 times (x 70B)
Class com.google.common.util.concurrent.Uninterruptibles                              : loaded 2 times (x 71B)
Class org.jetbrains.kotlin.gradle.plugin.KotlinCompilationInfo$TCS$friendPaths$1      : loaded 2 times (x 79B)
Class org.jetbrains.kotlin.gradle.plugin.sources.DefaultLanguageSettingsBuilder$freeCompilerArgsProvider$1: loaded 2 times (x 95B)
Class org.jetbrains.kotlin.konan.target.HostManager$Companion                         : loaded 2 times (x 71B)
Class org.jetbrains.kotlin.gradle.targets.js.npm.DevNpmDependencyExtension            : loaded 2 times (x 70B)
Class org.jetbrains.kotlin.gradle.plugin.diagnostics.checkers.PreHmppDependenciesUsageChecker: loaded 2 times (x 74B)
Class org.jetbrains.kotlin.gradle.targets.CreateArtifactsSideEffectKt                 : loaded 2 times (x 71B)
Class org.jetbrains.kotlin.gradle.plugin.AbstractKotlinMultiplatformPluginWrapper     : loaded 2 times (x 86B)
Class org.jetbrains.kotlin.gradle.utils.GradleConfigurationUtilsKt$addGradlePluginMetadataAttributes$1: loaded 2 times (x 75B)
Class org.jetbrains.kotlin.gradle.plugin.internal.DefaultProjectIsolationStartParameterAccessor: loaded 2 times (x 77B)
Class com.google.common.util.concurrent.LazyLogger                                    : loaded 2 times (x 72B)
Class com.google.common.collect.Maps                                                  : loaded 2 times (x 71B)
Class org.gradle.api.specs.Spec                                                       : loaded 2 times (x 70B)
Class build_duumbja1ctkoq3016v26s2370                                                 : loaded 2 times (x 180B)
Class org.jetbrains.kotlin.gradle.tasks.KotlinCompile$disableMultiModuleIC$2          : loaded 2 times (x 79B)
Class org.jetbrains.kotlin.gradle.tasks.GradleCompileTaskProviderKt                   : loaded 2 times (x 71B)
Class org.jetbrains.kotlin.gradle.plugin.SubpluginEnvironment$Companion               : loaded 2 times (x 71B)
Class org.jetbrains.kotlin.gradle.plugin.mpp.ApplyUserDefinedAttributesKt$UserDefinedAttributesSetupAction$1$1$3: loaded 2 times (x 75B)
Class org.jetbrains.kotlin.gradle.tasks.configuration.BaseKotlinCompileConfig$Companion: loaded 2 times (x 71B)
Class org.jetbrains.kotlin.gradle.plugin.mpp.compilationImpl.KotlinCompilationImpl$Params: loaded 2 times (x 72B)
Class org.jetbrains.kotlin.konan.target.UtilsKt                                       : loaded 2 times (x 71B)
Class org.jetbrains.kotlin.gradle.tooling.BuildKotlinToolingMetadataTask              : loaded 2 times (x 317B)
Class org.jetbrains.kotlin.gradle.plugin.internal.CompatibilityConventionRegistrarKt  : loaded 2 times (x 71B)
Class org.jetbrains.kotlin.gradle.artifacts.KotlinJvmJarArtifactKt                    : loaded 2 times (x 71B)
Class org.jetbrains.kotlin.gradle.plugin.mpp.compilationImpl.CreateCInteropTasksSideEffectKt$special$$inlined$KotlinCompilationSideEffect$1: loaded 2 times (x 74B)
Class org.jetbrains.kotlin.gradle.plugin.statistics.FinalizeConfigurationFusMetricActionKt: loaded 2 times (x 71B)
Class org.jetbrains.kotlin.gradle.targets.native.toolchain.KotlinNativeBundleBuildService$Companion$registerIfAbsent$2$1: loaded 2 times (x 79B)
Class org.jetbrains.kotlin.build.report.metrics.GradleBuildPerformanceMetric$Companion: loaded 2 times (x 71B)
Class org.jetbrains.kotlin.gradle.plugin.statistics.KotlinBuildStatsBeanService       : loaded 2 times (x 87B)
Class [Lcom.google.common.collect.ImmutableEntry;                                     : loaded 2 times (x 69B)
Class build_ai94f9i63munlvu4krsad4ebr                                                 : loaded 2 times (x 180B)
Class org.jetbrains.kotlin.gradle.plugin.statistics.DaemonReuseCounter                : loaded 2 times (x 76B)
Class org.jetbrains.kotlin.gradle.tasks.configuration.AbstractKotlinCompileConfig$1$1 : loaded 2 times (x 74B)
Class org.jetbrains.kotlin.gradle.tasks.KotlinCompile$kotlinOptions$1                 : loaded 2 times (x 79B)
Class org.jetbrains.kotlin.tooling.core.ExtrasLazyProperty                            : loaded 2 times (x 70B)
Class org.jetbrains.kotlin.gradle.internal.properties.NativeProperties$Companion      : loaded 2 times (x 71B)
Class org.jetbrains.kotlin.gradle.utils.StringUtilsKt                                 : loaded 2 times (x 71B)
Class org.jetbrains.kotlin.gradle.targets.ConfigureBuildSideEffectKt$ConfigureBuildSideEffect$1: loaded 2 times (x 74B)
Class org.jetbrains.kotlin.gradle.utils.CompletableFuture                             : loaded 2 times (x 70B)
Class org.jetbrains.kotlin.build.report.metrics.BuildPerformanceMetric                : loaded 2 times (x 70B)
Class [Lorg.jetbrains.kotlin.statistics.metrics.StringOverridePolicy;                 : loaded 2 times (x 69B)
Class com.google.common.cache.LocalCache$LoadingValueReference                        : loaded 2 times (x 96B)
Class org.jetbrains.kotlin.gradle.plugin.KotlinGradleBuildServices$Inject             : loaded 2 times (x 100B)
Class build_2o13xdpaiap55y2141f77v4e8                                                 : loaded 2 times (x 180B)
Class org.jetbrains.kotlin.gradle.tasks.configuration.AbstractKotlinCompileConfig$getClasspathSnapshotDir$1: loaded 2 times (x 74B)
Class org.jetbrains.kotlin.gradle.tasks.configuration.AbstractKotlinCompileConfig$1$2 : loaded 2 times (x 74B)
Class com.google.common.base.Platform                                                 : loaded 2 times (x 71B)
Class org.jetbrains.kotlin.gradle.plugin.diagnostics.checkers.OverriddenKotlinNativeHomeChecker$StdlibExistenceCheckerValueSource$Params$Inject: loaded 2 times (x 106B)
Class org.jetbrains.kotlin.gradle.plugin.diagnostics.checkers.CommonMainOrTestWithDependsOnChecker: loaded 2 times (x 74B)
Class org.jetbrains.kotlin.gradle.artifacts.KotlinNativeHostSpecificMetadataArtifactKt: loaded 2 times (x 71B)
Class org.jetbrains.kotlin.gradle.plugin.mpp.compilationImpl.KotlinCreateLifecycleTasksSideEffectKt: loaded 2 times (x 71B)
Class org.jetbrains.kotlin.gradle.plugin.KotlinTarget                                 : loaded 2 times (x 70B)
Class org.jetbrains.kotlin.gradle.utils.ConfigurationsKt$createResolvable$1           : loaded 2 times (x 78B)
Class [Lorg.jetbrains.kotlin.statistics.metrics.BooleanAnonymizationPolicy;           : loaded 2 times (x 69B)
Class org.jetbrains.kotlin.gradle.utils.Completable$await$1                           : loaded 2 times (x 88B)
Class com.google.common.collect.CompoundOrdering                                      : loaded 2 times (x 115B)
Class [Lorg.jetbrains.kotlin.build.report.metrics.BuildAttributeKind;                 : loaded 2 times (x 69B)
Class org.jetbrains.kotlin.gradle.tasks.K2MultiplatformStructure                      : loaded 2 times (x 74B)
Class org.jetbrains.kotlin.gradle.internal.KotlinDependenciesManagementKt$allNonProjectDependencies$1: loaded 2 times (x 74B)
Class org.jetbrains.kotlin.compilerRunner.CompilerSystemPropertiesService$Parameters  : loaded 2 times (x 70B)
Class org.jetbrains.kotlin.gradle.plugin.mpp.compilationImpl.KotlinCompilationSourceSetsContainer: loaded 2 times (x 70B)
Class org.jetbrains.kotlin.gradle.artifacts.KotlinNativeKlibArtifactKt                : loaded 2 times (x 71B)
Class org.jetbrains.kotlin.gradle.plugin.ProjectLocalConfigurations                   : loaded 2 times (x 71B)
Class org.jetbrains.kotlin.gradle.plugin.mpp.KotlinUsages$KotlinUsagesDisambiguation  : loaded 2 times (x 76B)
Class org.jetbrains.kotlin.tooling.core.Extras$Key$Companion                          : loaded 2 times (x 71B)
Class org.jetbrains.kotlin.tooling.core.Extras$Key                                    : loaded 2 times (x 72B)
Class [Lorg.objectweb.asm.AnnotationWriter;                                           : loaded 2 times (x 69B)
Class com.google.common.collect.Maps$8                                                : loaded 2 times (x 82B)
Class org.jetbrains.kotlin.compilerRunner.CompilerSystemPropertiesService$Companion   : loaded 2 times (x 71B)
Class org.jetbrains.kotlin.gradle.tasks.configuration.AbstractKotlinCompileConfig$1$4 : loaded 2 times (x 75B)
Class com.google.common.collect.ImmutableRangeSet$Builder                             : loaded 2 times (x 77B)
Class [Lcom.google.common.collect.Iterators$EmptyModifiableIterator;                  : loaded 2 times (x 69B)
Class org.jetbrains.kotlin.gradle.plugin.diagnostics.CheckKotlinGradlePluginConfigurationErrors: loaded 2 times (x 319B)
Class org.jetbrains.kotlin.gradle.plugin.sources.DefaultKotlinSourceSetKt             : loaded 2 times (x 71B)
Class org.jetbrains.kotlin.gradle.dsl.KotlinJvmOptions                                : loaded 2 times (x 70B)
Class org.jetbrains.kotlin.gradle.plugin.mpp.HierarchyAttributeContainer$1            : loaded 2 times (x 78B)
Class org.jetbrains.kotlin.gradle.plugin.KotlinPluginLifecycle                        : loaded 2 times (x 70B)
Class org.jetbrains.kotlin.gradle.plugin.KotlinJsPluginWrapper                        : loaded 2 times (x 86B)
Class org.jetbrains.kotlin.gradle.dsl.ToolchainSupport                                : loaded 2 times (x 70B)
Class org.jetbrains.kotlin.tooling.core.Extras                                        : loaded 2 times (x 70B)
Class org.jetbrains.kotlin.gradle.plugin.mpp.InternalKotlinTarget                     : loaded 2 times (x 70B)
Class org.jetbrains.kotlin.statistics.metrics.NumberAnonymizationPolicy$RANDOM_10_PERCENT: loaded 2 times (x 85B)
Class org.jetbrains.kotlin.statistics.metrics.StringMetrics                           : loaded 2 times (x 80B)
Class com.google.common.collect.Sets$SetView                                          : loaded 2 times (x 138B)
Class com.google.common.cache.LocalCache$StrongValueReference                         : loaded 2 times (x 90B)
Class Build_gradle$4                                                                  : loaded 2 times (x 75B)
Class build_59uh3cc1h0y41d7mrbg7en9qo                                                 : loaded 2 times (x 180B)
Class org.jetbrains.kotlin.gradle.tasks.CompilerPluginOptions                         : loaded 2 times (x 72B)
Class org.jetbrains.kotlin.gradle.tasks.configuration.AbstractKotlinCompileConfig$1$5 : loaded 2 times (x 76B)
Class org.jetbrains.kotlin.gradle.plugin.mpp.KotlinTargetSoftwareComponentImpl        : loaded 2 times (x 90B)
Class org.jetbrains.kotlin.gradle.plugin.mpp.DefaultKotlinUsageContext$PublishOnlyIf  : loaded 2 times (x 70B)
Class org.jetbrains.kotlin.gradle.dsl.KotlinCommonCompilerOptionsHelper               : loaded 2 times (x 71B)
Class org.jetbrains.kotlin.gradle.plugin.KotlinJvmPlugin$Companion                    : loaded 2 times (x 71B)
Class org.jetbrains.kotlin.gradle.plugin.diagnostics.KotlinToolingDiagnostics         : loaded 2 times (x 71B)
Class org.jetbrains.kotlin.gradle.artifacts.KotlinMetadataArtifactKt                  : loaded 2 times (x 71B)
Class org.jetbrains.kotlin.gradle.targets.CreateArtifactsSideEffectKt$CreateArtifactsSideEffect$1: loaded 2 times (x 74B)
Class org.jetbrains.kotlin.gradle.internal.properties.PropertiesBuildService$property$1$valueFromGradleAndLocalProperties$1: loaded 2 times (x 75B)
Class org.jetbrains.kotlin.gradle.plugin.KotlinPluginWrapperKt$kotlinToolingVersion$2 : loaded 2 times (x 78B)
Class org.objectweb.asm.Type                                                          : loaded 2 times (x 72B)
Class org.gradle.internal.classloader.VisitableURLClassLoader$InstrumentingVisitableURLClassLoader: loaded 2 times (x 123B)
Class org.jetbrains.kotlin.gradle.tasks.configuration.AbstractKotlinCompileConfig$1$6 : loaded 2 times (x 75B)
Class [Lorg.jetbrains.kotlin.gradle.tasks.KotlinCompilerExecutionStrategy;            : loaded 2 times (x 69B)
Class org.jetbrains.kotlin.gradle.tasks.FailedCompilationException                    : loaded 2 times (x 82B)
Class org.jetbrains.kotlin.gradle.plugin.mpp.DefaultKotlinUsageContext$1              : loaded 2 times (x 74B)
Class org.jetbrains.kotlin.gradle.plugin.mpp.compilationImpl.KotlinCompilationImpl$associateWith$2: loaded 2 times (x 79B)
Class org.jetbrains.kotlin.gradle.plugin.hierarchy.KotlinSourceSetTreeClassifier      : loaded 2 times (x 70B)
Class org.jetbrains.kotlin.gradle.plugin.mpp.compilationImpl.KotlinCompilationAssociator: loaded 2 times (x 70B)
Class org.jetbrains.kotlin.konan.target.UtilsKt$evaluatePresetName$1                  : loaded 2 times (x 78B)
Class org.jetbrains.kotlin.gradle.plugin.mpp.KotlinNativeTarget                       : loaded 2 times (x 167B)
Class org.jetbrains.kotlin.gradle.plugin.diagnostics.checkers.KotlinSourceSetTreeDependsOnMismatchChecker$runChecks$1: loaded 2 times (x 88B)
Class org.jetbrains.kotlin.gradle.plugin.diagnostics.checkers.PreHmppDependenciesUsageChecker$runChecks$1: loaded 2 times (x 88B)
Class org.jetbrains.kotlin.gradle.utils.ProjectExtensionsKt                           : loaded 2 times (x 71B)
Class org.jetbrains.kotlin.gradle.plugin.KotlinSourceSetTree$Companion                : loaded 2 times (x 71B)
Class org.jetbrains.kotlin.gradle.plugin.diagnostics.KotlinGradleProjectChecker$Companion: loaded 2 times (x 71B)
Class org.jetbrains.kotlin.gradle.plugin.KotlinGradleBuildServices$Parameters         : loaded 2 times (x 70B)
Class org.jetbrains.kotlin.gradle.plugin.statistics.BuildFusService$Companion$registerIfAbsent$1$1$1: loaded 2 times (x 75B)
Class org.jetbrains.kotlin.statistics.fileloggers.MetricsContainer$Companion          : loaded 2 times (x 71B)
Class org.objectweb.asm.ByteVector                                                    : loaded 2 times (x 79B)
Class [Lcom.google.common.cache.CacheBuilder$NullListener;                            : loaded 2 times (x 69B)
Class com.google.common.math.IntMath$1                                                : loaded 2 times (x 71B)
Class org.gradle.internal.classloader.VisitableURLClassLoader$Spec                    : loaded 2 times (x 74B)
Class org.gradle.internal.classpath.DefaultClassPath                                  : loaded 2 times (x 90B)
Class org.jetbrains.kotlin.gradle.plugin.statistics.BuildFinishMetrics                : loaded 2 times (x 71B)
Class org.jetbrains.kotlin.gradle.plugin.mpp.KotlinSoftwareComponentKt                : loaded 2 times (x 71B)
Class org.jetbrains.kotlin.gradle.plugin.mpp.compilationImpl.KotlinCompilationSourceSetInclusion$AddSourcesToCompileTask: loaded 2 times (x 70B)
Class org.jetbrains.kotlin.konan.target.Architecture                                  : loaded 2 times (x 79B)
Class [Lorg.jetbrains.kotlin.gradle.plugin.HasProject;                                : loaded 2 times (x 69B)
Class org.jetbrains.kotlin.gradle.utils.MutableObservableSetImpl                      : loaded 2 times (x 163B)
Class org.jetbrains.kotlin.gradle.tasks.KotlinTasksProvider                           : loaded 2 times (x 72B)
Class org.jetbrains.kotlin.gradle.dsl.DefaultToolchainSupport$wireToolchainToTasks$1  : loaded 2 times (x 75B)
Class org.jetbrains.kotlin.gradle.dsl.KotlinCommonCompilerOptions                     : loaded 2 times (x 70B)
Class org.jetbrains.kotlin.gradle.plugin.KotlinJsCompilerTypeHolder                   : loaded 2 times (x 70B)
Class [Lorg.jetbrains.kotlin.build.report.metrics.GradleBuildTime;                    : loaded 2 times (x 69B)
Class org.jetbrains.kotlin.gradle.internal.properties.PropertiesBuildService$MemoizedCallable: loaded 2 times (x 75B)
Class org.objectweb.asm.Symbol                                                        : loaded 2 times (x 73B)
Class org.jetbrains.kotlin.statistics.metrics.OrMetricContainer                       : loaded 2 times (x 80B)
Class org.jetbrains.kotlin.gradle.tasks.AbstractKotlinCompile$friendPathsSet$1        : loaded 2 times (x 75B)
Class org.jetbrains.kotlin.build.report.metrics.BuildAttributes                       : loaded 2 times (x 72B)
Class org.jetbrains.kotlin.gradle.plugin.cocoapods.KotlinCocoapodsPlugin$Companion    : loaded 2 times (x 71B)
Class org.jetbrains.kotlin.gradle.plugin.mpp.compilationImpl.KotlinCompilationImpl    : loaded 2 times (x 140B)
Class [Lorg.jetbrains.kotlin.gradle.plugin.mpp.compilationImpl.factory.KotlinCompilationImplFactory$PostConfigure;: loaded 2 times (x 69B)
Class org.jetbrains.kotlin.konan.target.KonanTarget$MACOS_X64                         : loaded 2 times (x 78B)
Class org.jetbrains.kotlin.gradle.plugin.KotlinSourceSet$Companion                    : loaded 2 times (x 71B)
Class org.jetbrains.kotlin.konan.util.Named                                           : loaded 2 times (x 70B)
Class [Lorg.jetbrains.kotlin.gradle.report.BuildReportMode;                           : loaded 2 times (x 69B)
Class org.jetbrains.kotlin.statistics.metrics.BooleanOverridePolicy                   : loaded 2 times (x 85B)
Class com.google.common.base.CharMatcher$BitSetMatcher                                : loaded 2 times (x 112B)
Class com.google.common.collect.RegularImmutableMap$Values                            : loaded 2 times (x 207B)
Class com.google.common.collect.ImmutableSet                                          : loaded 2 times (x 145B)
Class org.jetbrains.kotlin.gradle.plugin.AbstractKotlinAndroidPluginWrapper           : loaded 2 times (x 86B)
Class org.gradle.internal.classloader.ClassLoaderSpec                                 : loaded 2 times (x 71B)
Class org.jetbrains.kotlin.gradle.plugin.statistics.DaemonReuseCounter$Companion      : loaded 2 times (x 71B)
Class org.jetbrains.kotlin.gradle.tasks.DefaultKotlinJavaToolchain$DefaultJavaToolchainSetter: loaded 2 times (x 75B)
Class org.jetbrains.kotlin.build.report.metrics.BuildAttributeKind                    : loaded 2 times (x 79B)
Class org.jetbrains.kotlin.gradle.plugin.mpp.KotlinCompilationsKt$moduleNameForCompilation$1: loaded 2 times (x 75B)
Class org.jetbrains.kotlin.gradle.plugin.sources.KotlinDependencyScopeKt              : loaded 2 times (x 71B)
Class org.jetbrains.kotlin.gradle.plugin.diagnostics.TransformActionUsingKotlinToolingDiagnostics$Parameters: loaded 2 times (x 70B)
Class org.jetbrains.kotlin.compilerRunner.CompilerSystemPropertiesService$Companion$registerIfAbsent$2$1: loaded 2 times (x 79B)
Class org.jetbrains.kotlin.gradle.plugin.mpp.KotlinCompilationsKt$addSourcesToKotlinCompileTask$1: loaded 2 times (x 75B)
Class org.jetbrains.kotlin.gradle.internal.KotlinDependenciesManagementKt$configureDefaultVersionsResolutionStrategy$1$1: loaded 2 times (x 75B)
Class org.jetbrains.kotlin.gradle.utils.KotlinExtensionUtilsKt$forAllTargets$1        : loaded 2 times (x 95B)
Class org.jetbrains.kotlin.gradle.plugin.diagnostics.CheckKotlinGradlePluginConfigurationErrorsKt$locateOrRegisterCheckKotlinGradlePluginErrorsTask$taskProvider$1: loaded 2 times (x 75B)
Class org.jetbrains.kotlin.gradle.plugin.diagnostics.checkers.OverriddenKotlinNativeHomeChecker$StdlibExistenceCheckerValueSource$Params: loaded 2 times (x 70B)
Class org.jetbrains.kotlin.gradle.dsl.PlatformSourceSetConventionsChecker$nativeTargetPresets$1$1: loaded 2 times (x 79B)
Class org.jetbrains.kotlin.gradle.tooling.BuildKotlinToolingMetadataTaskKt$buildKotlinToolingMetadataTask$1: loaded 2 times (x 78B)
Class org.jetbrains.kotlin.gradle.internal.Kapt3GradleSubplugin$Companion             : loaded 2 times (x 71B)
Class org.jetbrains.kotlin.gradle.plugin.mpp.compilationImpl.KotlinCreateCompilationArchiveTaskKt$KotlinRegisterCompilationArchiveTasksExtension$1: loaded 2 times (x 74B)
Class [Lorg.jetbrains.kotlin.statistics.metrics.NumberOverridePolicy;                 : loaded 2 times (x 69B)
Class org.jetbrains.kotlin.gradle.internal.properties.PropertiesBuildService$GradleProperty: loaded 2 times (x 70B)
Class org.jetbrains.kotlin.gradle.utils.StoredPropertyKt$projectStoredProperty$1      : loaded 2 times (x 78B)
Class org.objectweb.asm.AnnotationWriter                                              : loaded 2 times (x 79B)
Class com.google.common.cache.CacheStats                                              : loaded 2 times (x 71B)
Class org.jetbrains.kotlin.gradle.tasks.K2MultiplatformStructure$RefinesEdge          : loaded 2 times (x 72B)
Class org.jetbrains.kotlin.gradle.plugin.mpp.SyncLanguageSettingsWithKotlinExtensionSetupActionKt$SyncLanguageSettingsWithKotlinExtensionSetupAction$1$1: loaded 2 times (x 75B)
Class org.jetbrains.kotlin.gradle.tasks.configuration.TaskConfigAction$configureTask$1: loaded 2 times (x 79B)
Class org.jetbrains.kotlin.gradle.plugin.diagnostics.checkers.DuplicateSourceSetChecker$runChecks$1: loaded 2 times (x 88B)
Class org.jetbrains.kotlin.gradle.plugin.diagnostics.ToolingDiagnostic$Severity       : loaded 2 times (x 79B)
Class org.jetbrains.kotlin.gradle.dsl.JvmTarget                                       : loaded 2 times (x 79B)
Class org.jetbrains.kotlin.gradle.internal.ClassLoadersCachingBuildService            : loaded 2 times (x 76B)
Class org.jetbrains.kotlin.gradle.plugin.VariantImplementationFactories$Inject        : loaded 2 times (x 106B)
Class org.jetbrains.kotlin.gradle.plugin.VariantImplementationFactoriesConfigurator$Companion: loaded 2 times (x 71B)
Class org.objectweb.asm.RecordComponentWriter                                         : loaded 2 times (x 78B)
Class com.google.common.util.concurrent.AbstractFuture$Listener                       : loaded 2 times (x 72B)
Class com.google.common.base.CharMatcher$Or                                           : loaded 2 times (x 112B)
Class Settings_gradle$1$1                                                             : loaded 2 times (x 74B)
Class com.google.common.collect.ForwardingSet                                         : loaded 2 times (x 151B)
Class [Lorg.jetbrains.kotlin.compilerRunner.KotlinCompilerArgumentsLogLevel;          : loaded 2 times (x 69B)
Class org.jetbrains.kotlin.gradle.tasks.KotlinCompile_Decorated                       : loaded 2 times (x 610B)
Class org.jetbrains.kotlin.gradle.plugin.mpp.SyncLanguageSettingsWithKotlinExtensionSetupActionKt$SyncLanguageSettingsWithKotlinExtensionSetupAction$1$2: loaded 2 times (x 75B)
Class org.jetbrains.kotlin.gradle.plugin.internal.BuildIdService$Companion            : loaded 2 times (x 71B)
Class org.jetbrains.kotlin.gradle.plugin.diagnostics.checkers.OverriddenKotlinNativeHomeChecker$StdlibExistenceCheckerValueSource$Companion: loaded 2 times (x 71B)
Class org.jetbrains.kotlin.gradle.targets.js.dsl.KotlinWasmSubTargetContainerDsl      : loaded 2 times (x 70B)
Class org.jetbrains.kotlin.gradle.plugin.diagnostics.checkers.WasmWasiEnvironmentChecker$1: loaded 2 times (x 78B)
Class org.jetbrains.kotlin.gradle.plugin.diagnostics.checkers.DisabledCinteropCommonizationInHmppProjectChecker: loaded 2 times (x 74B)
Class org.jetbrains.kotlin.gradle.plugin.diagnostics.checkers.NoKotlinTargetsDeclaredChecker: loaded 2 times (x 74B)
Class org.jetbrains.kotlin.gradle.utils.StoredPropertyStorage                         : loaded 2 times (x 72B)
Class org.jetbrains.kotlin.gradle.plugin.KotlinSourceSetContainer                     : loaded 2 times (x 70B)
Class org.objectweb.asm.Attribute                                                     : loaded 2 times (x 77B)
Class com.google.common.base.Supplier                                                 : loaded 2 times (x 70B)
Class org.gradle.internal.classloader.VisitableURLClassLoader                         : loaded 2 times (x 117B)
Class org.gradle.internal.classloader.FilteringClassLoader                            : loaded 2 times (x 105B)
Class org.jetbrains.kotlin.gradle.plugin.statistics.plugins.ObservablePlugins         : loaded 2 times (x 79B)
Class org.jetbrains.kotlin.gradle.plugin.sources.InternalKotlinSourceSetKt$awaitPlatformCompilations$1: loaded 2 times (x 88B)
Class [Lorg.jetbrains.kotlin.gradle.plugin.sources.KotlinDependencyScope;             : loaded 2 times (x 69B)
Class org.jetbrains.kotlin.gradle.tasks.configuration.BaseKotlinCompileConfig$configureCommonParameters$1: loaded 2 times (x 74B)
Class org.jetbrains.kotlin.gradle.plugin.mpp.compilationImpl.factory.ConfigurationNaming: loaded 2 times (x 70B)
Class org.jetbrains.kotlin.gradle.plugin.mpp.compilationImpl.DefaultKotlinCompilationPostConfigureKt: loaded 2 times (x 71B)
Class org.jetbrains.kotlin.konan.target.KonanTarget$WATCHOS_X64                       : loaded 2 times (x 78B)
Class org.jetbrains.kotlin.gradle.plugin.diagnostics.KotlinGradleProjectCheckersRunnerKt: loaded 2 times (x 71B)
Class [Lorg.jetbrains.kotlin.tooling.core.HasExtras;                                  : loaded 2 times (x 69B)
Class org.jetbrains.kotlin.gradle.plugin.diagnostics.checkers.IncorrectCompileOnlyDependenciesChecker: loaded 2 times (x 74B)
Class org.jetbrains.kotlin.gradle.plugin.diagnostics.checkers.WasmWasiEnvironmentChecker$2: loaded 2 times (x 78B)
Class org.jetbrains.kotlin.gradle.dsl.DefaultToolchainSupport$wireToolchainToTasks$1$1: loaded 2 times (x 75B)
Class org.jetbrains.kotlin.gradle.utils.SingleActionPerProject                        : loaded 2 times (x 73B)
Class org.jetbrains.kotlin.gradle.plugin.DefaultKotlinBasePlugin                      : loaded 2 times (x 82B)
Class org.gradle.internal.Cast                                                        : loaded 2 times (x 71B)
Class org.gradle.api.Action                                                           : loaded 2 times (x 70B)
Class org.jetbrains.kotlin.statistics.metrics.StatisticsValuesConsumer$DefaultImpls   : loaded 2 times (x 71B)
Class [Lorg.jetbrains.kotlin.gradle.plugin.mpp.KotlinUsageContext$MavenScope;         : loaded 2 times (x 69B)
Class org.jetbrains.kotlin.gradle.tasks.configuration.BaseKotlinCompileConfig$configureCommonParameters$2: loaded 2 times (x 75B)
Class org.jetbrains.kotlin.gradle.plugin.mpp.compilationImpl.KotlinCompilationCompilerOptionsFromTargetConfigurator: loaded 2 times (x 74B)
Class com.google.common.base.Strings                                                  : loaded 2 times (x 71B)
Class org.jetbrains.kotlin.gradle.utils.FailuresKt$ideaSyncClasspathModeUtil$1        : loaded 2 times (x 72B)
Class org.jetbrains.kotlin.gradle.plugin.diagnostics.KotlinToolingDiagnosticsCollector$Inject: loaded 2 times (x 96B)
Class org.jetbrains.kotlin.gradle.artifacts.KotlinJsKlibArtifactKt                    : loaded 2 times (x 71B)
Class org.jetbrains.kotlin.gradle.dsl.KotlinTargetContainerWithWasmPresetFunctions    : loaded 2 times (x 70B)
Class org.jetbrains.kotlin.gradle.plugin.GradleUtilsKt                                : loaded 2 times (x 71B)
Class org.jetbrains.kotlin.gradle.internal.properties.PropertiesBuildService          : loaded 2 times (x 76B)
Class com.google.common.collect.Sets                                                  : loaded 2 times (x 71B)
Class org.objectweb.asm.Handler                                                       : loaded 2 times (x 72B)
Class com.google.common.base.Ticker                                                   : loaded 2 times (x 72B)
Class com.google.common.base.CharMatcher$FastMatcher                                  : loaded 2 times (x 111B)
Class org.jetbrains.kotlin.gradle.tasks.KotlinCompile$javaSources$1                   : loaded 2 times (x 75B)
Class org.jetbrains.kotlin.incremental.IncrementalCompilationFeatures                 : loaded 2 times (x 71B)
Class org.jetbrains.kotlin.gradle.plugin.KotlinTarget$DefaultImpls                    : loaded 2 times (x 71B)
Class org.jetbrains.kotlin.gradle.plugin.diagnostics.KotlinToolingDiagnosticsCollector: loaded 2 times (x 76B)
Class org.jetbrains.kotlin.gradle.plugin.mpp.compilationImpl.KotlinCreateCompilationArchiveTaskKt: loaded 2 times (x 71B)
Class org.jetbrains.kotlin.tooling.core.MutableExtrasImpl                             : loaded 2 times (x 165B)
Class org.jetbrains.kotlin.gradle.plugin.statistics.KotlinBuildStatsMXBean            : loaded 2 times (x 70B)
Class org.jetbrains.kotlin.gradle.utils.FileUtilsKt                                   : loaded 2 times (x 71B)
Class [Lcom.google.common.cache.LocalCache$Segment;                                   : loaded 2 times (x 69B)
Class [Lcom.google.common.cache.LocalCache$Strength;                                  : loaded 2 times (x 69B)
Class com.google.common.cache.CacheBuilder$1                                          : loaded 2 times (x 85B)
Class com.google.common.base.Predicate                                                : loaded 2 times (x 70B)
Class com.google.common.collect.ImmutableMap                                          : loaded 2 times (x 120B)
Class org.gradle.internal.classpath.DefaultClassPath$ImmutableUniqueList$Builder      : loaded 2 times (x 75B)
Class org.jetbrains.kotlin.gradle.plugin.mpp.KotlinCompilationFactory$DefaultImpls    : loaded 2 times (x 71B)
Class com.google.common.collect.AbstractRangeSet                                      : loaded 2 times (x 114B)
Class org.jetbrains.kotlin.gradle.plugin.diagnostics.checkers.InternalGradlePropertiesUsageChecker: loaded 2 times (x 74B)
Class org.jetbrains.kotlin.gradle.plugin.mpp.compilationImpl.CreateCInteropTasksSideEffectKt: loaded 2 times (x 71B)
Class org.jetbrains.kotlin.gradle.testing.internal.KotlinTestsRegistry$Companion      : loaded 2 times (x 71B)
Class org.jetbrains.kotlin.gradle.dsl.KotlinCommonCompilerToolOptions                 : loaded 2 times (x 70B)
Class org.jetbrains.kotlin.gradle.internal.properties.PropertiesBuildService$Companion$registerIfAbsent$1: loaded 2 times (x 75B)
Class org.jetbrains.kotlin.gradle.plugin.internal.DefaultConfigurationCacheStartParameterAccessorVariantFactory: loaded 2 times (x 76B)
Class com.google.common.cache.LocalCache                                              : loaded 2 times (x 187B)
Class com.google.common.cache.CacheBuilder$2                                          : loaded 2 times (x 79B)
Class com.google.common.base.CharMatcher$NegatedFastMatcher                           : loaded 2 times (x 113B)
Class Build_gradle$inlined$sam$i$org_gradle_api_Action$0                              : loaded 2 times (x 75B)
Class org.jetbrains.kotlin.build.report.metrics.BuildPerformanceMetrics$Companion     : loaded 2 times (x 71B)
Class org.jetbrains.kotlin.cli.common.arguments.K2JVMCompilerArguments                : loaded 2 times (x 76B)
Class org.jetbrains.kotlin.gradle.plugin.mpp.compilationImpl.DefaultKotlinCompilationSourceSetsContainer$source$1: loaded 2 times (x 79B)
Class org.jetbrains.kotlin.gradle.internal.KotlinTestDependencyManagementKt           : loaded 2 times (x 71B)
Class org.jetbrains.kotlin.konan.target.KonanTarget$ANDROID_X64                       : loaded 2 times (x 78B)
Class [Lorg.jetbrains.kotlin.gradle.plugin.sources.ConsistencyCheck;                  : loaded 2 times (x 69B)
Class org.jetbrains.kotlin.gradle.report.ReportingSettings                            : loaded 2 times (x 72B)
Class org.jetbrains.kotlin.statistics.metrics.StringAnonymizationPolicy$ComponentVersionAnonymizer: loaded 2 times (x 78B)
Class com.google.common.collect.ArrayListMultimap                                     : loaded 2 times (x 172B)
Class com.google.common.cache.CacheBuilder$3                                          : loaded 2 times (x 72B)
Class [Lcom.google.common.collect.AbstractMapEntry;                                   : loaded 2 times (x 69B)
Class com.google.common.collect.ImmutableEntry                                        : loaded 2 times (x 82B)
Class org.jetbrains.kotlin.gradle.plugin.KotlinBasePluginWrapper                      : loaded 2 times (x 86B)
Class org.gradle.api.GradleException                                                  : loaded 2 times (x 82B)
Class build_duumbja1ctkoq3016v26s2370$_run_closure1                                   : loaded 2 times (x 139B)
Class org.jetbrains.kotlin.gradle.plugin.statistics.NonSynchronizedMetricsContainer$MetricDescriptor: loaded 2 times (x 75B)
Class org.jetbrains.kotlin.gradle.plugin.diagnostics.KotlinToolingDiagnostics$JsEnvironmentNotChosenExplicitly: loaded 2 times (x 73B)
Class org.jetbrains.kotlin.gradle.plugin.ProjectLocalConfigurations$ProjectLocalCompatibility: loaded 2 times (x 76B)
Class org.jetbrains.kotlin.gradle.dsl.KotlinJvmCompilerOptions                        : loaded 2 times (x 70B)
Class org.jetbrains.kotlin.gradle.plugin.internal.DefaultProjectIsolationStartParameterAccessor$Factory: loaded 2 times (x 76B)
Class com.google.common.collect.CollectPreconditions                                  : loaded 2 times (x 71B)
Class org.jetbrains.kotlin.buildtools.api.SourcesChanges                              : loaded 2 times (x 70B)
Class org.jetbrains.kotlin.gradle.plugin.KotlinPluginLifecycleImpl$launch$1           : loaded 2 times (x 79B)
Class org.jetbrains.kotlin.konan.target.HostManager$Companion$targetAliases$2         : loaded 2 times (x 78B)
Class org.jetbrains.kotlin.gradle.utils.Completable                                   : loaded 2 times (x 72B)
Class org.jetbrains.kotlin.gradle.plugin.DefaultKotlinBasePlugin$addKotlinCompilerConfiguration$2$1: loaded 2 times (x 75B)
Class org.jetbrains.kotlin.gradle.plugin.statistics.KotlinBuildStatsServicesRegistry$Companion: loaded 2 times (x 71B)
Class org.jetbrains.kotlin.gradle.plugin.internal.DefaultCompatibilityConventionRegistrar$Factory: loaded 2 times (x 76B)
Class com.google.common.collect.SortedMapDifference                                   : loaded 2 times (x 70B)
Class org.jetbrains.kotlin.statistics.AnonymizerUtilsKt                               : loaded 2 times (x 71B)
Class org.jetbrains.kotlin.gradle.tasks.DefaultKotlinJavaToolchain$DefaultJdkSetter   : loaded 2 times (x 76B)
Class org.jetbrains.kotlin.cli.common.arguments.CommonCompilerArguments               : loaded 2 times (x 75B)
Class org.jetbrains.kotlin.gradle.plugin.diagnostics.checkers.IncorrectCompileOnlyDependenciesChecker$runChecks$1: loaded 2 times (x 88B)
Class org.jetbrains.kotlin.gradle.plugin.mpp.KotlinOnlyTarget                         : loaded 2 times (x 153B)
Class org.jetbrains.kotlin.gradle.targets.js.npm.BaseNpmDependencyExtension           : loaded 2 times (x 70B)
Class org.jetbrains.kotlin.gradle.dsl.KotlinVersion$Companion                         : loaded 2 times (x 71B)
Class org.jetbrains.kotlin.gradle.InternalKotlinGradlePluginApi                       : loaded 2 times (x 70B)
Class org.jetbrains.kotlin.gradle.dsl.DefaultToolchainSupport                         : loaded 2 times (x 76B)
Class org.jetbrains.kotlin.gradle.plugin.internal.CustomPropertiesFileValueSource     : loaded 2 times (x 82B)
Class com.google.common.cache.LocalCache$EntryFactory                                 : loaded 2 times (x 83B)
Class com.google.common.collect.NullsLastOrdering                                     : loaded 2 times (x 115B)
Class org.jetbrains.kotlin.gradle.tasks.TaskOutputsBackup                             : loaded 2 times (x 72B)
Class org.jetbrains.kotlin.gradle.plugin.cocoapods.KotlinCocoapodsPlugin              : loaded 2 times (x 76B)
Class org.jetbrains.kotlin.gradle.internal.CompilerOptionsDslHelpersKt                : loaded 2 times (x 71B)
Class org.jetbrains.kotlin.gradle.internal.StdlibDependencyManagementKt$configureStdlibVersionAlignment$1$1: loaded 2 times (x 75B)
Class org.jetbrains.kotlin.gradle.dsl.KotlinProjectExtension$awaitSourceSets$1        : loaded 2 times (x 88B)
Class org.jetbrains.kotlin.gradle.plugin.KotlinPluginLifecycle$CoroutineStart         : loaded 2 times (x 79B)
Class org.jetbrains.kotlin.konan.target.Family                                        : loaded 2 times (x 79B)
Class org.jetbrains.kotlin.gradle.tasks.TasksProviderKt$sam$org_gradle_api_Action$0   : loaded 2 times (x 75B)
Class org.jetbrains.kotlin.gradle.tooling.BuildKotlinToolingMetadataTask$FromKotlinExtension: loaded 2 times (x 317B)
Class org.jetbrains.kotlin.gradle.utils.FailuresKt                                    : loaded 2 times (x 71B)
Class org.jetbrains.kotlin.gradle.targets.native.internal.CInteropConfigurationsKt$special$$inlined$KotlinTargetSideEffect$1: loaded 2 times (x 74B)
Class org.jetbrains.kotlin.gradle.internal.properties.NativePropertiesLoader$konanDataDirProperty$1: loaded 2 times (x 75B)
Class org.jetbrains.kotlin.gradle.plugin.statistics.BuildFusService$Parameters_Decorated: loaded 2 times (x 143B)
Class org.jetbrains.kotlin.gradle.internal.properties.PropertiesBuildService$Params$Inject: loaded 2 times (x 106B)
Class org.jetbrains.kotlin.tooling.core.HasMutableExtras                              : loaded 2 times (x 70B)
Class com.google.common.cache.LocalCache$AbstractReferenceEntry                       : loaded 2 times (x 107B)
Class org.gradle.internal.IoActions                                                   : loaded 2 times (x 71B)
Class build_cop7eto8i9akc2t6m6urd0g3y$_run_closure1$_closure3                         : loaded 2 times (x 139B)
Class build_cop7eto8i9akc2t6m6urd0g3y                                                 : loaded 2 times (x 180B)
Class org.jetbrains.kotlin.statistics.BuildSession                                    : loaded 2 times (x 72B)
Class org.jetbrains.kotlin.gradle.internal.Kapt3KotlinGradleSubpluginKt               : loaded 2 times (x 71B)
Class org.jetbrains.kotlin.gradle.dsl.KotlinJvmCompile                                : loaded 2 times (x 70B)
Class com.google.common.collect.ImmutableRangeSet$ComplementRanges                    : loaded 2 times (x 207B)
Class org.jetbrains.kotlin.konan.target.KonanTarget$LINUX_ARM32_HFP                   : loaded 2 times (x 78B)
Class org.jetbrains.kotlin.gradle.internal.Kapt3GradleSubplugin                       : loaded 2 times (x 83B)
Class org.jetbrains.kotlin.gradle.plugin.diagnostics.checkers.CInteropInputChecker    : loaded 2 times (x 74B)
Class org.jetbrains.kotlin.gradle.plugin.statistics.FinalizeConfigurationFusMetricActionKt$FinalizeConfigurationFusMetricAction$1: loaded 2 times (x 95B)
Class org.jetbrains.kotlin.gradle.internal.KotlinDependenciesManagementKt$CustomizeKotlinDependenciesSetupAction$1: loaded 2 times (x 74B)
Class org.jetbrains.kotlin.gradle.plugin.KotlinGradlePluginExtensionPointInternal$registeredExtensions$2: loaded 2 times (x 78B)
Class org.jetbrains.kotlin.statistics.metrics.BooleanOverridePolicy$OR                : loaded 2 times (x 85B)
Class org.jetbrains.kotlin.gradle.plugin.UsesVariantImplementationFactories           : loaded 2 times (x 70B)
Class org.objectweb.asm.SymbolTable                                                   : loaded 2 times (x 72B)
Class com.google.common.cache.CacheLoader$InvalidCacheLoadException                   : loaded 2 times (x 82B)
Class com.google.common.collect.ImmutableSet$RegularSetBuilderImpl                    : loaded 2 times (x 77B)
Class org.gradle.internal.classloader.SystemClassLoaderSpec                           : loaded 2 times (x 71B)
Class org.jetbrains.kotlin.gradle.tasks.configuration.BaseKotlinCompileConfig$1$1     : loaded 2 times (x 75B)
Class org.jetbrains.kotlin.gradle.plugin.mpp.compilationImpl.factory.KotlinCompilationImplFactory$PostConfigure: loaded 2 times (x 70B)
Class org.jetbrains.kotlin.gradle.utils.KotlinExtensionUtilsKt                        : loaded 2 times (x 71B)
Class [Lorg.jetbrains.kotlin.konan.util.Named;                                        : loaded 2 times (x 69B)
Class org.jetbrains.kotlin.gradle.plugin.diagnostics.checkers.NoKotlinTargetsDeclaredChecker$runChecks$1: loaded 2 times (x 88B)
Class org.jetbrains.kotlin.gradle.plugin.mpp.AbstractKotlinTarget$kotlinComponents$2  : loaded 2 times (x 79B)
Class org.jetbrains.kotlin.gradle.plugin.KotlinPlatformType$CompatibilityRule         : loaded 2 times (x 76B)
Class org.jetbrains.kotlin.gradle.internal.properties.NativePropertiesLoader$actualNativeHomeDirectory$1: loaded 2 times (x 75B)
Class org.jetbrains.kotlin.gradle.internal.properties.NativePropertiesKt              : loaded 2 times (x 71B)
Class org.jetbrains.kotlin.gradle.plugin.BuildEventsListenerRegistryHolder            : loaded 2 times (x 72B)
Class [Lorg.jetbrains.kotlin.statistics.metrics.BooleanOverridePolicy;                : loaded 2 times (x 69B)
Class org.jetbrains.kotlin.gradle.plugin.internal.CustomPropertiesFileValueSource$Parameters$Inject: loaded 2 times (x 106B)
Class com.google.common.cache.LocalCache$StrongEntry                                  : loaded 2 times (x 108B)
Class com.google.common.util.concurrent.AbstractFuture$TrustedFuture                  : loaded 2 times (x 114B)
Class com.google.common.cache.LoadingCache                                            : loaded 2 times (x 70B)
Class org.jetbrains.kotlin.gradle.plugin.mpp.compilationImpl.DefaultKotlinCompilationSourceSetsContainer: loaded 2 times (x 78B)
Class org.jetbrains.kotlin.gradle.tasks.GradleCompileTaskProvider                     : loaded 2 times (x 72B)
Class org.jetbrains.kotlin.gradle.plugin.mpp.KotlinTargetSoftwareComponentImplKt$KotlinTargetSoftwareComponent$1: loaded 2 times (x 95B)
Class org.jetbrains.kotlin.gradle.tasks.configuration.BaseKotlinCompileConfig$registerBuildToolsApiTransformations$1: loaded 2 times (x 75B)
Class org.jetbrains.kotlin.gradle.plugin.internal.BuildIdService                      : loaded 2 times (x 76B)
Class org.jetbrains.kotlin.gradle.plugin.mpp.compilationImpl.factory.KotlinCompilationDependencyConfigurationsFactoriesKt: loaded 2 times (x 71B)
Class org.jetbrains.kotlin.gradle.plugin.mpp.compilationImpl.DefaultKotlinCompilationFriendPathsResolver: loaded 2 times (x 75B)
Class org.jetbrains.kotlin.gradle.plugin.diagnostics.checkers.WasmSourceSetsNotFoundChecker$runChecks$1: loaded 2 times (x 88B)
Class org.jetbrains.kotlin.konan.target.KonanTarget$IOS_SIMULATOR_ARM64               : loaded 2 times (x 78B)
Class org.jetbrains.kotlin.gradle.plugin.mpp.compilationImpl.KotlinCreateCompilationArchiveTaskKt$KotlinCreateCompilationArchivesTask$1: loaded 2 times (x 74B)
Class org.jetbrains.kotlin.gradle.dsl.KotlinVersion                                   : loaded 2 times (x 79B)
Class org.jetbrains.kotlin.gradle.internal.properties.NativePropertiesLoader$actualNativeHomeDirectory$2: loaded 2 times (x 74B)
Class org.jetbrains.kotlin.gradle.utils.StoredPropertyKt                              : loaded 2 times (x 71B)
Class org.objectweb.asm.MethodWriter                                                  : loaded 2 times (x 106B)
Class [Lcom.google.common.cache.Weigher;                                              : loaded 2 times (x 69B)
Class com.google.common.collect.RegularImmutableMap$BucketOverflowException           : loaded 2 times (x 82B)
Class org.jetbrains.kotlin.gradle.plugin.sources.KotlinDependencyScope$Companion      : loaded 2 times (x 71B)
Class org.jetbrains.kotlin.gradle.tasks.configuration.BaseKotlinCompileConfig$registerBuildToolsApiTransformations$2: loaded 2 times (x 75B)
Class org.jetbrains.kotlin.gradle.tasks.KotlinJvmCompile                              : loaded 2 times (x 70B)
Class org.jetbrains.kotlin.gradle.plugin.mpp.compilationImpl.KotlinCompilationSourceSetsContainerKt: loaded 2 times (x 71B)
Class org.jetbrains.kotlin.gradle.plugin.KotlinPluginLifecycleKt$launchInStage$1      : loaded 2 times (x 95B)
Class org.jetbrains.kotlin.gradle.targets.NativeForwardImplementationToApiElementsSideEffectKt: loaded 2 times (x 71B)
Class org.jetbrains.kotlin.gradle.internal.properties.NativePropertiesLoader$actualNativeHomeDirectory$3: loaded 2 times (x 75B)
Class org.jetbrains.kotlin.gradle.report.BuildReportMode                              : loaded 2 times (x 79B)
Class org.jetbrains.kotlin.statistics.metrics.StringAnonymizationPolicy$RegexControlled: loaded 2 times (x 79B)
Class org.jetbrains.kotlin.statistics.ValueAnonymizer                                 : loaded 2 times (x 70B)
Class org.jetbrains.kotlin.gradle.plugin.VariantImplementationFactories$Companion$getProvider$2$1$1: loaded 2 times (x 75B)
Class org.jetbrains.kotlin.gradle.plugin.internal.ProjectIsolationStartParameterAccessor$Factory: loaded 2 times (x 70B)
Class org.jetbrains.kotlin.gradle.plugin.statistics.KotlinBuildStatsLoggerService$reportBuildFinished$1: loaded 2 times (x 79B)
Class org.jetbrains.kotlin.gradle.tasks.DefaultKotlinJavaToolchain$javaExecutable$1   : loaded 2 times (x 75B)
Class org.jetbrains.kotlin.build.report.metrics.BuildAttribute                        : loaded 2 times (x 79B)
Class org.jetbrains.kotlin.gradle.internal.transforms.BuildToolsApiClasspathEntrySnapshotTransform$Inject1: loaded 2 times (x 113B)
Class org.jetbrains.kotlin.gradle.plugin.mpp.compilationImpl.KotlinCompilationRegisterInSourceSetsConfigurator: loaded 2 times (x 74B)
Class org.jetbrains.kotlin.gradle.plugin.mpp.compilationImpl.factory.DefaultKotlinCompilationTaskNamesContainerFactory: loaded 2 times (x 74B)
Class org.jetbrains.kotlin.gradle.targets.native.internal.CommonizerTasksKt           : loaded 2 times (x 71B)
Class [Lorg.jetbrains.kotlin.gradle.targets.js.npm.NpmDependency$Scope;               : loaded 2 times (x 69B)
Class org.jetbrains.kotlin.gradle.plugin.KotlinCompilerPluginSupportPlugin            : loaded 2 times (x 70B)
Class org.jetbrains.kotlin.gradle.plugin.mpp.AbstractKotlinTarget$components$2        : loaded 2 times (x 79B)
Class org.jetbrains.kotlin.gradle.plugin.mpp.KotlinUsages$setupAttributesMatchingStrategy$1: loaded 2 times (x 74B)
Class org.jetbrains.kotlin.gradle.utils.AndroidPluginIdsKt                            : loaded 2 times (x 71B)
Class com.google.common.collect.RegularImmutableBiMap                                 : loaded 2 times (x 149B)
Class com.google.common.cache.LocalCache$ValueReference                               : loaded 2 times (x 70B)
Class com.google.common.base.CharMatcher$Negated                                      : loaded 2 times (x 113B)
Class com.google.common.base.CharMatcher$Is                                           : loaded 2 times (x 111B)
Class org.jetbrains.kotlin.gradle.plugin.KotlinBasePlugin                             : loaded 2 times (x 70B)
Class com.google.common.hash.PrimitiveSink                                            : loaded 2 times (x 70B)
Class org.jetbrains.kotlin.gradle.tasks.internal.KotlinJvmOptionsCompat               : loaded 2 times (x 101B)
Class org.jetbrains.kotlin.cli.common.arguments.CommonToolArguments                   : loaded 2 times (x 73B)
Class com.google.common.base.PatternCompiler                                          : loaded 2 times (x 70B)
Class org.jetbrains.kotlin.gradle.utils.FutureKt                                      : loaded 2 times (x 71B)
Class org.jetbrains.kotlin.gradle.logging.GradleLoggingUtilsKt                        : loaded 2 times (x 71B)
Class com.google.common.util.concurrent.AbstractFuture$Failure                        : loaded 2 times (x 72B)
Class com.google.common.base.Equivalence$Equals                                       : loaded 2 times (x 82B)
Class com.google.common.collect.Hashing                                               : loaded 2 times (x 71B)
Class com.google.common.base.Preconditions                                            : loaded 2 times (x 71B)
Class org.jetbrains.kotlin.gradle.plugin.KotlinAndroidPluginWrapper                   : loaded 2 times (x 86B)
Class com.google.common.collect.ByFunctionOrdering                                    : loaded 2 times (x 115B)
Class org.jetbrains.kotlin.compilerRunner.GradleCompilerRunner$Companion              : loaded 2 times (x 71B)
Class [Lorg.jetbrains.kotlin.gradle.dsl.PlatformSourceSetConventionsChecker$CheckedPlatformInfo;: loaded 2 times (x 69B)
Class org.jetbrains.kotlin.gradle.plugin.diagnostics.KotlinGradleProjectCheckerContext: loaded 2 times (x 72B)
Class org.jetbrains.kotlin.gradle.plugin.diagnostics.checkers.DuplicateSourceSetChecker: loaded 2 times (x 74B)
Class org.jetbrains.kotlin.gradle.plugin.diagnostics.ToolingDiagnosticFactory         : loaded 2 times (x 73B)
Class org.jetbrains.kotlin.gradle.targets.KotlinTargetSideEffect                      : loaded 2 times (x 70B)
Class org.jetbrains.kotlin.gradle.plugin.DefaultKotlinBasePlugin$setupAttributeMatchingStrategy$1$1: loaded 2 times (x 79B)
Class org.jetbrains.kotlin.statistics.metrics.NumericalMetrics$Companion              : loaded 2 times (x 71B)
Class [Lorg.jetbrains.kotlin.statistics.metrics.NumberAnonymizationPolicy;            : loaded 2 times (x 69B)
Class org.jetbrains.kotlin.statistics.metrics.NumberOverridePolicy$OVERRIDE           : loaded 2 times (x 85B)
Class org.jetbrains.kotlin.gradle.internal.properties.PropertiesBuildService$property$1: loaded 2 times (x 79B)
Class com.google.common.base.Joiner$1                                                 : loaded 2 times (x 80B)
Class org.objectweb.asm.Label                                                         : loaded 2 times (x 73B)
Class org.objectweb.asm.CurrentFrame                                                  : loaded 2 times (x 73B)
Class org.objectweb.asm.ClassTooLargeException                                        : loaded 2 times (x 83B)
Class com.google.common.base.CharMatcher                                              : loaded 2 times (x 111B)
Class com.google.common.collect.PeekingIterator                                       : loaded 2 times (x 70B)
Class org.jetbrains.kotlin.gradle.tasks.configuration.AbstractKotlinCompileConfig$2$2$1: loaded 2 times (x 75B)
Class org.jetbrains.kotlin.build.report.metrics.BuildAttributes$Companion             : loaded 2 times (x 71B)
Class org.jetbrains.kotlin.gradle.tasks.KotlinCompilationTask                         : loaded 2 times (x 70B)
Class org.jetbrains.kotlin.gradle.plugin.mpp.compilationImpl.factory.KotlinCompilationImplFactory$ProcessResourcesTaskNameFactory: loaded 2 times (x 70B)
Class com.google.common.collect.RangeGwtSerializationDependencies                     : loaded 2 times (x 71B)
Class org.jetbrains.kotlin.gradle.internal.properties.PropertiesBuildService$property$2: loaded 2 times (x 79B)
Class org.jetbrains.kotlin.gradle.internal.KotlinDependenciesManagementKt             : loaded 2 times (x 71B)
Class org.jetbrains.kotlin.gradle.plugin.DefaultKotlinBasePlugin$setupAttributeMatchingStrategy$1$2: loaded 2 times (x 79B)
Class org.jetbrains.kotlin.gradle.plugin.statistics.KotlinBuildStatsLoggerService     : loaded 2 times (x 72B)
Class org.jetbrains.kotlin.gradle.plugin.internal.CustomPropertiesFileValueSource$Inject: loaded 2 times (x 113B)
Class com.google.common.base.Joiner$2                                                 : loaded 2 times (x 79B)
Class org.objectweb.asm.Frame                                                         : loaded 2 times (x 73B)
Class org.objectweb.asm.MethodVisitor                                                 : loaded 2 times (x 105B)
Class com.google.common.cache.LocalCache$EntryFactory$1                               : loaded 2 times (x 83B)
Class [Lcom.google.common.cache.RemovalListener;                                      : loaded 2 times (x 69B)
Class com.google.common.base.CharMatcher$NamedFastMatcher                             : loaded 2 times (x 112B)
Class com.google.common.base.CharMatcher$1                                            : loaded 2 times (x 113B)
Class org.jetbrains.kotlin.gradle.plugin.mpp.InternalKotlinTargetKt$special$$inlined$extrasStoredFuture$1: loaded 2 times (x 79B)
Class org.jetbrains.kotlin.tooling.core.ExtrasProperty                                : loaded 2 times (x 70B)
Class org.jetbrains.kotlin.compilerRunner.UsesCompilerSystemPropertiesService         : loaded 2 times (x 70B)
Class org.jetbrains.kotlin.gradle.plugin.mpp.compilationImpl.KotlinCompilationSourceSetInclusion$Companion: loaded 2 times (x 71B)
Class com.google.common.collect.RangeSet                                              : loaded 2 times (x 70B)
Class org.jetbrains.kotlin.konan.target.KonanTarget$WATCHOS_DEVICE_ARM64              : loaded 2 times (x 78B)
Class org.jetbrains.kotlin.gradle.plugin.diagnostics.checkers.MissingNativeStdlibChecker$runChecks$1: loaded 2 times (x 88B)
Class [Lorg.jetbrains.kotlin.gradle.plugin.sources.android.AndroidVariantType;        : loaded 2 times (x 69B)
Class org.jetbrains.kotlin.gradle.plugin.sources.android.AndroidVariantType           : loaded 2 times (x 79B)
Class org.jetbrains.kotlin.gradle.plugin.mpp.KotlinTargetSoftwareComponent            : loaded 2 times (x 89B)
Class org.jetbrains.kotlin.gradle.plugin.mpp.KotlinVariant                            : loaded 2 times (x 101B)
Class org.jetbrains.kotlin.gradle.targets.native.ConfigureFrameworkExportSideEffectKt : loaded 2 times (x 71B)
Class org.jetbrains.kotlin.gradle.utils.WhenPluginEnabledKt                           : loaded 2 times (x 71B)
Class org.jetbrains.kotlin.gradle.plugin.VariantImplementationFactories               : loaded 2 times (x 75B)
Class com.google.common.cache.LocalCache$EntryFactory$2                               : loaded 2 times (x 83B)
Class org.gradle.api.internal.classpath.GlobalCacheRootsProvider                      : loaded 2 times (x 70B)
Class build_cop7eto8i9akc2t6m6urd0g3y$_run_closure1                                   : loaded 2 times (x 139B)
Class org.jetbrains.kotlin.tooling.core.Extras$Entry$Companion                        : loaded 2 times (x 71B)
Class com.google.common.collect.CollectCollectors                                     : loaded 2 times (x 71B)
Class org.jetbrains.kotlin.gradle.targets.js.dsl.KotlinWasmWasiTargetDsl              : loaded 2 times (x 70B)
Class org.jetbrains.kotlin.gradle.plugin.diagnostics.checkers.DisabledNativeTargetsChecker: loaded 2 times (x 74B)
Class org.jetbrains.kotlin.gradle.plugin.mpp.compilationImpl.KotlinCreateSourcesJarTaskSideEffectKt$KotlinCreateSourcesJarTaskSideEffect$1: loaded 2 times (x 74B)
Class org.jetbrains.kotlin.gradle.internal.CompilerArgumentAware                      : loaded 2 times (x 70B)
Class org.jetbrains.kotlin.gradle.utils.ReportUtilsKt                                 : loaded 2 times (x 71B)
Class org.jetbrains.kotlin.gradle.utils.StoredLazyProperty                            : loaded 2 times (x 75B)
Class org.objectweb.asm.ModuleWriter                                                  : loaded 2 times (x 82B)
Class com.google.common.cache.LocalCache$EntryFactory$3                               : loaded 2 times (x 83B)
Class com.google.common.base.Ticker$1                                                 : loaded 2 times (x 72B)
Class com.google.common.collect.Maps$BiMapConverter                                   : loaded 2 times (x 90B)
Class com.google.common.collect.ImmutableMapEntrySet$RegularEntrySet                  : loaded 2 times (x 152B)
Class Native_plugin_loader_gradle$NativePluginLoader                                  : loaded 2 times (x 72B)
Class org.jetbrains.kotlin.gradle.tasks.K2MultiplatformStructure_Decorated            : loaded 2 times (x 135B)
Class org.jetbrains.kotlin.compilerRunner.GradleCompilerRunner                        : loaded 2 times (x 73B)
Class com.google.common.collect.SetMultimap                                           : loaded 2 times (x 70B)
Class org.jetbrains.kotlin.gradle.dsl.AndroidMainSourceSetConventionsChecker$runChecks$1: loaded 2 times (x 88B)
Class org.jetbrains.kotlin.gradle.plugin.sources.FragmentConsistencyChecks            : loaded 2 times (x 72B)
Class org.jetbrains.kotlin.gradle.plugin.mpp.InternalKotlinTargetComponent            : loaded 2 times (x 93B)
Class org.jetbrains.kotlin.gradle.targets.CreateDefaultTestRunSideEffectKt$special$$inlined$KotlinTargetSideEffect$1: loaded 2 times (x 74B)
Class org.jetbrains.kotlin.gradle.utils.ProviderApiUtilsKt                            : loaded 2 times (x 71B)
Class org.jetbrains.kotlin.gradle.internal.properties.NativePropertiesLoader$forceDisableRunningInProcess$1: loaded 2 times (x 75B)
Class org.jetbrains.kotlin.gradle.utils.PersistentCachesKt                            : loaded 2 times (x 71B)
Class org.jetbrains.kotlin.gradle.internal.tasks.TaskWithLocalState                   : loaded 2 times (x 70B)
Class org.jetbrains.kotlin.gradle.plugin.statistics.KotlinBuildStatisticsUtilsKt      : loaded 2 times (x 71B)
Class org.jetbrains.kotlin.statistics.metrics.BooleanMetrics                          : loaded 2 times (x 80B)
Class org.jetbrains.kotlin.gradle.internal.properties.PropertiesBuildService$Params   : loaded 2 times (x 70B)
Class com.google.common.cache.LocalCache$EntryFactory$4                               : loaded 2 times (x 83B)
Class com.google.common.base.CharMatcher$InRange                                      : loaded 2 times (x 111B)
Class com.google.common.collect.ImmutableSet$Builder                                  : loaded 2 times (x 85B)
Class com.google.common.collect.ReverseOrdering                                       : loaded 2 times (x 115B)
Class org.jetbrains.kotlin.gradle.plugin.sources.KotlinDependencyScopeKt$WhenMappings : loaded 2 times (x 71B)
Class org.jetbrains.kotlin.gradle.tasks.K2MultiplatformCompilationTask                : loaded 2 times (x 70B)
Class org.jetbrains.kotlin.gradle.plugin.diagnostics.checkers.OverriddenKotlinNativeHomeChecker$StdlibExistenceCheckerValueSource$Inject: loaded 2 times (x 109B)
Class org.jetbrains.kotlin.gradle.utils.ConfigurationsKt$maybeCreateDependencyScope$1 : loaded 2 times (x 78B)
Class org.jetbrains.kotlin.gradle.plugin.sources.FragmentConsistencyChecks$languageVersionCheck$1: loaded 2 times (x 79B)
Class org.jetbrains.kotlin.gradle.plugin.mpp.DecoratedKotlinCompilation               : loaded 2 times (x 191B)
Class org.jetbrains.kotlin.gradle.plugin.diagnostics.checkers.ExperimentalTryNextUsageChecker: loaded 2 times (x 74B)
Class [Lorg.jetbrains.kotlin.gradle.plugin.diagnostics.ToolingDiagnostic$Severity;    : loaded 2 times (x 69B)
Class [Lorg.jetbrains.kotlin.gradle.plugin.KotlinPlatformType;                        : loaded 2 times (x 69B)
Class org.jetbrains.kotlin.gradle.plugin.statistics.UsesBuildFusService               : loaded 2 times (x 70B)
Class org.jetbrains.kotlin.gradle.plugin.statistics.old.Pre232IdeaKotlinBuildStatsBeanService: loaded 2 times (x 95B)
Class org.jetbrains.kotlin.statistics.metrics.NumberOverridePolicy$AVERAGE            : loaded 2 times (x 85B)
Class org.jetbrains.kotlin.gradle.plugin.VariantImplementationFactories$Parameters$Inject: loaded 2 times (x 106B)
Class com.google.common.cache.LocalCache$EntryFactory$5                               : loaded 2 times (x 83B)
Class build_dl3r9xroj7v9ta7ssxd0gijj4                                                 : loaded 2 times (x 180B)
Class com.google.common.collect.HashMultimap                                          : loaded 2 times (x 174B)
Class org.jetbrains.kotlin.gradle.plugin.mpp.MppSourcesJarKt$sourcesJarTaskNamed$result$1: loaded 2 times (x 79B)
Class org.jetbrains.kotlin.gradle.tasks.configuration.BaseKotlinCompileConfig$1       : loaded 2 times (x 79B)
Class org.jetbrains.kotlin.gradle.plugin.mpp.compilationImpl.factory.ConfigurationNaming$Default: loaded 2 times (x 75B)
Class org.jetbrains.kotlin.gradle.plugin.mpp.compilationImpl.KotlinCompilationSourceSetInclusion: loaded 2 times (x 72B)
Class org.jetbrains.kotlin.gradle.targets.jvm.KotlinJvmTarget                         : loaded 2 times (x 166B)
Class org.jetbrains.kotlin.gradle.targets.js.dsl.KotlinWasmJsTargetDsl                : loaded 2 times (x 70B)
Class org.jetbrains.kotlin.gradle.plugin.diagnostics.checkers.DisabledNativeTargetsChecker$runChecks$1: loaded 2 times (x 88B)
Class org.jetbrains.kotlin.gradle.plugin.KotlinPluginLifecycleImpl$await$2$1          : loaded 2 times (x 79B)
Class org.jetbrains.kotlin.gradle.plugin.sources.DefaultLanguageSettingsBuilder       : loaded 2 times (x 100B)
Class org.jetbrains.kotlin.gradle.plugin.sources.FragmentConsistencyChecks$languageVersionCheck$2: loaded 2 times (x 78B)
Class org.jetbrains.kotlin.gradle.targets.CreateTargetConfigurationsSideEffectKt$CreateTargetConfigurationsSideEffect$1: loaded 2 times (x 74B)
Class org.jetbrains.kotlin.gradle.dsl.KotlinTargetContainerWithPresetFunctions        : loaded 2 times (x 70B)
Class org.jetbrains.kotlin.gradle.utils.GradleConfigurationUtilsKt                    : loaded 2 times (x 71B)
Class org.jetbrains.kotlin.gradle.plugin.internal.CustomPropertiesFileValueSource$Parameters: loaded 2 times (x 70B)
Class org.jetbrains.kotlin.gradle.plugin.UsesBuildFinishedListenerService             : loaded 2 times (x 70B)
Class com.google.common.cache.LocalCache$EntryFactory$6                               : loaded 2 times (x 83B)
Class org.gradle.internal.installation.CurrentGradleInstallationLocator               : loaded 2 times (x 71B)
Class build_3acuq39s1j8pxclhb9181mkwl$_run_closure1$_closure3                         : loaded 2 times (x 139B)
Class org.jetbrains.kotlin.statistics.metrics.SumMetricContainer                      : loaded 2 times (x 80B)
Class org.jetbrains.kotlin.gradle.tasks.DefaultKotlinJavaToolchain$getToolsJarFromJvm$1: loaded 2 times (x 75B)
Class org.jetbrains.kotlin.build.report.metrics.GcMetrics                             : loaded 2 times (x 72B)
Class org.jetbrains.kotlin.gradle.plugin.diagnostics.UsesKotlinToolingDiagnosticsKt   : loaded 2 times (x 71B)
Class org.jetbrains.kotlin.gradle.tasks.configuration.BaseKotlinCompileConfig$2       : loaded 2 times (x 79B)
Class com.google.common.collect.Maps$KeySet                                           : loaded 2 times (x 137B)
Class org.jetbrains.kotlin.konan.target.KonanTarget$IOS_X64                           : loaded 2 times (x 78B)
Class org.jetbrains.kotlin.gradle.plugin.mpp.InternalKotlinCompilation                : loaded 2 times (x 70B)
Class org.jetbrains.kotlin.gradle.utils.WhenEvaluatedKt                               : loaded 2 times (x 71B)
Class org.jetbrains.kotlin.gradle.targets.native.internal.AddKotlinPlatformIntegersSupportLibraryKt: loaded 2 times (x 71B)
Class org.jetbrains.kotlin.gradle.plugin.AbstractKotlinJsPluginWrapper                : loaded 2 times (x 86B)
Class org.jetbrains.kotlin.gradle.plugin.KotlinPluginWrapperKt                        : loaded 2 times (x 71B)
Class com.google.common.cache.LocalCache$EntryFactory$7                               : loaded 2 times (x 83B)
Class com.google.common.collect.ImmutableSet$EmptySetBuilderImpl                      : loaded 2 times (x 76B)
Class com.google.common.collect.ImmutableList                                         : loaded 2 times (x 206B)
Class org.gradle.internal.service.DefaultServiceLocator                               : loaded 2 times (x 83B)
Class org.jetbrains.kotlin.gradle.tasks.KotlinCompile$scriptExtensions$1              : loaded 2 times (x 79B)
Class org.jetbrains.kotlin.gradle.tasks.K2MultiplatformStructure$Fragment             : loaded 2 times (x 72B)
Class org.jetbrains.kotlin.compilerRunner.CompilerSystemPropertiesService$Companion$registerIfAbsent$1: loaded 2 times (x 75B)
Class org.jetbrains.kotlin.util.capitalizeDecapitalize.CapitalizeDecapitalizeKt       : loaded 2 times (x 71B)
Class org.jetbrains.kotlin.gradle.plugin.diagnostics.checkers.WasmJsEnvironmentChecker: loaded 2 times (x 76B)
Class org.jetbrains.kotlin.gradle.plugin.diagnostics.checkers.AndroidPluginWithoutAndroidTargetChecker: loaded 2 times (x 74B)
Class org.jetbrains.kotlin.statistics.metrics.NumberOverridePolicy                    : loaded 2 times (x 85B)
Class org.jetbrains.kotlin.statistics.metrics.StringAnonymizationPolicy$AllowedListAnonymizer$Companion: loaded 2 times (x 71B)
Class org.jetbrains.kotlin.gradle.plugin.internal.DefaultProjectIsolationStartParameterAccessor_Decorated: loaded 2 times (x 125B)
Class org.jetbrains.kotlin.gradle.plugin.internal.ProjectIsolationStartParameterAccessorKt: loaded 2 times (x 71B)
Class org.jetbrains.kotlin.gradle.testing.internal.KotlinTestsRegistry                : loaded 2 times (x 72B)
Class com.google.common.cache.LocalCache$EntryFactory$8                               : loaded 2 times (x 83B)
Class com.google.common.collect.ImmutableSet$SetBuilderImpl                           : loaded 2 times (x 76B)
Class org.gradle.internal.installation.CurrentGradleInstallation                      : loaded 2 times (x 73B)
Class com.google.common.collect.ForwardingObject                                      : loaded 2 times (x 72B)
Class org.jetbrains.kotlin.gradle.tasks.KotlinCompilerExecutionStrategy               : loaded 2 times (x 79B)
Class org.jetbrains.kotlin.gradle.plugin.mpp.InternalKotlinCompilationKt$awaitAllKotlinSourceSets$1: loaded 2 times (x 88B)
Class org.jetbrains.kotlin.gradle.plugin.statistics.FusMetrics                        : loaded 2 times (x 70B)
Class org.jetbrains.kotlin.gradle.plugin.sources.DefaultKotlinSourceSet$special$$inlined$Iterable$1: loaded 2 times (x 79B)
Class org.jetbrains.kotlin.gradle.plugin.mpp.compilationImpl.factory.KotlinCompilationImplFactory$KotlinCompilerOptionsFactory$Options: loaded 2 times (x 72B)
Class org.jetbrains.kotlin.gradle.plugin.KotlinCompilation                            : loaded 2 times (x 70B)
Class org.jetbrains.kotlin.gradle.plugin.KotlinTargetConfiguratorKt                   : loaded 2 times (x 71B)
Class org.jetbrains.kotlin.tooling.core.Extras$Type$Companion                         : loaded 2 times (x 71B)
Class com.google.common.cache.CacheLoader$1                                           : loaded 2 times (x 75B)
Class com.google.common.collect.ImmutableList$SubList                                 : loaded 2 times (x 209B)
Class org.gradle.util.internal.GUtil                                                  : loaded 2 times (x 71B)
Class org.jetbrains.kotlin.gradle.plugin.mpp.InternalKotlinTargetKt$isSourcesPublishableFuture$2: loaded 2 times (x 95B)
Class org.jetbrains.kotlin.gradle.plugin.mpp.KotlinCompilationFactory                 : loaded 2 times (x 70B)
Class org.jetbrains.kotlin.gradle.dsl.IosSourceSetConventionChecker$runChecks$1       : loaded 2 times (x 88B)
Class org.jetbrains.kotlin.gradle.plugin.mpp.AbstractKotlinCompilation                : loaded 2 times (x 191B)
Class org.jetbrains.kotlin.gradle.plugin.diagnostics.checkers.UnusedSourceSetsChecker : loaded 2 times (x 74B)
Class org.jetbrains.kotlin.gradle.utils.Future                                        : loaded 2 times (x 70B)
Class org.jetbrains.kotlin.gradle.plugin.statistics.KotlinBuildStatsConfiguration$Companion: loaded 2 times (x 71B)
Class com.google.common.cache.AbstractCache$StatsCounter                              : loaded 2 times (x 70B)
Class build_bmu2in1hwqq7ex1tha9u1uilx                                                 : loaded 2 times (x 180B)
Class org.jetbrains.kotlin.gradle.plugin.mpp.KotlinTargetSoftwareComponentImplKt      : loaded 2 times (x 71B)
Class org.jetbrains.kotlin.gradle.targets.js.dsl.KotlinJsSubTargetContainerDsl        : loaded 2 times (x 70B)
Class org.jetbrains.kotlin.tooling.core.MutableExtrasImpl$Companion                   : loaded 2 times (x 71B)
Class org.jetbrains.kotlin.gradle.plugin.KotlinGradleBuildServices$Companion$registerIfAbsent$1: loaded 2 times (x 75B)
Class org.jetbrains.kotlin.statistics.fileloggers.MetricsContainer                    : loaded 2 times (x 77B)
Class org.jetbrains.kotlin.gradle.plugin.internal.ProjectIsolationStartParameterAccessor: loaded 2 times (x 70B)
Class org.jetbrains.kotlin.gradle.utils.StoredProperty                                : loaded 2 times (x 70B)
Class com.google.common.collect.Iterators$MergingIterator                             : loaded 2 times (x 81B)
Class com.google.common.collect.RegularImmutableSet                                   : loaded 2 times (x 149B)
Class org.gradle.internal.installation.GradleInstallation                             : loaded 2 times (x 75B)
Class com.google.common.collect.ForwardingCollection                                  : loaded 2 times (x 130B)
Class com.google.common.collect.LexicographicalOrdering                               : loaded 2 times (x 115B)
Class org.jetbrains.kotlin.gradle.dsl.KotlinJvmCompile$DefaultImpls                   : loaded 2 times (x 71B)
Class org.jetbrains.kotlin.gradle.plugin.mpp.compilationImpl.factory.KotlinCompilationImplFactory$create$1: loaded 2 times (x 75B)
Class org.jetbrains.kotlin.gradle.tasks.KotlinJavaToolchain                           : loaded 2 times (x 70B)
Class org.jetbrains.kotlin.statistics.metrics.BooleanMetrics$Companion                : loaded 2 times (x 71B)
Class org.jetbrains.kotlin.gradle.plugin.internal.CompatibilityConventionRegistrar    : loaded 2 times (x 70B)
Class com.google.common.collect.Iterables                                             : loaded 2 times (x 71B)
Class org.jetbrains.kotlin.gradle.plugin.mpp.KotlinJvmCompilation                     : loaded 2 times (x 200B)
Class org.jetbrains.kotlin.gradle.plugin.KotlinCompilation$Companion                  : loaded 2 times (x 71B)
Class org.jetbrains.kotlin.konan.target.KonanTarget$WATCHOS_ARM64                     : loaded 2 times (x 78B)
Class org.jetbrains.kotlin.konan.target.KonanTarget$MACOS_ARM64                       : loaded 2 times (x 78B)
Class org.jetbrains.kotlin.gradle.plugin.diagnostics.checkers.OverriddenKotlinNativeHomeChecker: loaded 2 times (x 74B)
Class org.jetbrains.kotlin.gradle.artifacts.KotlinJvmJarArtifactKt$KotlinJvmJarArtifact$1: loaded 2 times (x 74B)
Class org.jetbrains.kotlin.gradle.targets.native.SetupEmbedAndSignAppleFrameworkTaskSideEffectKt: loaded 2 times (x 71B)
Class org.jetbrains.kotlin.gradle.plugin.KotlinProjectSetupActionKt$KotlinProjectSetupCoroutine$1: loaded 2 times (x 75B)
Class org.jetbrains.kotlin.gradle.dsl.ToolchainSupport$Companion                      : loaded 2 times (x 71B)
Class org.jetbrains.kotlin.gradle.plugin.KotlinSourceSet                              : loaded 2 times (x 70B)

---------------  S Y S T E M  ---------------

OS:
 Windows 10 , 64 bit Build 19041 (10.0.19041.5915)
OS uptime: 0 days 1:31 hours

CPU: total 2 (initial active 2) (2 cores per cpu, 1 threads per core) family 21 model 112 stepping 0 microcode 0x0, cx8, cmov, fxsr, mmx, 3dnowpref, sse, sse2, sse3, ssse3, sse4a, sse4.1, sse4.2, popcnt, lzcnt, tsc, tscinvbit, avx, avx2, aes, clmul, bmi1, bmi2, fma, vzeroupper, clflush, rdtscp, f16c
Processor Information for the first 2 processors :
  Max Mhz: 2500, Current Mhz: 2500, Mhz Limit: 2500

Memory: 4k page, system-wide physical 3758M (274M free)
TotalPageFile size 15534M (AvailPageFile size 2117M)
current process WorkingSet (physical memory assigned to process): 572M, peak: 627M
current process commit charge ("private bytes"): 1314M, peak: 2019M

vm_info: OpenJDK 64-Bit Server VM (21.0.10+-14961533-b1163.108) for windows-amd64 JRE (21.0.10+-14961533-b1163.108), built on 2026-03-02T19:58:50Z by "builder" with MS VC++ 16.10 / 16.11 (VS2019)

END.
