#
# There is insufficient memory for the Java Runtime Environment to continue.
# Native memory allocation (mmap) failed to map 817889280 bytes. Error detail: G1 virtual space
# Possible reasons:
#   The system is out of physical RAM or swap space
#   This process is running with CompressedOops enabled, and the Java Heap may be blocking the growth of the native heap
# Possible solutions:
#   Reduce memory load on the system
#   Increase physical memory or swap space
#   Check if swap backing store is full
#   Decrease Java heap size (-Xmx/-Xms)
#   Decrease number of Java threads
#   Decrease Java thread stack sizes (-Xss)
#   Set larger code cache with -XX:ReservedCodeCacheSize=
#   JVM is running with Zero Based Compressed Oops mode in which the Java heap is
#     placed in the first 32GB address space. The Java Heap base address is the
#     maximum limit for the native heap growth. Please use -XX:HeapBaseMinAddress
#     to set the Java Heap base and to place the Java Heap above 32GB virtual address.
# This output file may be truncated or incomplete.
#
#  Out of Memory Error (os_windows.cpp:3926), pid=12880, tid=11548
#
# JRE version: OpenJDK Runtime Environment (21.0.10) (build 21.0.10+-14961533-b1163.108)
# Java VM: OpenJDK 64-Bit Server VM (21.0.10+-14961533-b1163.108, mixed mode, tiered, compressed oops, compressed class ptrs, g1 gc, windows-amd64)
# No core dump will be written. Minidumps are not enabled by default on client versions of Windows
#

---------------  S U M M A R Y ------------

Command Line: --add-opens=java.base/java.lang=ALL-UNNAMED --add-opens=java.base/java.lang.invoke=ALL-UNNAMED --add-opens=java.base/java.util=ALL-UNNAMED --add-opens=java.prefs/java.util.prefs=ALL-UNNAMED --add-exports=jdk.compiler/com.sun.tools.javac.api=ALL-UNNAMED --add-exports=jdk.compiler/com.sun.tools.javac.util=ALL-UNNAMED --add-opens=java.base/java.util=ALL-UNNAMED --add-opens=java.prefs/java.util.prefs=ALL-UNNAMED --add-opens=java.base/java.nio.charset=ALL-UNNAMED --add-opens=java.base/java.net=ALL-UNNAMED --add-opens=java.base/java.util.concurrent.atomic=ALL-UNNAMED --add-opens=java.xml/javax.xml.namespace=ALL-UNNAMED -XX:MaxMetaspaceSize=4G -XX:ReservedCodeCacheSize=512m -XX:+HeapDumpOnOutOfMemoryError -Xmx8G -Dfile.encoding=UTF-8 -Duser.country=US -Duser.language=en -Duser.variant -javaagent:C:\Users\vinay\.gradle\wrapper\dists\gradle-8.14-all\c2qonpi39x1mddn7hk5gh9iqj\gradle-8.14\lib\agents\gradle-instrumentation-agent-8.14.jar org.gradle.launcher.daemon.bootstrap.GradleDaemon 8.14

Host: AMD A6-9220 RADEON R4, 5 COMPUTE CORES 2C+3G   , 2 cores, 3G,  Windows 10 , 64 bit Build 19041 (10.0.19041.5915)
Time: Wed Apr  8 22:48:29 2026 India Standard Time elapsed time: 3307.024062 seconds (0d 0h 55m 7s)

---------------  T H R E A D  ---------------

Current thread (0x0000022ba0260200):  VMThread "VM Thread"          [id=11548, stack(0x00000087c8300000,0x00000087c8400000) (1024K)]

Stack: [0x00000087c8300000,0x00000087c8400000]
Native frames: (J=compiled Java code, j=interpreted, Vv=VM code, C=native code)
V  [jvm.dll+0x6d78a9]
V  [jvm.dll+0x8665b3]
V  [jvm.dll+0x868bde]
V  [jvm.dll+0x8692c3]
V  [jvm.dll+0x280ee6]
V  [jvm.dll+0x6d4165]
V  [jvm.dll+0x6c77fa]
V  [jvm.dll+0x358f4b]
V  [jvm.dll+0x360bc6]
V  [jvm.dll+0x3b2ea6]
V  [jvm.dll+0x3b3178]
V  [jvm.dll+0x32b65c]
V  [jvm.dll+0x32b6e7]
V  [jvm.dll+0x3715cc]
V  [jvm.dll+0x36fd7e]
V  [jvm.dll+0x32adb1]
V  [jvm.dll+0x36f480]
V  [jvm.dll+0x86f048]
V  [jvm.dll+0x870394]
V  [jvm.dll+0x8708d0]
V  [jvm.dll+0x870b63]
V  [jvm.dll+0x80fd28]
V  [jvm.dll+0x6d60fd]
C  [ucrtbase.dll+0x21bb2]
C  [KERNEL32.DLL+0x17374]
C  [ntdll.dll+0x4cc91]

VM_Operation (0x00000087cc5f2540): G1CollectForAllocation, mode: safepoint, requested by thread 0x0000022ba93c4100


---------------  P R O C E S S  ---------------

Threads class SMR info:
_java_thread_list=0x0000022bb2136030, length=83, elements={
0x0000022bf0df2760, 0x0000022ba030d9c0, 0x0000022ba0477610, 0x0000022ba047a080,
0x0000022ba0482ad0, 0x0000022ba0483530, 0x0000022ba0483f90, 0x0000022ba04849f0,
0x0000022ba04887a0, 0x0000022ba048e430, 0x0000022ba07e3e30, 0x0000022ba5f31820,
0x0000022ba67ba440, 0x0000022ba6c23550, 0x0000022ba55e1250, 0x0000022ba6ac2380,
0x0000022ba60d0e60, 0x0000022ba60cf420, 0x0000022ba60d14f0, 0x0000022ba60ce070,
0x0000022ba60d0140, 0x0000022ba60cfab0, 0x0000022ba60ce700, 0x0000022ba60ced90,
0x0000022ba6ce44a0, 0x0000022ba6ce3780, 0x0000022ba6ce30f0, 0x0000022ba6ce23d0,
0x0000022ba6ce51c0, 0x0000022ba6ce5850, 0x0000022ba6ce3e10, 0x0000022ba6ce5ee0,
0x0000022ba6ce6c00, 0x0000022ba6ce7fb0, 0x0000022ba6ce16b0, 0x0000022ba6ce1020,
0x0000022ba85d1ff0, 0x0000022ba85d88f0, 0x0000022ba85d7540, 0x0000022ba85d4de0,
0x0000022ba85d9610, 0x0000022ba85d2d10, 0x0000022ba85d33a0, 0x0000022ba85d3a30,
0x0000022ba85d8260, 0x0000022ba85d5470, 0x0000022ba85d40c0, 0x0000022ba85d5b00,
0x0000022ba900b730, 0x0000022ba900d800, 0x0000022ba9007c20, 0x0000022ba9008fd0,
0x0000022ba900aa10, 0x0000022ba9009660, 0x0000022ba900a380, 0x0000022ba900bdc0,
0x0000022ba900cae0, 0x0000022ba900de90, 0x0000022ba900d170, 0x0000022ba900ebb0,
0x0000022ba93c33e0, 0x0000022ba93c8930, 0x0000022ba93c61d0, 0x0000022bb10dbf20,
0x0000022bb10da4e0, 0x0000022bb10dab70, 0x0000022bb10d76f0, 0x0000022bb10d8410,
0x0000022bb10d8aa0, 0x0000022bb10d9130, 0x0000022ba93c4100, 0x0000022ba93c2d50,
0x0000022bb1ba0420, 0x0000022bb1ba0ab0, 0x0000022bb1ba1140, 0x0000022bb85d94d0,
0x0000022bb85d2bd0, 0x0000022bb85d5330, 0x0000022bb85d7400, 0x0000022bb24b78c0,
0x0000022bb24b9300, 0x0000022bb24b5e80, 0x0000022bb24b57f0
}

Java Threads: ( => current thread )
  0x0000022bf0df2760 JavaThread "main"                              [_thread_blocked, id=8348, stack(0x00000087c7b00000,0x00000087c7c00000) (1024K)]
  0x0000022ba030d9c0 JavaThread "Common-Cleaner"             daemon [_thread_blocked, id=11012, stack(0x00000087c8400000,0x00000087c8500000) (1024K)]
  0x0000022ba0477610 JavaThread "Reference Handler"          daemon [_thread_blocked, id=12700, stack(0x00000087c8500000,0x00000087c8600000) (1024K)]
  0x0000022ba047a080 JavaThread "Finalizer"                  daemon [_thread_blocked, id=12468, stack(0x00000087c8600000,0x00000087c8700000) (1024K)]
  0x0000022ba0482ad0 JavaThread "Signal Dispatcher"          daemon [_thread_blocked, id=14332, stack(0x00000087c8700000,0x00000087c8800000) (1024K)]
  0x0000022ba0483530 JavaThread "Attach Listener"            daemon [_thread_blocked, id=12960, stack(0x00000087c8800000,0x00000087c8900000) (1024K)]
  0x0000022ba0483f90 JavaThread "Service Thread"             daemon [_thread_blocked, id=3144, stack(0x00000087c8900000,0x00000087c8a00000) (1024K)]
  0x0000022ba04849f0 JavaThread "Monitor Deflation Thread"   daemon [_thread_blocked, id=9920, stack(0x00000087c8a00000,0x00000087c8b00000) (1024K)]
  0x0000022ba04887a0 JavaThread "C2 CompilerThread0"         daemon [_thread_blocked, id=5280, stack(0x00000087c8b00000,0x00000087c8c00000) (1024K)]
  0x0000022ba048e430 JavaThread "C1 CompilerThread0"         daemon [_thread_blocked, id=11092, stack(0x00000087c8c00000,0x00000087c8d00000) (1024K)]
  0x0000022ba07e3e30 JavaThread "Notification Thread"        daemon [_thread_blocked, id=12764, stack(0x00000087c8d00000,0x00000087c8e00000) (1024K)]
  0x0000022ba5f31820 JavaThread "Daemon health stats"               [_thread_blocked, id=8012, stack(0x00000087c8f00000,0x00000087c9000000) (1024K)]
  0x0000022ba67ba440 JavaThread "Incoming local TCP Connector on port 53452"        [_thread_in_native, id=6668, stack(0x00000087c9000000,0x00000087c9100000) (1024K)]
  0x0000022ba6c23550 JavaThread "Daemon periodic checks"            [_thread_blocked, id=3176, stack(0x00000087c9100000,0x00000087c9200000) (1024K)]
  0x0000022ba55e1250 JavaThread "Daemon"                            [_thread_blocked, id=13516, stack(0x00000087c9200000,0x00000087c9300000) (1024K)]
  0x0000022ba6ac2380 JavaThread "Handler for socket connection from /127.0.0.1:53452 to /127.0.0.1:53453"        [_thread_in_native, id=7568, stack(0x00000087c9300000,0x00000087c9400000) (1024K)]
  0x0000022ba60d0e60 JavaThread "Cancel handler"                    [_thread_blocked, id=8352, stack(0x00000087c9400000,0x00000087c9500000) (1024K)]
  0x0000022ba60cf420 JavaThread "Daemon worker"                     [_thread_blocked, id=2224, stack(0x00000087c9500000,0x00000087c9600000) (1024K)]
  0x0000022ba60d14f0 JavaThread "Asynchronous log dispatcher for DefaultDaemonConnection: socket connection from /127.0.0.1:53452 to /127.0.0.1:53453"        [_thread_blocked, id=3220, stack(0x00000087c9600000,0x00000087c9700000) (1024K)]
  0x0000022ba60ce070 JavaThread "Stdin handler"                     [_thread_blocked, id=5972, stack(0x00000087c9700000,0x00000087c9800000) (1024K)]
  0x0000022ba60d0140 JavaThread "Daemon client event forwarder"        [_thread_blocked, id=11308, stack(0x00000087c9800000,0x00000087c9900000) (1024K)]
  0x0000022ba60cfab0 JavaThread "Cache worker for journal cache (C:\Users\vinay\.gradle\caches\journal-1)"        [_thread_blocked, id=12480, stack(0x00000087c9900000,0x00000087c9a00000) (1024K)]
  0x0000022ba60ce700 JavaThread "File lock request listener"        [_thread_in_native, id=1400, stack(0x00000087c9a00000,0x00000087c9b00000) (1024K)]
  0x0000022ba60ced90 JavaThread "Cache worker for file hash cache (C:\Users\vinay\.gradle\caches\8.14\fileHashes)"        [_thread_blocked, id=2120, stack(0x00000087c9b00000,0x00000087c9c00000) (1024K)]
  0x0000022ba6ce44a0 JavaThread "Cache worker for file hash cache (E:\pdf_reader_flutter\android\.gradle\8.14\fileHashes)"        [_thread_blocked, id=7316, stack(0x00000087c9c00000,0x00000087c9d00000) (1024K)]
  0x0000022ba6ce3780 JavaThread "Cache worker for Build Output Cleanup Cache (E:\pdf_reader_flutter\android\.gradle\buildOutputCleanup)"        [_thread_blocked, id=12464, stack(0x00000087c9d00000,0x00000087c9e00000) (1024K)]
  0x0000022ba6ce30f0 JavaThread "File watcher server"        daemon [_thread_blocked, id=1320, stack(0x00000087c9e00000,0x00000087c9f00000) (1024K)]
  0x0000022ba6ce23d0 JavaThread "File watcher consumer"      daemon [_thread_blocked, id=12140, stack(0x00000087c9f00000,0x00000087ca000000) (1024K)]
  0x0000022ba6ce51c0 JavaThread "Cache worker for checksums cache (E:\pdf_reader_flutter\android\.gradle\8.14\checksums)"        [_thread_blocked, id=7556, stack(0x00000087ca000000,0x00000087ca100000) (1024K)]
  0x0000022ba6ce5850 JavaThread "Cache worker for file content cache (C:\Users\vinay\.gradle\caches\8.14\fileContent)"        [_thread_blocked, id=11956, stack(0x00000087ca100000,0x00000087ca200000) (1024K)]
  0x0000022ba6ce3e10 JavaThread "Cache worker for cache directory md-supplier (C:\Users\vinay\.gradle\caches\8.14\md-supplier)"        [_thread_blocked, id=4964, stack(0x00000087ca200000,0x00000087ca300000) (1024K)]
  0x0000022ba6ce5ee0 JavaThread "Cache worker for cache directory md-rule (C:\Users\vinay\.gradle\caches\8.14\md-rule)"        [_thread_blocked, id=11736, stack(0x00000087ca300000,0x00000087ca400000) (1024K)]
  0x0000022ba6ce6c00 JavaThread "Cache worker for Build Output Cleanup Cache (E:\flutter sdk\flutter\packages\flutter_tools\gradle\.gradle\buildOutputCleanup)"        [_thread_blocked, id=12508, stack(0x00000087c7a00000,0x00000087c7b00000) (1024K)]
  0x0000022ba6ce7fb0 JavaThread "Unconstrained build operations"        [_thread_blocked, id=12416, stack(0x00000087c7c00000,0x00000087c7d00000) (1024K)]
  0x0000022ba6ce16b0 JavaThread "Unconstrained build operations Thread 2"        [_thread_blocked, id=2444, stack(0x00000087ca400000,0x00000087ca500000) (1024K)]
  0x0000022ba6ce1020 JavaThread "Unconstrained build operations Thread 3"        [_thread_blocked, id=12184, stack(0x00000087ca500000,0x00000087ca600000) (1024K)]
  0x0000022ba85d1ff0 JavaThread "Memory manager"                    [_thread_blocked, id=13404, stack(0x00000087ca600000,0x00000087ca700000) (1024K)]
  0x0000022ba85d88f0 JavaThread "build event listener"              [_thread_blocked, id=12548, stack(0x00000087ca700000,0x00000087ca800000) (1024K)]
  0x0000022ba85d7540 JavaThread "Execution worker"                  [_thread_blocked, id=12624, stack(0x00000087caa00000,0x00000087cab00000) (1024K)]
  0x0000022ba85d4de0 JavaThread "Cache worker for execution history cache (E:\flutter sdk\flutter\packages\flutter_tools\gradle\.gradle\8.14\executionHistory)"        [_thread_blocked, id=12936, stack(0x00000087cab00000,0x00000087cac00000) (1024K)]
  0x0000022ba85d9610 JavaThread "Unconstrained build operations Thread 4"        [_thread_blocked, id=14112, stack(0x00000087cac00000,0x00000087cad00000) (1024K)]
  0x0000022ba85d2d10 JavaThread "Unconstrained build operations Thread 5"        [_thread_blocked, id=8200, stack(0x00000087cad00000,0x00000087cae00000) (1024K)]
  0x0000022ba85d33a0 JavaThread "Unconstrained build operations Thread 6"        [_thread_blocked, id=4948, stack(0x00000087cae00000,0x00000087caf00000) (1024K)]
  0x0000022ba85d3a30 JavaThread "Unconstrained build operations Thread 7"        [_thread_blocked, id=14060, stack(0x00000087cb100000,0x00000087cb200000) (1024K)]
  0x0000022ba85d8260 JavaThread "Unconstrained build operations Thread 8"        [_thread_blocked, id=11136, stack(0x00000087cb200000,0x00000087cb300000) (1024K)]
  0x0000022ba85d5470 JavaThread "Unconstrained build operations Thread 9"        [_thread_blocked, id=4136, stack(0x00000087cb300000,0x00000087cb400000) (1024K)]
  0x0000022ba85d40c0 JavaThread "Unconstrained build operations Thread 10"        [_thread_blocked, id=12556, stack(0x00000087ca800000,0x00000087ca900000) (1024K)]
  0x0000022ba85d5b00 JavaThread "build event listener"              [_thread_blocked, id=13904, stack(0x00000087ca900000,0x00000087caa00000) (1024K)]
  0x0000022ba900b730 JavaThread "jar transforms"                    [_thread_blocked, id=11556, stack(0x00000087caf00000,0x00000087cb000000) (1024K)]
  0x0000022ba900d800 JavaThread "Unconstrained build operations Thread 11"        [_thread_blocked, id=2992, stack(0x00000087cb400000,0x00000087cb500000) (1024K)]
  0x0000022ba9007c20 JavaThread "Unconstrained build operations Thread 12"        [_thread_blocked, id=12400, stack(0x00000087cb500000,0x00000087cb600000) (1024K)]
  0x0000022ba9008fd0 JavaThread "Unconstrained build operations Thread 13"        [_thread_blocked, id=11776, stack(0x00000087cb600000,0x00000087cb700000) (1024K)]
  0x0000022ba900aa10 JavaThread "jar transforms Thread 2"           [_thread_blocked, id=13976, stack(0x00000087cb700000,0x00000087cb800000) (1024K)]
  0x0000022ba9009660 JavaThread "Problems report writer"            [_thread_blocked, id=12608, stack(0x00000087cb800000,0x00000087cb900000) (1024K)]
  0x0000022ba900a380 JavaThread "Unconstrained build operations Thread 14"        [_thread_blocked, id=13164, stack(0x00000087cb900000,0x00000087cba00000) (1024K)]
  0x0000022ba900bdc0 JavaThread "Unconstrained build operations Thread 15"        [_thread_blocked, id=8056, stack(0x00000087cba00000,0x00000087cbb00000) (1024K)]
  0x0000022ba900cae0 JavaThread "Unconstrained build operations Thread 16"        [_thread_blocked, id=11968, stack(0x00000087cbb00000,0x00000087cbc00000) (1024K)]
  0x0000022ba900de90 JavaThread "Unconstrained build operations Thread 17"        [_thread_blocked, id=12392, stack(0x00000087cbc00000,0x00000087cbd00000) (1024K)]
  0x0000022ba900d170 JavaThread "Unconstrained build operations Thread 18"        [_thread_blocked, id=14100, stack(0x00000087cbd00000,0x00000087cbe00000) (1024K)]
  0x0000022ba900ebb0 JavaThread "Unconstrained build operations Thread 19"        [_thread_blocked, id=5140, stack(0x00000087cbe00000,0x00000087cbf00000) (1024K)]
  0x0000022ba93c33e0 JavaThread "Unconstrained build operations Thread 20"        [_thread_blocked, id=13116, stack(0x00000087cbf00000,0x00000087cc000000) (1024K)]
  0x0000022ba93c8930 JavaThread "included builds Thread 2"          [_thread_blocked, id=7864, stack(0x00000087cc000000,0x00000087cc100000) (1024K)]
  0x0000022ba93c61d0 JavaThread "Cache worker for execution history cache (E:\pdf_reader_flutter\android\.gradle\8.14\executionHistory)"        [_thread_blocked, id=1572, stack(0x00000087cc100000,0x00000087cc200000) (1024K)]
  0x0000022bb10dbf20 JavaThread "RMI Scheduler(0)"           daemon [_thread_blocked, id=10920, stack(0x00000087cc400000,0x00000087cc500000) (1024K)]
  0x0000022bb10da4e0 JavaThread "RMI GC Daemon"              daemon [_thread_blocked, id=13596, stack(0x00000087cc600000,0x00000087cc700000) (1024K)]
  0x0000022bb10dab70 JavaThread "RMI TCP Accept-0"           daemon [_thread_in_native, id=6012, stack(0x00000087cc700000,0x00000087cc800000) (1024K)]
  0x0000022bb10d76f0 JavaThread "RMI Reaper"                        [_thread_blocked, id=8632, stack(0x00000087cc800000,0x00000087cc900000) (1024K)]
  0x0000022bb10d8410 JavaThread "Cache worker for Java compile cache (C:\Users\vinay\.gradle\caches\8.14\javaCompile)"        [_thread_blocked, id=13264, stack(0x00000087cc900000,0x00000087cca00000) (1024K)]
  0x0000022bb10d8aa0 JavaThread "Build operations"                  [_thread_blocked, id=8924, stack(0x00000087cc300000,0x00000087cc400000) (1024K)]
  0x0000022bb10d9130 JavaThread "Build operations Thread 2"         [_thread_blocked, id=6120, stack(0x00000087cca00000,0x00000087ccb00000) (1024K)]
  0x0000022ba93c4100 JavaThread "WorkerExecutor Queue Thread 5"        [_thread_blocked, id=12704, stack(0x00000087cc500000,0x00000087cc600000) (1024K)]
  0x0000022ba93c2d50 JavaThread "WorkerExecutor Queue Thread 6"        [_thread_blocked, id=10900, stack(0x00000087cc200000,0x00000087cc300000) (1024K)]
  0x0000022bb1ba0420 JavaThread "pool-3-thread-1"                   [_thread_blocked, id=6876, stack(0x00000087cb000000,0x00000087cb100000) (1024K)]
  0x0000022bb1ba0ab0 JavaThread "stderr"                            [_thread_in_native, id=4388, stack(0x00000087ccb00000,0x00000087ccc00000) (1024K)]
  0x0000022bb1ba1140 JavaThread "stdout"                            [_thread_in_native, id=8308, stack(0x00000087ccc00000,0x00000087ccd00000) (1024K)]
  0x0000022bb85d94d0 JavaThread "Java2D Disposer"            daemon [_thread_blocked, id=10640, stack(0x00000087cd000000,0x00000087cd100000) (1024K)]
  0x0000022bb85d2bd0 JavaThread "AWT-Windows"                daemon [_thread_in_native, id=13384, stack(0x00000087cd200000,0x00000087cd300000) (1024K)]
  0x0000022bb85d5330 JavaThread "DefaultDispatcher-worker-1" daemon [_thread_blocked, id=8528, stack(0x00000087cd100000,0x00000087cd200000) (1024K)]
  0x0000022bb85d7400 JavaThread "DefaultDispatcher-worker-2" daemon [_thread_blocked, id=6896, stack(0x00000087cd300000,0x00000087cd400000) (1024K)]
  0x0000022bb24b78c0 JavaThread "RMI RenewClean-[127.0.0.1:17748,org.jetbrains.kotlin.daemon.common.LoopbackNetworkInterface$ClientLoopbackSocketFactory@8a71f6a]" daemon [_thread_blocked, id=12648, stack(0x00000087cd500000,0x00000087cd600000) (1024K)]
  0x0000022bb24b9300 JavaThread "Periodic tasks thread"      daemon [_thread_blocked, id=11304, stack(0x00000087cd700000,0x00000087cd800000) (1024K)]
  0x0000022bb24b5e80 JavaThread "ApplicationImpl pooled thread 1"        [_thread_blocked, id=10856, stack(0x00000087cd800000,0x00000087cd900000) (1024K)]
  0x0000022bb24b57f0 JavaThread "ForkJoinPool.commonPool-worker-1" daemon [_thread_blocked, id=13376, stack(0x00000087ccd00000,0x00000087cce00000) (1024K)]
Total: 83

Other Threads:
=>0x0000022ba0260200 VMThread "VM Thread"                           [id=11548, stack(0x00000087c8300000,0x00000087c8400000) (1024K)]
  0x0000022ba024d1f0 WatcherThread "VM Periodic Task Thread"        [id=13916, stack(0x00000087c8200000,0x00000087c8300000) (1024K)]
  0x0000022bf0e99660 WorkerThread "GC Thread#0"                     [id=7628, stack(0x00000087c7d00000,0x00000087c7e00000) (1024K)]
  0x0000022ba51f69c0 WorkerThread "GC Thread#1"                     [id=14036, stack(0x00000087c8e00000,0x00000087c8f00000) (1024K)]
  0x0000022bf0eaa560 ConcurrentGCThread "G1 Main Marker"            [id=13192, stack(0x00000087c7e00000,0x00000087c7f00000) (1024K)]
  0x0000022bf0eab0f0 WorkerThread "G1 Conc#0"                       [id=12404, stack(0x00000087c7f00000,0x00000087c8000000) (1024K)]
  0x0000022ba01242e0 ConcurrentGCThread "G1 Refine#0"               [id=10824, stack(0x00000087c8000000,0x00000087c8100000) (1024K)]
  0x0000022ba0124af0 ConcurrentGCThread "G1 Service"                [id=12368, stack(0x00000087c8100000,0x00000087c8200000) (1024K)]
Total: 8

Threads with active compile tasks:
Total: 0

VM state: at safepoint (normal execution)

VM Mutex/Monitor currently owned by a thread:  ([mutex/lock_event])
[0x00007ffff38886d0] Threads_lock - owner thread: 0x0000022ba0260200
[0x00007ffff38887d0] Heap_lock - owner thread: 0x0000022ba93c4100

Heap address: 0x0000000600000000, size: 8192 MB, Compressed Oops mode: Zero based, Oop shift amount: 3

CDS archive(s) not mapped
Compressed class space mapped at: 0x0000000800000000-0x0000000840000000, reserved size: 1073741824
Narrow klass base: 0x0000000800000000, Narrow klass shift: 0, Narrow klass range: 0x40000000

GC Precious Log:
 CardTable entry size: 512
 Card Set container configuration: InlinePtr #cards 4 size 8 Array Of Cards #cards 32 size 80 Howl #buckets 8 coarsen threshold 7372 Howl Bitmap #cards 1024 size 144 coarsen threshold 921 Card regions per heap region 1 cards per card region 8192
 CPUs: 2 total, 2 available
 Memory: 3758M
 Large Page Support: Disabled
 NUMA Support: Disabled
 Compressed Oops: Enabled (Zero based)
 Heap Region Size: 4M
 Heap Min Capacity: 8M
 Heap Initial Capacity: 60M
 Heap Max Capacity: 8G
 Pre-touch: Disabled
 Parallel Workers: 2
 Concurrent Workers: 1
 Concurrent Refinement Workers: 2
 Periodic GC: Disabled

Heap:
 garbage-first heap   total 1499136K, used 365898K [0x0000000600000000, 0x0000000800000000)
  region size 4096K, 3 young (12288K), 3 survivors (12288K)
 Metaspace       used 247722K, committed 250624K, reserved 1310720K
  class space    used 32018K, committed 33408K, reserved 1048576K

Heap Regions: E=young(eden), S=young(survivor), O=old, HS=humongous(starts), HC=humongous(continues), CS=collection set, F=free, TAMS=top-at-mark-start, PB=parsable bottom
|   0|0x0000000600000000, 0x0000000600400000, 0x0000000600400000|100%|HS|  |TAMS 0x0000000600000000| PB 0x0000000600000000| Complete 
|   1|0x0000000600400000, 0x0000000600800000, 0x0000000600800000|100%| O|  |TAMS 0x0000000600400000| PB 0x0000000600400000| Untracked 
|   2|0x0000000600800000, 0x0000000600c00000, 0x0000000600c00000|100%| O|  |TAMS 0x0000000600800000| PB 0x0000000600800000| Untracked 
|   3|0x0000000600c00000, 0x0000000601000000, 0x0000000601000000|100%| O|  |TAMS 0x0000000600c00000| PB 0x0000000600c00000| Untracked 
|   4|0x0000000601000000, 0x0000000601400000, 0x0000000601400000|100%| O|  |TAMS 0x0000000601000000| PB 0x0000000601000000| Untracked 
|   5|0x0000000601400000, 0x0000000601800000, 0x0000000601800000|100%| O|  |TAMS 0x0000000601400000| PB 0x0000000601400000| Untracked 
|   6|0x0000000601800000, 0x0000000601c00000, 0x0000000601c00000|100%| O|  |TAMS 0x0000000601800000| PB 0x0000000601800000| Untracked 
|   7|0x0000000601c00000, 0x0000000602000000, 0x0000000602000000|100%| O|  |TAMS 0x0000000601c00000| PB 0x0000000601c00000| Untracked 
|   8|0x0000000602000000, 0x0000000602400000, 0x0000000602400000|100%|HS|  |TAMS 0x0000000602000000| PB 0x0000000602000000| Complete 
|   9|0x0000000602400000, 0x0000000602800000, 0x0000000602800000|100%| O|  |TAMS 0x0000000602400000| PB 0x0000000602400000| Untracked 
|  10|0x0000000602800000, 0x0000000602c00000, 0x0000000602c00000|100%| O|  |TAMS 0x0000000602800000| PB 0x0000000602800000| Untracked 
|  11|0x0000000602c00000, 0x0000000603000000, 0x0000000603000000|100%| O|  |TAMS 0x0000000602c00000| PB 0x0000000602c00000| Untracked 
|  12|0x0000000603000000, 0x0000000603400000, 0x0000000603400000|100%|HS|  |TAMS 0x0000000603000000| PB 0x0000000603000000| Complete 
|  13|0x0000000603400000, 0x0000000603800000, 0x0000000603800000|100%| O|  |TAMS 0x0000000603400000| PB 0x0000000603400000| Untracked 
|  14|0x0000000603800000, 0x0000000603c00000, 0x0000000603c00000|100%| O|  |TAMS 0x0000000603800000| PB 0x0000000603800000| Untracked 
|  15|0x0000000603c00000, 0x0000000604000000, 0x0000000604000000|100%| O|  |TAMS 0x0000000603c00000| PB 0x0000000603c00000| Untracked 
|  16|0x0000000604000000, 0x0000000604400000, 0x0000000604400000|100%| O|  |TAMS 0x0000000604000000| PB 0x0000000604000000| Untracked 
|  17|0x0000000604400000, 0x0000000604800000, 0x0000000604800000|100%| O|  |TAMS 0x0000000604400000| PB 0x0000000604400000| Untracked 
|  18|0x0000000604800000, 0x0000000604c00000, 0x0000000604c00000|100%| O|  |TAMS 0x0000000604800000| PB 0x0000000604800000| Untracked 
|  19|0x0000000604c00000, 0x0000000605000000, 0x0000000605000000|100%| O|  |TAMS 0x0000000604c00000| PB 0x0000000604c00000| Untracked 
|  20|0x0000000605000000, 0x0000000605400000, 0x0000000605400000|100%| O|  |TAMS 0x0000000605000000| PB 0x0000000605000000| Untracked 
|  21|0x0000000605400000, 0x0000000605800000, 0x0000000605800000|100%| O|  |TAMS 0x0000000605400000| PB 0x0000000605400000| Untracked 
|  22|0x0000000605800000, 0x0000000605c00000, 0x0000000605c00000|100%| O|  |TAMS 0x0000000605800000| PB 0x0000000605800000| Untracked 
|  23|0x0000000605c00000, 0x0000000606000000, 0x0000000606000000|100%| O|  |TAMS 0x0000000605c00000| PB 0x0000000605c00000| Untracked 
|  24|0x0000000606000000, 0x0000000606400000, 0x0000000606400000|100%| O|  |TAMS 0x0000000606000000| PB 0x0000000606000000| Untracked 
|  25|0x0000000606400000, 0x0000000606800000, 0x0000000606800000|100%| O|  |TAMS 0x0000000606400000| PB 0x0000000606400000| Untracked 
|  26|0x0000000606800000, 0x0000000606c00000, 0x0000000606c00000|100%| O|  |TAMS 0x0000000606800000| PB 0x0000000606800000| Untracked 
|  27|0x0000000606c00000, 0x0000000607000000, 0x0000000607000000|100%| O|  |TAMS 0x0000000606c00000| PB 0x0000000606c00000| Untracked 
|  28|0x0000000607000000, 0x0000000607400000, 0x0000000607400000|100%| O|  |TAMS 0x0000000607000000| PB 0x0000000607000000| Untracked 
|  29|0x0000000607400000, 0x0000000607800000, 0x0000000607800000|100%| O|  |TAMS 0x0000000607400000| PB 0x0000000607400000| Untracked 
|  30|0x0000000607800000, 0x0000000607c00000, 0x0000000607c00000|100%| O|  |TAMS 0x0000000607800000| PB 0x0000000607800000| Untracked 
|  31|0x0000000607c00000, 0x0000000608000000, 0x0000000608000000|100%| O|  |TAMS 0x0000000607c00000| PB 0x0000000607c00000| Untracked 
|  32|0x0000000608000000, 0x0000000608400000, 0x0000000608400000|100%| O|  |TAMS 0x0000000608000000| PB 0x0000000608000000| Untracked 
|  33|0x0000000608400000, 0x0000000608800000, 0x0000000608800000|100%| O|  |TAMS 0x0000000608400000| PB 0x0000000608400000| Untracked 
|  34|0x0000000608800000, 0x0000000608c00000, 0x0000000608c00000|100%| O|  |TAMS 0x0000000608800000| PB 0x0000000608800000| Untracked 
|  35|0x0000000608c00000, 0x0000000609000000, 0x0000000609000000|100%| O|  |TAMS 0x0000000608c00000| PB 0x0000000608c00000| Untracked 
|  36|0x0000000609000000, 0x0000000609400000, 0x0000000609400000|100%| O|  |TAMS 0x0000000609000000| PB 0x0000000609000000| Untracked 
|  37|0x0000000609400000, 0x0000000609800000, 0x0000000609800000|100%| O|  |TAMS 0x0000000609400000| PB 0x0000000609400000| Untracked 
|  38|0x0000000609800000, 0x0000000609c00000, 0x0000000609c00000|100%| O|  |TAMS 0x0000000609800000| PB 0x0000000609800000| Untracked 
|  39|0x0000000609c00000, 0x000000060a000000, 0x000000060a000000|100%| O|  |TAMS 0x0000000609c00000| PB 0x0000000609c00000| Untracked 
|  40|0x000000060a000000, 0x000000060a400000, 0x000000060a400000|100%| O|  |TAMS 0x000000060a000000| PB 0x000000060a000000| Untracked 
|  41|0x000000060a400000, 0x000000060a800000, 0x000000060a800000|100%| O|  |TAMS 0x000000060a400000| PB 0x000000060a400000| Untracked 
|  42|0x000000060a800000, 0x000000060ac00000, 0x000000060ac00000|100%| O|  |TAMS 0x000000060a800000| PB 0x000000060a800000| Untracked 
|  43|0x000000060ac00000, 0x000000060b000000, 0x000000060b000000|100%| O|  |TAMS 0x000000060ac00000| PB 0x000000060ac00000| Untracked 
|  44|0x000000060b000000, 0x000000060b400000, 0x000000060b400000|100%| O|  |TAMS 0x000000060b000000| PB 0x000000060b000000| Untracked 
|  45|0x000000060b400000, 0x000000060b800000, 0x000000060b800000|100%| O|  |TAMS 0x000000060b400000| PB 0x000000060b400000| Untracked 
|  46|0x000000060b800000, 0x000000060bc00000, 0x000000060bc00000|100%| O|  |TAMS 0x000000060b800000| PB 0x000000060b800000| Untracked 
|  47|0x000000060bc00000, 0x000000060c000000, 0x000000060c000000|100%| O|  |TAMS 0x000000060bc00000| PB 0x000000060bc00000| Untracked 
|  48|0x000000060c000000, 0x000000060c400000, 0x000000060c400000|100%| O|  |TAMS 0x000000060c000000| PB 0x000000060c000000| Untracked 
|  49|0x000000060c400000, 0x000000060c800000, 0x000000060c800000|100%| O|  |TAMS 0x000000060c400000| PB 0x000000060c400000| Untracked 
|  50|0x000000060c800000, 0x000000060cc00000, 0x000000060cc00000|100%| O|  |TAMS 0x000000060c800000| PB 0x000000060c800000| Untracked 
|  51|0x000000060cc00000, 0x000000060d000000, 0x000000060d000000|100%| O|  |TAMS 0x000000060cc00000| PB 0x000000060cc00000| Untracked 
|  52|0x000000060d000000, 0x000000060d400000, 0x000000060d400000|100%| O|  |TAMS 0x000000060d000000| PB 0x000000060d000000| Untracked 
|  53|0x000000060d400000, 0x000000060d800000, 0x000000060d800000|100%| O|  |TAMS 0x000000060d400000| PB 0x000000060d400000| Untracked 
|  54|0x000000060d800000, 0x000000060dc00000, 0x000000060dc00000|100%| O|  |TAMS 0x000000060d800000| PB 0x000000060d800000| Untracked 
|  55|0x000000060dc00000, 0x000000060e000000, 0x000000060e000000|100%| O|  |TAMS 0x000000060dc00000| PB 0x000000060dc00000| Untracked 
|  56|0x000000060e000000, 0x000000060e400000, 0x000000060e400000|100%| O|  |TAMS 0x000000060e000000| PB 0x000000060e000000| Untracked 
|  57|0x000000060e400000, 0x000000060e800000, 0x000000060e800000|100%| O|  |TAMS 0x000000060e400000| PB 0x000000060e400000| Untracked 
|  58|0x000000060e800000, 0x000000060ec00000, 0x000000060ec00000|100%| O|  |TAMS 0x000000060e800000| PB 0x000000060e800000| Untracked 
|  59|0x000000060ec00000, 0x000000060f000000, 0x000000060f000000|100%| O|  |TAMS 0x000000060ec00000| PB 0x000000060ec00000| Untracked 
|  60|0x000000060f000000, 0x000000060f400000, 0x000000060f400000|100%| O|  |TAMS 0x000000060f000000| PB 0x000000060f000000| Untracked 
|  61|0x000000060f400000, 0x000000060f800000, 0x000000060f800000|100%| O|  |TAMS 0x000000060f400000| PB 0x000000060f400000| Untracked 
|  62|0x000000060f800000, 0x000000060fc00000, 0x000000060fc00000|100%| O|  |TAMS 0x000000060f800000| PB 0x000000060f800000| Untracked 
|  63|0x000000060fc00000, 0x0000000610000000, 0x0000000610000000|100%| O|  |TAMS 0x000000060fc00000| PB 0x000000060fc00000| Untracked 
|  64|0x0000000610000000, 0x0000000610400000, 0x0000000610400000|100%| O|  |TAMS 0x0000000610000000| PB 0x0000000610000000| Untracked 
|  65|0x0000000610400000, 0x0000000610800000, 0x0000000610800000|100%| O|  |TAMS 0x0000000610400000| PB 0x0000000610400000| Untracked 
|  66|0x0000000610800000, 0x0000000610c00000, 0x0000000610c00000|100%| O|  |TAMS 0x0000000610800000| PB 0x0000000610800000| Untracked 
|  67|0x0000000610c00000, 0x0000000611000000, 0x0000000611000000|100%|HS|  |TAMS 0x0000000610c00000| PB 0x0000000610c00000| Complete 
|  68|0x0000000611000000, 0x0000000611400000, 0x0000000611400000|100%|HS|  |TAMS 0x0000000611000000| PB 0x0000000611000000| Complete 
|  69|0x0000000611400000, 0x0000000611800000, 0x0000000611800000|100%| O|  |TAMS 0x0000000611400000| PB 0x0000000611400000| Untracked 
|  70|0x0000000611800000, 0x0000000611c00000, 0x0000000611c00000|100%| O|  |TAMS 0x0000000611800000| PB 0x0000000611800000| Untracked 
|  71|0x0000000611c00000, 0x0000000612000000, 0x0000000612000000|100%| O|  |TAMS 0x0000000611c00000| PB 0x0000000611c00000| Untracked 
|  72|0x0000000612000000, 0x0000000612400000, 0x0000000612400000|100%| O|  |TAMS 0x0000000612000000| PB 0x0000000612000000| Untracked 
|  73|0x0000000612400000, 0x0000000612800000, 0x0000000612800000|100%| O|  |TAMS 0x0000000612400000| PB 0x0000000612400000| Untracked 
|  74|0x0000000612800000, 0x0000000612c00000, 0x0000000612c00000|100%| O|  |TAMS 0x0000000612800000| PB 0x0000000612800000| Untracked 
|  75|0x0000000612c00000, 0x0000000613000000, 0x0000000613000000|100%| O|  |TAMS 0x0000000612c00000| PB 0x0000000612c00000| Untracked 
|  76|0x0000000613000000, 0x0000000613400000, 0x0000000613400000|100%| O|  |TAMS 0x0000000613000000| PB 0x0000000613000000| Untracked 
|  77|0x0000000613400000, 0x0000000613800000, 0x0000000613800000|100%| O|  |TAMS 0x0000000613400000| PB 0x0000000613400000| Untracked 
|  78|0x0000000613800000, 0x0000000613c00000, 0x0000000613c00000|100%| O|  |TAMS 0x0000000613800000| PB 0x0000000613800000| Untracked 
|  79|0x0000000613c00000, 0x0000000614000000, 0x0000000614000000|100%| O|  |TAMS 0x0000000613c00000| PB 0x0000000613c00000| Untracked 
|  80|0x0000000614000000, 0x0000000614400000, 0x0000000614400000|100%| O|  |TAMS 0x0000000614000000| PB 0x0000000614000000| Untracked 
|  81|0x0000000614400000, 0x0000000614800000, 0x0000000614800000|100%| O|  |TAMS 0x0000000614400000| PB 0x0000000614400000| Untracked 
|  82|0x0000000614800000, 0x0000000614c00000, 0x0000000614c00000|100%| O|  |TAMS 0x0000000614800000| PB 0x0000000614800000| Untracked 
|  83|0x0000000614c00000, 0x0000000614d52830, 0x0000000615000000| 33%| O|  |TAMS 0x0000000614c00000| PB 0x0000000614c00000| Untracked 
|  84|0x0000000615000000, 0x0000000615000000, 0x0000000615400000|  0%| F|  |TAMS 0x0000000615000000| PB 0x0000000615000000| Untracked 
|  85|0x0000000615400000, 0x0000000615400000, 0x0000000615800000|  0%| F|  |TAMS 0x0000000615400000| PB 0x0000000615400000| Untracked 
|  86|0x0000000615800000, 0x0000000615800000, 0x0000000615c00000|  0%| F|  |TAMS 0x0000000615800000| PB 0x0000000615800000| Untracked 
|  87|0x0000000615c00000, 0x0000000615c00000, 0x0000000616000000|  0%| F|  |TAMS 0x0000000615c00000| PB 0x0000000615c00000| Untracked 
|  88|0x0000000616000000, 0x0000000616000000, 0x0000000616400000|  0%| F|  |TAMS 0x0000000616000000| PB 0x0000000616000000| Untracked 
|  89|0x0000000616400000, 0x0000000616400000, 0x0000000616800000|  0%| F|  |TAMS 0x0000000616400000| PB 0x0000000616400000| Untracked 
|  90|0x0000000616800000, 0x0000000616800000, 0x0000000616c00000|  0%| F|  |TAMS 0x0000000616800000| PB 0x0000000616800000| Untracked 
|  91|0x0000000616c00000, 0x0000000616c00000, 0x0000000617000000|  0%| F|  |TAMS 0x0000000616c00000| PB 0x0000000616c00000| Untracked 
|  92|0x0000000617000000, 0x0000000617000000, 0x0000000617400000|  0%| F|  |TAMS 0x0000000617000000| PB 0x0000000617000000| Untracked 
|  93|0x0000000617400000, 0x0000000617400000, 0x0000000617800000|  0%| F|  |TAMS 0x0000000617400000| PB 0x0000000617400000| Untracked 
|  94|0x0000000617800000, 0x0000000617800000, 0x0000000617c00000|  0%| F|  |TAMS 0x0000000617800000| PB 0x0000000617800000| Untracked 
|  95|0x0000000617c00000, 0x0000000617c00000, 0x0000000618000000|  0%| F|  |TAMS 0x0000000617c00000| PB 0x0000000617c00000| Untracked 
|  96|0x0000000618000000, 0x0000000618000000, 0x0000000618400000|  0%| F|  |TAMS 0x0000000618000000| PB 0x0000000618000000| Untracked 
|  97|0x0000000618400000, 0x0000000618400000, 0x0000000618800000|  0%| F|  |TAMS 0x0000000618400000| PB 0x0000000618400000| Untracked 
|  98|0x0000000618800000, 0x0000000618800000, 0x0000000618c00000|  0%| F|  |TAMS 0x0000000618800000| PB 0x0000000618800000| Untracked 
|  99|0x0000000618c00000, 0x0000000618c00000, 0x0000000619000000|  0%| F|  |TAMS 0x0000000618c00000| PB 0x0000000618c00000| Untracked 
| 100|0x0000000619000000, 0x0000000619000000, 0x0000000619400000|  0%| F|  |TAMS 0x0000000619000000| PB 0x0000000619000000| Untracked 
| 101|0x0000000619400000, 0x0000000619400000, 0x0000000619800000|  0%| F|  |TAMS 0x0000000619400000| PB 0x0000000619400000| Untracked 
| 102|0x0000000619800000, 0x0000000619800000, 0x0000000619c00000|  0%| F|  |TAMS 0x0000000619800000| PB 0x0000000619800000| Untracked 
| 103|0x0000000619c00000, 0x0000000619c00000, 0x000000061a000000|  0%| F|  |TAMS 0x0000000619c00000| PB 0x0000000619c00000| Untracked 
| 104|0x000000061a000000, 0x000000061a000000, 0x000000061a400000|  0%| F|  |TAMS 0x000000061a000000| PB 0x000000061a000000| Untracked 
| 105|0x000000061a400000, 0x000000061a400000, 0x000000061a800000|  0%| F|  |TAMS 0x000000061a400000| PB 0x000000061a400000| Untracked 
| 106|0x000000061a800000, 0x000000061a800000, 0x000000061ac00000|  0%| F|  |TAMS 0x000000061a800000| PB 0x000000061a800000| Untracked 
| 107|0x000000061ac00000, 0x000000061ac00000, 0x000000061b000000|  0%| F|  |TAMS 0x000000061ac00000| PB 0x000000061ac00000| Untracked 
| 108|0x000000061b000000, 0x000000061b000000, 0x000000061b400000|  0%| F|  |TAMS 0x000000061b000000| PB 0x000000061b000000| Untracked 
| 109|0x000000061b400000, 0x000000061b400000, 0x000000061b800000|  0%| F|  |TAMS 0x000000061b400000| PB 0x000000061b400000| Untracked 
| 110|0x000000061b800000, 0x000000061b800000, 0x000000061bc00000|  0%| F|  |TAMS 0x000000061b800000| PB 0x000000061b800000| Untracked 
| 111|0x000000061bc00000, 0x000000061bc00000, 0x000000061c000000|  0%| F|  |TAMS 0x000000061bc00000| PB 0x000000061bc00000| Untracked 
| 112|0x000000061c000000, 0x000000061c000000, 0x000000061c400000|  0%| F|  |TAMS 0x000000061c000000| PB 0x000000061c000000| Untracked 
| 113|0x000000061c400000, 0x000000061c400000, 0x000000061c800000|  0%| F|  |TAMS 0x000000061c400000| PB 0x000000061c400000| Untracked 
| 114|0x000000061c800000, 0x000000061c800000, 0x000000061cc00000|  0%| F|  |TAMS 0x000000061c800000| PB 0x000000061c800000| Untracked 
| 115|0x000000061cc00000, 0x000000061cc00000, 0x000000061d000000|  0%| F|  |TAMS 0x000000061cc00000| PB 0x000000061cc00000| Untracked 
| 116|0x000000061d000000, 0x000000061d000000, 0x000000061d400000|  0%| F|  |TAMS 0x000000061d000000| PB 0x000000061d000000| Untracked 
| 117|0x000000061d400000, 0x000000061d400000, 0x000000061d800000|  0%| F|  |TAMS 0x000000061d400000| PB 0x000000061d400000| Untracked 
| 118|0x000000061d800000, 0x000000061d800000, 0x000000061dc00000|  0%| F|  |TAMS 0x000000061d800000| PB 0x000000061d800000| Untracked 
| 119|0x000000061dc00000, 0x000000061dc00000, 0x000000061e000000|  0%| F|  |TAMS 0x000000061dc00000| PB 0x000000061dc00000| Untracked 
| 120|0x000000061e000000, 0x000000061e000000, 0x000000061e400000|  0%| F|  |TAMS 0x000000061e000000| PB 0x000000061e000000| Untracked 
| 121|0x000000061e400000, 0x000000061e400000, 0x000000061e800000|  0%| F|  |TAMS 0x000000061e400000| PB 0x000000061e400000| Untracked 
| 122|0x000000061e800000, 0x000000061e800000, 0x000000061ec00000|  0%| F|  |TAMS 0x000000061e800000| PB 0x000000061e800000| Untracked 
| 123|0x000000061ec00000, 0x000000061ec00000, 0x000000061f000000|  0%| F|  |TAMS 0x000000061ec00000| PB 0x000000061ec00000| Untracked 
| 124|0x000000061f000000, 0x000000061f000000, 0x000000061f400000|  0%| F|  |TAMS 0x000000061f000000| PB 0x000000061f000000| Untracked 
| 125|0x000000061f400000, 0x000000061f400000, 0x000000061f800000|  0%| F|  |TAMS 0x000000061f400000| PB 0x000000061f400000| Untracked 
| 126|0x000000061f800000, 0x000000061f800000, 0x000000061fc00000|  0%| F|  |TAMS 0x000000061f800000| PB 0x000000061f800000| Untracked 
| 127|0x000000061fc00000, 0x000000061fc00000, 0x0000000620000000|  0%| F|  |TAMS 0x000000061fc00000| PB 0x000000061fc00000| Untracked 
| 128|0x0000000620000000, 0x0000000620000000, 0x0000000620400000|  0%| F|  |TAMS 0x0000000620000000| PB 0x0000000620000000| Untracked 
| 129|0x0000000620400000, 0x0000000620400000, 0x0000000620800000|  0%| F|  |TAMS 0x0000000620400000| PB 0x0000000620400000| Untracked 
| 130|0x0000000620800000, 0x0000000620800000, 0x0000000620c00000|  0%| F|  |TAMS 0x0000000620800000| PB 0x0000000620800000| Untracked 
| 131|0x0000000620c00000, 0x0000000620c00000, 0x0000000621000000|  0%| F|  |TAMS 0x0000000620c00000| PB 0x0000000620c00000| Untracked 
| 132|0x0000000621000000, 0x0000000621000000, 0x0000000621400000|  0%| F|  |TAMS 0x0000000621000000| PB 0x0000000621000000| Untracked 
| 133|0x0000000621400000, 0x0000000621400000, 0x0000000621800000|  0%| F|  |TAMS 0x0000000621400000| PB 0x0000000621400000| Untracked 
| 134|0x0000000621800000, 0x0000000621800000, 0x0000000621c00000|  0%| F|  |TAMS 0x0000000621800000| PB 0x0000000621800000| Untracked 
| 135|0x0000000621c00000, 0x0000000621c00000, 0x0000000622000000|  0%| F|  |TAMS 0x0000000621c00000| PB 0x0000000621c00000| Untracked 
| 136|0x0000000622000000, 0x0000000622000000, 0x0000000622400000|  0%| F|  |TAMS 0x0000000622000000| PB 0x0000000622000000| Untracked 
| 137|0x0000000622400000, 0x0000000622400000, 0x0000000622800000|  0%| F|  |TAMS 0x0000000622400000| PB 0x0000000622400000| Untracked 
| 138|0x0000000622800000, 0x0000000622800000, 0x0000000622c00000|  0%| F|  |TAMS 0x0000000622800000| PB 0x0000000622800000| Untracked 
| 139|0x0000000622c00000, 0x0000000622c00000, 0x0000000623000000|  0%| F|  |TAMS 0x0000000622c00000| PB 0x0000000622c00000| Untracked 
| 140|0x0000000623000000, 0x0000000623000000, 0x0000000623400000|  0%| F|  |TAMS 0x0000000623000000| PB 0x0000000623000000| Untracked 
| 141|0x0000000623400000, 0x0000000623400000, 0x0000000623800000|  0%| F|  |TAMS 0x0000000623400000| PB 0x0000000623400000| Untracked 
| 142|0x0000000623800000, 0x0000000623800000, 0x0000000623c00000|  0%| F|  |TAMS 0x0000000623800000| PB 0x0000000623800000| Untracked 
| 143|0x0000000623c00000, 0x0000000623c00000, 0x0000000624000000|  0%| F|  |TAMS 0x0000000623c00000| PB 0x0000000623c00000| Untracked 
| 144|0x0000000624000000, 0x0000000624000000, 0x0000000624400000|  0%| F|  |TAMS 0x0000000624000000| PB 0x0000000624000000| Untracked 
| 145|0x0000000624400000, 0x0000000624400000, 0x0000000624800000|  0%| F|  |TAMS 0x0000000624400000| PB 0x0000000624400000| Untracked 
| 146|0x0000000624800000, 0x0000000624800000, 0x0000000624c00000|  0%| F|  |TAMS 0x0000000624800000| PB 0x0000000624800000| Untracked 
| 147|0x0000000624c00000, 0x0000000624c00000, 0x0000000625000000|  0%| F|  |TAMS 0x0000000624c00000| PB 0x0000000624c00000| Untracked 
| 148|0x0000000625000000, 0x0000000625000000, 0x0000000625400000|  0%| F|  |TAMS 0x0000000625000000| PB 0x0000000625000000| Untracked 
| 149|0x0000000625400000, 0x0000000625400000, 0x0000000625800000|  0%| F|  |TAMS 0x0000000625400000| PB 0x0000000625400000| Untracked 
| 150|0x0000000625800000, 0x0000000625800000, 0x0000000625c00000|  0%| F|  |TAMS 0x0000000625800000| PB 0x0000000625800000| Untracked 
| 151|0x0000000625c00000, 0x0000000625c00000, 0x0000000626000000|  0%| F|  |TAMS 0x0000000625c00000| PB 0x0000000625c00000| Untracked 
| 152|0x0000000626000000, 0x0000000626000000, 0x0000000626400000|  0%| F|  |TAMS 0x0000000626000000| PB 0x0000000626000000| Untracked 
| 153|0x0000000626400000, 0x0000000626400000, 0x0000000626800000|  0%| F|  |TAMS 0x0000000626400000| PB 0x0000000626400000| Untracked 
| 154|0x0000000626800000, 0x0000000626800000, 0x0000000626c00000|  0%| F|  |TAMS 0x0000000626800000| PB 0x0000000626800000| Untracked 
| 155|0x0000000626c00000, 0x0000000626c00000, 0x0000000627000000|  0%| F|  |TAMS 0x0000000626c00000| PB 0x0000000626c00000| Untracked 
| 156|0x0000000627000000, 0x0000000627000000, 0x0000000627400000|  0%| F|  |TAMS 0x0000000627000000| PB 0x0000000627000000| Untracked 
| 157|0x0000000627400000, 0x0000000627400000, 0x0000000627800000|  0%| F|  |TAMS 0x0000000627400000| PB 0x0000000627400000| Untracked 
| 158|0x0000000627800000, 0x0000000627800000, 0x0000000627c00000|  0%| F|  |TAMS 0x0000000627800000| PB 0x0000000627800000| Untracked 
| 159|0x0000000627c00000, 0x0000000627c00000, 0x0000000628000000|  0%| F|  |TAMS 0x0000000627c00000| PB 0x0000000627c00000| Untracked 
| 160|0x0000000628000000, 0x0000000628000000, 0x0000000628400000|  0%| F|  |TAMS 0x0000000628000000| PB 0x0000000628000000| Untracked 
| 161|0x0000000628400000, 0x0000000628400000, 0x0000000628800000|  0%| F|  |TAMS 0x0000000628400000| PB 0x0000000628400000| Untracked 
| 162|0x0000000628800000, 0x0000000628800000, 0x0000000628c00000|  0%| F|  |TAMS 0x0000000628800000| PB 0x0000000628800000| Untracked 
| 163|0x0000000628c00000, 0x0000000628c00000, 0x0000000629000000|  0%| F|  |TAMS 0x0000000628c00000| PB 0x0000000628c00000| Untracked 
| 164|0x0000000629000000, 0x0000000629000000, 0x0000000629400000|  0%| F|  |TAMS 0x0000000629000000| PB 0x0000000629000000| Untracked 
| 165|0x0000000629400000, 0x0000000629400000, 0x0000000629800000|  0%| F|  |TAMS 0x0000000629400000| PB 0x0000000629400000| Untracked 
| 166|0x0000000629800000, 0x0000000629800000, 0x0000000629c00000|  0%| F|  |TAMS 0x0000000629800000| PB 0x0000000629800000| Untracked 
| 167|0x0000000629c00000, 0x0000000629c00000, 0x000000062a000000|  0%| F|  |TAMS 0x0000000629c00000| PB 0x0000000629c00000| Untracked 
| 168|0x000000062a000000, 0x000000062a000000, 0x000000062a400000|  0%| F|  |TAMS 0x000000062a000000| PB 0x000000062a000000| Untracked 
| 169|0x000000062a400000, 0x000000062a400000, 0x000000062a800000|  0%| F|  |TAMS 0x000000062a400000| PB 0x000000062a400000| Untracked 
| 170|0x000000062a800000, 0x000000062a800000, 0x000000062ac00000|  0%| F|  |TAMS 0x000000062a800000| PB 0x000000062a800000| Untracked 
| 171|0x000000062ac00000, 0x000000062ac00000, 0x000000062b000000|  0%| F|  |TAMS 0x000000062ac00000| PB 0x000000062ac00000| Untracked 
| 172|0x000000062b000000, 0x000000062b000000, 0x000000062b400000|  0%| F|  |TAMS 0x000000062b000000| PB 0x000000062b000000| Untracked 
| 173|0x000000062b400000, 0x000000062b400000, 0x000000062b800000|  0%| F|  |TAMS 0x000000062b400000| PB 0x000000062b400000| Untracked 
| 174|0x000000062b800000, 0x000000062b800000, 0x000000062bc00000|  0%| F|  |TAMS 0x000000062b800000| PB 0x000000062b800000| Untracked 
| 175|0x000000062bc00000, 0x000000062bc00000, 0x000000062c000000|  0%| F|  |TAMS 0x000000062bc00000| PB 0x000000062bc00000| Untracked 
| 176|0x000000062c000000, 0x000000062c000000, 0x000000062c400000|  0%| F|  |TAMS 0x000000062c000000| PB 0x000000062c000000| Untracked 
| 177|0x000000062c400000, 0x000000062c400000, 0x000000062c800000|  0%| F|  |TAMS 0x000000062c400000| PB 0x000000062c400000| Untracked 
| 178|0x000000062c800000, 0x000000062c800000, 0x000000062cc00000|  0%| F|  |TAMS 0x000000062c800000| PB 0x000000062c800000| Untracked 
| 179|0x000000062cc00000, 0x000000062cc00000, 0x000000062d000000|  0%| F|  |TAMS 0x000000062cc00000| PB 0x000000062cc00000| Untracked 
| 180|0x000000062d000000, 0x000000062d000000, 0x000000062d400000|  0%| F|  |TAMS 0x000000062d000000| PB 0x000000062d000000| Untracked 
| 181|0x000000062d400000, 0x000000062d400000, 0x000000062d800000|  0%| F|  |TAMS 0x000000062d400000| PB 0x000000062d400000| Untracked 
| 182|0x000000062d800000, 0x000000062d800000, 0x000000062dc00000|  0%| F|  |TAMS 0x000000062d800000| PB 0x000000062d800000| Untracked 
| 183|0x000000062dc00000, 0x000000062dc00000, 0x000000062e000000|  0%| F|  |TAMS 0x000000062dc00000| PB 0x000000062dc00000| Untracked 
| 184|0x000000062e000000, 0x000000062e000000, 0x000000062e400000|  0%| F|  |TAMS 0x000000062e000000| PB 0x000000062e000000| Untracked 
| 185|0x000000062e400000, 0x000000062e400000, 0x000000062e800000|  0%| F|  |TAMS 0x000000062e400000| PB 0x000000062e400000| Untracked 
| 186|0x000000062e800000, 0x000000062e800000, 0x000000062ec00000|  0%| F|  |TAMS 0x000000062e800000| PB 0x000000062e800000| Untracked 
| 187|0x000000062ec00000, 0x000000062ec00000, 0x000000062f000000|  0%| F|  |TAMS 0x000000062ec00000| PB 0x000000062ec00000| Untracked 
| 188|0x000000062f000000, 0x000000062f000000, 0x000000062f400000|  0%| F|  |TAMS 0x000000062f000000| PB 0x000000062f000000| Untracked 
| 189|0x000000062f400000, 0x000000062f400000, 0x000000062f800000|  0%| F|  |TAMS 0x000000062f400000| PB 0x000000062f400000| Untracked 
| 190|0x000000062f800000, 0x000000062f800000, 0x000000062fc00000|  0%| F|  |TAMS 0x000000062f800000| PB 0x000000062f800000| Untracked 
| 191|0x000000062fc00000, 0x000000062fc00000, 0x0000000630000000|  0%| F|  |TAMS 0x000000062fc00000| PB 0x000000062fc00000| Untracked 
| 192|0x0000000630000000, 0x0000000630000000, 0x0000000630400000|  0%| F|  |TAMS 0x0000000630000000| PB 0x0000000630000000| Untracked 
| 193|0x0000000630400000, 0x0000000630400000, 0x0000000630800000|  0%| F|  |TAMS 0x0000000630400000| PB 0x0000000630400000| Untracked 
| 194|0x0000000630800000, 0x0000000630800000, 0x0000000630c00000|  0%| F|  |TAMS 0x0000000630800000| PB 0x0000000630800000| Untracked 
| 195|0x0000000630c00000, 0x0000000630c00000, 0x0000000631000000|  0%| F|  |TAMS 0x0000000630c00000| PB 0x0000000630c00000| Untracked 
| 196|0x0000000631000000, 0x0000000631000000, 0x0000000631400000|  0%| F|  |TAMS 0x0000000631000000| PB 0x0000000631000000| Untracked 
| 197|0x0000000631400000, 0x0000000631400000, 0x0000000631800000|  0%| F|  |TAMS 0x0000000631400000| PB 0x0000000631400000| Untracked 
| 198|0x0000000631800000, 0x0000000631800000, 0x0000000631c00000|  0%| F|  |TAMS 0x0000000631800000| PB 0x0000000631800000| Untracked 
| 199|0x0000000631c00000, 0x0000000631c00000, 0x0000000632000000|  0%| F|  |TAMS 0x0000000631c00000| PB 0x0000000631c00000| Untracked 
| 200|0x0000000632000000, 0x0000000632000000, 0x0000000632400000|  0%| F|  |TAMS 0x0000000632000000| PB 0x0000000632000000| Untracked 
| 201|0x0000000632400000, 0x0000000632400000, 0x0000000632800000|  0%| F|  |TAMS 0x0000000632400000| PB 0x0000000632400000| Untracked 
| 202|0x0000000632800000, 0x0000000632800000, 0x0000000632c00000|  0%| F|  |TAMS 0x0000000632800000| PB 0x0000000632800000| Untracked 
| 203|0x0000000632c00000, 0x0000000632c00000, 0x0000000633000000|  0%| F|  |TAMS 0x0000000632c00000| PB 0x0000000632c00000| Untracked 
| 204|0x0000000633000000, 0x0000000633000000, 0x0000000633400000|  0%| F|  |TAMS 0x0000000633000000| PB 0x0000000633000000| Untracked 
| 205|0x0000000633400000, 0x0000000633400000, 0x0000000633800000|  0%| F|  |TAMS 0x0000000633400000| PB 0x0000000633400000| Untracked 
| 206|0x0000000633800000, 0x0000000633800000, 0x0000000633c00000|  0%| F|  |TAMS 0x0000000633800000| PB 0x0000000633800000| Untracked 
| 207|0x0000000633c00000, 0x0000000633c00000, 0x0000000634000000|  0%| F|  |TAMS 0x0000000633c00000| PB 0x0000000633c00000| Untracked 
| 208|0x0000000634000000, 0x0000000634000000, 0x0000000634400000|  0%| F|  |TAMS 0x0000000634000000| PB 0x0000000634000000| Untracked 
| 209|0x0000000634400000, 0x0000000634400000, 0x0000000634800000|  0%| F|  |TAMS 0x0000000634400000| PB 0x0000000634400000| Untracked 
| 210|0x0000000634800000, 0x0000000634800000, 0x0000000634c00000|  0%| F|  |TAMS 0x0000000634800000| PB 0x0000000634800000| Untracked 
| 211|0x0000000634c00000, 0x0000000634c00000, 0x0000000635000000|  0%| F|  |TAMS 0x0000000634c00000| PB 0x0000000634c00000| Untracked 
| 212|0x0000000635000000, 0x0000000635000000, 0x0000000635400000|  0%| F|  |TAMS 0x0000000635000000| PB 0x0000000635000000| Untracked 
| 213|0x0000000635400000, 0x0000000635400000, 0x0000000635800000|  0%| F|  |TAMS 0x0000000635400000| PB 0x0000000635400000| Untracked 
| 214|0x0000000635800000, 0x0000000635800000, 0x0000000635c00000|  0%| F|  |TAMS 0x0000000635800000| PB 0x0000000635800000| Untracked 
| 215|0x0000000635c00000, 0x0000000635c00000, 0x0000000636000000|  0%| F|  |TAMS 0x0000000635c00000| PB 0x0000000635c00000| Untracked 
| 216|0x0000000636000000, 0x0000000636000000, 0x0000000636400000|  0%| F|  |TAMS 0x0000000636000000| PB 0x0000000636000000| Untracked 
| 217|0x0000000636400000, 0x0000000636400000, 0x0000000636800000|  0%| F|  |TAMS 0x0000000636400000| PB 0x0000000636400000| Untracked 
| 218|0x0000000636800000, 0x0000000636800000, 0x0000000636c00000|  0%| F|  |TAMS 0x0000000636800000| PB 0x0000000636800000| Untracked 
| 219|0x0000000636c00000, 0x0000000636c00000, 0x0000000637000000|  0%| F|  |TAMS 0x0000000636c00000| PB 0x0000000636c00000| Untracked 
| 220|0x0000000637000000, 0x0000000637000000, 0x0000000637400000|  0%| F|  |TAMS 0x0000000637000000| PB 0x0000000637000000| Untracked 
| 221|0x0000000637400000, 0x0000000637400000, 0x0000000637800000|  0%| F|  |TAMS 0x0000000637400000| PB 0x0000000637400000| Untracked 
| 222|0x0000000637800000, 0x0000000637800000, 0x0000000637c00000|  0%| F|  |TAMS 0x0000000637800000| PB 0x0000000637800000| Untracked 
| 223|0x0000000637c00000, 0x0000000637c00000, 0x0000000638000000|  0%| F|  |TAMS 0x0000000637c00000| PB 0x0000000637c00000| Untracked 
| 224|0x0000000638000000, 0x0000000638000000, 0x0000000638400000|  0%| F|  |TAMS 0x0000000638000000| PB 0x0000000638000000| Untracked 
| 225|0x0000000638400000, 0x0000000638400000, 0x0000000638800000|  0%| F|  |TAMS 0x0000000638400000| PB 0x0000000638400000| Untracked 
| 226|0x0000000638800000, 0x0000000638800000, 0x0000000638c00000|  0%| F|  |TAMS 0x0000000638800000| PB 0x0000000638800000| Untracked 
| 227|0x0000000638c00000, 0x0000000638c00000, 0x0000000639000000|  0%| F|  |TAMS 0x0000000638c00000| PB 0x0000000638c00000| Untracked 
| 228|0x0000000639000000, 0x0000000639000000, 0x0000000639400000|  0%| F|  |TAMS 0x0000000639000000| PB 0x0000000639000000| Untracked 
| 229|0x0000000639400000, 0x0000000639400000, 0x0000000639800000|  0%| F|  |TAMS 0x0000000639400000| PB 0x0000000639400000| Untracked 
| 230|0x0000000639800000, 0x0000000639800000, 0x0000000639c00000|  0%| F|  |TAMS 0x0000000639800000| PB 0x0000000639800000| Untracked 
| 231|0x0000000639c00000, 0x0000000639c00000, 0x000000063a000000|  0%| F|  |TAMS 0x0000000639c00000| PB 0x0000000639c00000| Untracked 
| 232|0x000000063a000000, 0x000000063a000000, 0x000000063a400000|  0%| F|  |TAMS 0x000000063a000000| PB 0x000000063a000000| Untracked 
| 233|0x000000063a400000, 0x000000063a400000, 0x000000063a800000|  0%| F|  |TAMS 0x000000063a400000| PB 0x000000063a400000| Untracked 
| 234|0x000000063a800000, 0x000000063a800000, 0x000000063ac00000|  0%| F|  |TAMS 0x000000063a800000| PB 0x000000063a800000| Untracked 
| 235|0x000000063ac00000, 0x000000063ac00000, 0x000000063b000000|  0%| F|  |TAMS 0x000000063ac00000| PB 0x000000063ac00000| Untracked 
| 236|0x000000063b000000, 0x000000063b000000, 0x000000063b400000|  0%| F|  |TAMS 0x000000063b000000| PB 0x000000063b000000| Untracked 
| 237|0x000000063b400000, 0x000000063b400000, 0x000000063b800000|  0%| F|  |TAMS 0x000000063b400000| PB 0x000000063b400000| Untracked 
| 238|0x000000063b800000, 0x000000063b800000, 0x000000063bc00000|  0%| F|  |TAMS 0x000000063b800000| PB 0x000000063b800000| Untracked 
| 239|0x000000063bc00000, 0x000000063bc00000, 0x000000063c000000|  0%| F|  |TAMS 0x000000063bc00000| PB 0x000000063bc00000| Untracked 
| 240|0x000000063c000000, 0x000000063c000000, 0x000000063c400000|  0%| F|  |TAMS 0x000000063c000000| PB 0x000000063c000000| Untracked 
| 241|0x000000063c400000, 0x000000063c400000, 0x000000063c800000|  0%| F|  |TAMS 0x000000063c400000| PB 0x000000063c400000| Untracked 
| 242|0x000000063c800000, 0x000000063c800000, 0x000000063cc00000|  0%| F|  |TAMS 0x000000063c800000| PB 0x000000063c800000| Untracked 
| 243|0x000000063cc00000, 0x000000063cc00000, 0x000000063d000000|  0%| F|  |TAMS 0x000000063cc00000| PB 0x000000063cc00000| Untracked 
| 244|0x000000063d000000, 0x000000063d000000, 0x000000063d400000|  0%| F|  |TAMS 0x000000063d000000| PB 0x000000063d000000| Untracked 
| 245|0x000000063d400000, 0x000000063d400000, 0x000000063d800000|  0%| F|  |TAMS 0x000000063d400000| PB 0x000000063d400000| Untracked 
| 246|0x000000063d800000, 0x000000063d800000, 0x000000063dc00000|  0%| F|  |TAMS 0x000000063d800000| PB 0x000000063d800000| Untracked 
| 247|0x000000063dc00000, 0x000000063dc00000, 0x000000063e000000|  0%| F|  |TAMS 0x000000063dc00000| PB 0x000000063dc00000| Untracked 
| 248|0x000000063e000000, 0x000000063e000000, 0x000000063e400000|  0%| F|  |TAMS 0x000000063e000000| PB 0x000000063e000000| Untracked 
| 249|0x000000063e400000, 0x000000063e400000, 0x000000063e800000|  0%| F|  |TAMS 0x000000063e400000| PB 0x000000063e400000| Untracked 
| 250|0x000000063e800000, 0x000000063e800000, 0x000000063ec00000|  0%| F|  |TAMS 0x000000063e800000| PB 0x000000063e800000| Untracked 
| 251|0x000000063ec00000, 0x000000063ec00000, 0x000000063f000000|  0%| F|  |TAMS 0x000000063ec00000| PB 0x000000063ec00000| Untracked 
| 252|0x000000063f000000, 0x000000063f000000, 0x000000063f400000|  0%| F|  |TAMS 0x000000063f000000| PB 0x000000063f000000| Untracked 
| 253|0x000000063f400000, 0x000000063f400000, 0x000000063f800000|  0%| F|  |TAMS 0x000000063f400000| PB 0x000000063f400000| Untracked 
| 254|0x000000063f800000, 0x000000063f800000, 0x000000063fc00000|  0%| F|  |TAMS 0x000000063f800000| PB 0x000000063f800000| Untracked 
| 255|0x000000063fc00000, 0x000000063fc00000, 0x0000000640000000|  0%| F|  |TAMS 0x000000063fc00000| PB 0x000000063fc00000| Untracked 
| 256|0x0000000640000000, 0x0000000640000000, 0x0000000640400000|  0%| F|  |TAMS 0x0000000640000000| PB 0x0000000640000000| Untracked 
| 257|0x0000000640400000, 0x0000000640400000, 0x0000000640800000|  0%| F|  |TAMS 0x0000000640400000| PB 0x0000000640400000| Untracked 
| 258|0x0000000640800000, 0x0000000640800000, 0x0000000640c00000|  0%| F|  |TAMS 0x0000000640800000| PB 0x0000000640800000| Untracked 
| 259|0x0000000640c00000, 0x0000000640c00000, 0x0000000641000000|  0%| F|  |TAMS 0x0000000640c00000| PB 0x0000000640c00000| Untracked 
| 260|0x0000000641000000, 0x0000000641000000, 0x0000000641400000|  0%| F|  |TAMS 0x0000000641000000| PB 0x0000000641000000| Untracked 
| 261|0x0000000641400000, 0x0000000641400000, 0x0000000641800000|  0%| F|  |TAMS 0x0000000641400000| PB 0x0000000641400000| Untracked 
| 262|0x0000000641800000, 0x0000000641800000, 0x0000000641c00000|  0%| F|  |TAMS 0x0000000641800000| PB 0x0000000641800000| Untracked 
| 263|0x0000000641c00000, 0x0000000641c00000, 0x0000000642000000|  0%| F|  |TAMS 0x0000000641c00000| PB 0x0000000641c00000| Untracked 
| 264|0x0000000642000000, 0x0000000642000000, 0x0000000642400000|  0%| F|  |TAMS 0x0000000642000000| PB 0x0000000642000000| Untracked 
| 265|0x0000000642400000, 0x0000000642400000, 0x0000000642800000|  0%| F|  |TAMS 0x0000000642400000| PB 0x0000000642400000| Untracked 
| 266|0x0000000642800000, 0x0000000642800000, 0x0000000642c00000|  0%| F|  |TAMS 0x0000000642800000| PB 0x0000000642800000| Untracked 
| 267|0x0000000642c00000, 0x0000000642c00000, 0x0000000643000000|  0%| F|  |TAMS 0x0000000642c00000| PB 0x0000000642c00000| Untracked 
| 268|0x0000000643000000, 0x0000000643000000, 0x0000000643400000|  0%| F|  |TAMS 0x0000000643000000| PB 0x0000000643000000| Untracked 
| 269|0x0000000643400000, 0x0000000643400000, 0x0000000643800000|  0%| F|  |TAMS 0x0000000643400000| PB 0x0000000643400000| Untracked 
| 270|0x0000000643800000, 0x0000000643800000, 0x0000000643c00000|  0%| F|  |TAMS 0x0000000643800000| PB 0x0000000643800000| Untracked 
| 271|0x0000000643c00000, 0x0000000643c00000, 0x0000000644000000|  0%| F|  |TAMS 0x0000000643c00000| PB 0x0000000643c00000| Untracked 
| 272|0x0000000644000000, 0x0000000644000000, 0x0000000644400000|  0%| F|  |TAMS 0x0000000644000000| PB 0x0000000644000000| Untracked 
| 273|0x0000000644400000, 0x0000000644400000, 0x0000000644800000|  0%| F|  |TAMS 0x0000000644400000| PB 0x0000000644400000| Untracked 
| 274|0x0000000644800000, 0x0000000644800000, 0x0000000644c00000|  0%| F|  |TAMS 0x0000000644800000| PB 0x0000000644800000| Untracked 
| 275|0x0000000644c00000, 0x0000000644c00000, 0x0000000645000000|  0%| F|  |TAMS 0x0000000644c00000| PB 0x0000000644c00000| Untracked 
| 276|0x0000000645000000, 0x0000000645000000, 0x0000000645400000|  0%| F|  |TAMS 0x0000000645000000| PB 0x0000000645000000| Untracked 
| 277|0x0000000645400000, 0x0000000645400000, 0x0000000645800000|  0%| F|  |TAMS 0x0000000645400000| PB 0x0000000645400000| Untracked 
| 278|0x0000000645800000, 0x0000000645800000, 0x0000000645c00000|  0%| F|  |TAMS 0x0000000645800000| PB 0x0000000645800000| Untracked 
| 279|0x0000000645c00000, 0x0000000645c00000, 0x0000000646000000|  0%| F|  |TAMS 0x0000000645c00000| PB 0x0000000645c00000| Untracked 
| 280|0x0000000646000000, 0x0000000646000000, 0x0000000646400000|  0%| F|  |TAMS 0x0000000646000000| PB 0x0000000646000000| Untracked 
| 281|0x0000000646400000, 0x0000000646400000, 0x0000000646800000|  0%| F|  |TAMS 0x0000000646400000| PB 0x0000000646400000| Untracked 
| 282|0x0000000646800000, 0x0000000646800000, 0x0000000646c00000|  0%| F|  |TAMS 0x0000000646800000| PB 0x0000000646800000| Untracked 
| 283|0x0000000646c00000, 0x0000000646c00000, 0x0000000647000000|  0%| F|  |TAMS 0x0000000646c00000| PB 0x0000000646c00000| Untracked 
| 284|0x0000000647000000, 0x0000000647000000, 0x0000000647400000|  0%| F|  |TAMS 0x0000000647000000| PB 0x0000000647000000| Untracked 
| 285|0x0000000647400000, 0x0000000647400000, 0x0000000647800000|  0%| F|  |TAMS 0x0000000647400000| PB 0x0000000647400000| Untracked 
| 286|0x0000000647800000, 0x0000000647800000, 0x0000000647c00000|  0%| F|  |TAMS 0x0000000647800000| PB 0x0000000647800000| Untracked 
| 287|0x0000000647c00000, 0x0000000647c00000, 0x0000000648000000|  0%| F|  |TAMS 0x0000000647c00000| PB 0x0000000647c00000| Untracked 
| 288|0x0000000648000000, 0x0000000648000000, 0x0000000648400000|  0%| F|  |TAMS 0x0000000648000000| PB 0x0000000648000000| Untracked 
| 289|0x0000000648400000, 0x0000000648400000, 0x0000000648800000|  0%| F|  |TAMS 0x0000000648400000| PB 0x0000000648400000| Untracked 
| 290|0x0000000648800000, 0x0000000648800000, 0x0000000648c00000|  0%| F|  |TAMS 0x0000000648800000| PB 0x0000000648800000| Untracked 
| 291|0x0000000648c00000, 0x0000000648c00000, 0x0000000649000000|  0%| F|  |TAMS 0x0000000648c00000| PB 0x0000000648c00000| Untracked 
| 292|0x0000000649000000, 0x0000000649000000, 0x0000000649400000|  0%| F|  |TAMS 0x0000000649000000| PB 0x0000000649000000| Untracked 
| 293|0x0000000649400000, 0x0000000649400000, 0x0000000649800000|  0%| F|  |TAMS 0x0000000649400000| PB 0x0000000649400000| Untracked 
| 294|0x0000000649800000, 0x0000000649800000, 0x0000000649c00000|  0%| F|  |TAMS 0x0000000649800000| PB 0x0000000649800000| Untracked 
| 295|0x0000000649c00000, 0x0000000649c00000, 0x000000064a000000|  0%| F|  |TAMS 0x0000000649c00000| PB 0x0000000649c00000| Untracked 
| 296|0x000000064a000000, 0x000000064a000000, 0x000000064a400000|  0%| F|  |TAMS 0x000000064a000000| PB 0x000000064a000000| Untracked 
| 297|0x000000064a400000, 0x000000064a400000, 0x000000064a800000|  0%| F|  |TAMS 0x000000064a400000| PB 0x000000064a400000| Untracked 
| 298|0x000000064a800000, 0x000000064a800000, 0x000000064ac00000|  0%| F|  |TAMS 0x000000064a800000| PB 0x000000064a800000| Untracked 
| 299|0x000000064ac00000, 0x000000064ac00000, 0x000000064b000000|  0%| F|  |TAMS 0x000000064ac00000| PB 0x000000064ac00000| Untracked 
| 300|0x000000064b000000, 0x000000064b000000, 0x000000064b400000|  0%| F|  |TAMS 0x000000064b000000| PB 0x000000064b000000| Untracked 
| 301|0x000000064b400000, 0x000000064b400000, 0x000000064b800000|  0%| F|  |TAMS 0x000000064b400000| PB 0x000000064b400000| Untracked 
| 302|0x000000064b800000, 0x000000064b800000, 0x000000064bc00000|  0%| F|  |TAMS 0x000000064b800000| PB 0x000000064b800000| Untracked 
| 303|0x000000064bc00000, 0x000000064bc00000, 0x000000064c000000|  0%| F|  |TAMS 0x000000064bc00000| PB 0x000000064bc00000| Untracked 
| 304|0x000000064c000000, 0x000000064c000000, 0x000000064c400000|  0%| F|  |TAMS 0x000000064c000000| PB 0x000000064c000000| Untracked 
| 305|0x000000064c400000, 0x000000064c400000, 0x000000064c800000|  0%| F|  |TAMS 0x000000064c400000| PB 0x000000064c400000| Untracked 
| 306|0x000000064c800000, 0x000000064c800000, 0x000000064cc00000|  0%| F|  |TAMS 0x000000064c800000| PB 0x000000064c800000| Untracked 
| 307|0x000000064cc00000, 0x000000064cc00000, 0x000000064d000000|  0%| F|  |TAMS 0x000000064cc00000| PB 0x000000064cc00000| Untracked 
| 308|0x000000064d000000, 0x000000064d000000, 0x000000064d400000|  0%| F|  |TAMS 0x000000064d000000| PB 0x000000064d000000| Untracked 
| 309|0x000000064d400000, 0x000000064d400000, 0x000000064d800000|  0%| F|  |TAMS 0x000000064d400000| PB 0x000000064d400000| Untracked 
| 310|0x000000064d800000, 0x000000064d800000, 0x000000064dc00000|  0%| F|  |TAMS 0x000000064d800000| PB 0x000000064d800000| Untracked 
| 311|0x000000064dc00000, 0x000000064dc00000, 0x000000064e000000|  0%| F|  |TAMS 0x000000064dc00000| PB 0x000000064dc00000| Untracked 
| 312|0x000000064e000000, 0x000000064e000000, 0x000000064e400000|  0%| F|  |TAMS 0x000000064e000000| PB 0x000000064e000000| Untracked 
| 313|0x000000064e400000, 0x000000064e400000, 0x000000064e800000|  0%| F|  |TAMS 0x000000064e400000| PB 0x000000064e400000| Untracked 
| 314|0x000000064e800000, 0x000000064e800000, 0x000000064ec00000|  0%| F|  |TAMS 0x000000064e800000| PB 0x000000064e800000| Untracked 
| 315|0x000000064ec00000, 0x000000064ec00000, 0x000000064f000000|  0%| F|  |TAMS 0x000000064ec00000| PB 0x000000064ec00000| Untracked 
| 316|0x000000064f000000, 0x000000064f000000, 0x000000064f400000|  0%| F|  |TAMS 0x000000064f000000| PB 0x000000064f000000| Untracked 
| 317|0x000000064f400000, 0x000000064f400000, 0x000000064f800000|  0%| F|  |TAMS 0x000000064f400000| PB 0x000000064f400000| Untracked 
| 318|0x000000064f800000, 0x000000064f800000, 0x000000064fc00000|  0%| F|  |TAMS 0x000000064f800000| PB 0x000000064f800000| Untracked 
| 319|0x000000064fc00000, 0x000000064fc00000, 0x0000000650000000|  0%| F|  |TAMS 0x000000064fc00000| PB 0x000000064fc00000| Untracked 
| 320|0x0000000650000000, 0x0000000650000000, 0x0000000650400000|  0%| F|  |TAMS 0x0000000650000000| PB 0x0000000650000000| Untracked 
| 321|0x0000000650400000, 0x0000000650400000, 0x0000000650800000|  0%| F|  |TAMS 0x0000000650400000| PB 0x0000000650400000| Untracked 
| 322|0x0000000650800000, 0x0000000650800000, 0x0000000650c00000|  0%| F|  |TAMS 0x0000000650800000| PB 0x0000000650800000| Untracked 
| 323|0x0000000650c00000, 0x0000000650c00000, 0x0000000651000000|  0%| F|  |TAMS 0x0000000650c00000| PB 0x0000000650c00000| Untracked 
| 324|0x0000000651000000, 0x0000000651000000, 0x0000000651400000|  0%| F|  |TAMS 0x0000000651000000| PB 0x0000000651000000| Untracked 
| 325|0x0000000651400000, 0x0000000651400000, 0x0000000651800000|  0%| F|  |TAMS 0x0000000651400000| PB 0x0000000651400000| Untracked 
| 326|0x0000000651800000, 0x0000000651800000, 0x0000000651c00000|  0%| F|  |TAMS 0x0000000651800000| PB 0x0000000651800000| Untracked 
| 327|0x0000000651c00000, 0x0000000651c00000, 0x0000000652000000|  0%| F|  |TAMS 0x0000000651c00000| PB 0x0000000651c00000| Untracked 
| 328|0x0000000652000000, 0x0000000652000000, 0x0000000652400000|  0%| F|  |TAMS 0x0000000652000000| PB 0x0000000652000000| Untracked 
| 329|0x0000000652400000, 0x0000000652400000, 0x0000000652800000|  0%| F|  |TAMS 0x0000000652400000| PB 0x0000000652400000| Untracked 
| 330|0x0000000652800000, 0x0000000652800000, 0x0000000652c00000|  0%| F|  |TAMS 0x0000000652800000| PB 0x0000000652800000| Untracked 
| 331|0x0000000652c00000, 0x0000000652c00000, 0x0000000653000000|  0%| F|  |TAMS 0x0000000652c00000| PB 0x0000000652c00000| Untracked 
| 332|0x0000000653000000, 0x0000000653000000, 0x0000000653400000|  0%| F|  |TAMS 0x0000000653000000| PB 0x0000000653000000| Untracked 
| 333|0x0000000653400000, 0x0000000653400000, 0x0000000653800000|  0%| F|  |TAMS 0x0000000653400000| PB 0x0000000653400000| Untracked 
| 334|0x0000000653800000, 0x0000000653800000, 0x0000000653c00000|  0%| F|  |TAMS 0x0000000653800000| PB 0x0000000653800000| Untracked 
| 335|0x0000000653c00000, 0x0000000653c00000, 0x0000000654000000|  0%| F|  |TAMS 0x0000000653c00000| PB 0x0000000653c00000| Untracked 
| 336|0x0000000654000000, 0x0000000654000000, 0x0000000654400000|  0%| F|  |TAMS 0x0000000654000000| PB 0x0000000654000000| Untracked 
| 337|0x0000000654400000, 0x0000000654400000, 0x0000000654800000|  0%| F|  |TAMS 0x0000000654400000| PB 0x0000000654400000| Untracked 
| 338|0x0000000654800000, 0x0000000654800000, 0x0000000654c00000|  0%| F|  |TAMS 0x0000000654800000| PB 0x0000000654800000| Untracked 
| 339|0x0000000654c00000, 0x0000000654c00000, 0x0000000655000000|  0%| F|  |TAMS 0x0000000654c00000| PB 0x0000000654c00000| Untracked 
| 340|0x0000000655000000, 0x0000000655000000, 0x0000000655400000|  0%| F|  |TAMS 0x0000000655000000| PB 0x0000000655000000| Untracked 
| 341|0x0000000655400000, 0x0000000655400000, 0x0000000655800000|  0%| F|  |TAMS 0x0000000655400000| PB 0x0000000655400000| Untracked 
| 342|0x0000000655800000, 0x0000000655c00000, 0x0000000655c00000|100%| S|CS|TAMS 0x0000000655800000| PB 0x0000000655800000| Complete 
| 343|0x0000000655c00000, 0x0000000656000000, 0x0000000656000000|100%| S|CS|TAMS 0x0000000655c00000| PB 0x0000000655c00000| Complete 
| 344|0x0000000656000000, 0x0000000656400000, 0x0000000656400000|100%| S|CS|TAMS 0x0000000656000000| PB 0x0000000656000000| Complete 
| 345|0x0000000656400000, 0x0000000656400000, 0x0000000656800000|  0%| F|  |TAMS 0x0000000656400000| PB 0x0000000656400000| Untracked 
| 346|0x0000000656800000, 0x0000000656800000, 0x0000000656c00000|  0%| F|  |TAMS 0x0000000656800000| PB 0x0000000656800000| Untracked 
| 347|0x0000000656c00000, 0x0000000656c00000, 0x0000000657000000|  0%| F|  |TAMS 0x0000000656c00000| PB 0x0000000656c00000| Untracked 
| 348|0x0000000657000000, 0x0000000657000000, 0x0000000657400000|  0%| F|  |TAMS 0x0000000657000000| PB 0x0000000657000000| Untracked 
| 349|0x0000000657400000, 0x0000000657400000, 0x0000000657800000|  0%| F|  |TAMS 0x0000000657400000| PB 0x0000000657400000| Untracked 
| 350|0x0000000657800000, 0x0000000657800000, 0x0000000657c00000|  0%| F|  |TAMS 0x0000000657800000| PB 0x0000000657800000| Untracked 
| 351|0x0000000657c00000, 0x0000000657c00000, 0x0000000658000000|  0%| F|  |TAMS 0x0000000657c00000| PB 0x0000000657c00000| Untracked 
| 352|0x0000000658000000, 0x0000000658000000, 0x0000000658400000|  0%| F|  |TAMS 0x0000000658000000| PB 0x0000000658000000| Untracked 
| 353|0x0000000658400000, 0x0000000658400000, 0x0000000658800000|  0%| F|  |TAMS 0x0000000658400000| PB 0x0000000658400000| Untracked 
| 354|0x0000000658800000, 0x0000000658800000, 0x0000000658c00000|  0%| F|  |TAMS 0x0000000658800000| PB 0x0000000658800000| Untracked 
|2037|0x00000007fd400000, 0x00000007fd400000, 0x00000007fd800000|  0%| F|  |TAMS 0x00000007fd400000| PB 0x00000007fd400000| Untracked 
|2038|0x00000007fd800000, 0x00000007fd800000, 0x00000007fdc00000|  0%| F|  |TAMS 0x00000007fd800000| PB 0x00000007fd800000| Untracked 
|2039|0x00000007fdc00000, 0x00000007fdc00000, 0x00000007fe000000|  0%| F|  |TAMS 0x00000007fdc00000| PB 0x00000007fdc00000| Untracked 
|2040|0x00000007fe000000, 0x00000007fe400000, 0x00000007fe400000|100%| O|  |TAMS 0x00000007fe000000| PB 0x00000007fe000000| Untracked 
|2041|0x00000007fe400000, 0x00000007fe800000, 0x00000007fe800000|100%| O|  |TAMS 0x00000007fe400000| PB 0x00000007fe400000| Untracked 
|2042|0x00000007fe800000, 0x00000007fe800000, 0x00000007fec00000|  0%| F|  |TAMS 0x00000007fe800000| PB 0x00000007fe800000| Untracked 
|2043|0x00000007fec00000, 0x00000007fec00000, 0x00000007ff000000|  0%| F|  |TAMS 0x00000007fec00000| PB 0x00000007fec00000| Untracked 
|2044|0x00000007ff000000, 0x00000007ff000000, 0x00000007ff400000|  0%| F|  |TAMS 0x00000007ff000000| PB 0x00000007ff000000| Untracked 
|2045|0x00000007ff400000, 0x00000007ff400000, 0x00000007ff800000|  0%| F|  |TAMS 0x00000007ff400000| PB 0x00000007ff400000| Untracked 
|2046|0x00000007ff800000, 0x00000007ff800000, 0x00000007ffc00000|  0%| F|  |TAMS 0x00000007ff800000| PB 0x00000007ff800000| Untracked 
|2047|0x00000007ffc00000, 0x0000000800000000, 0x0000000800000000|100%| O|  |TAMS 0x00000007ffc00000| PB 0x00000007ffc00000| Untracked 

Card table byte_map: [0x0000022bf4f60000,0x0000022bf5f60000] _byte_map_base: 0x0000022bf1f60000

Marking Bits: (CMBitMap*) 0x0000022bf0e99c80
 Bits: [0x0000022bf5f60000, 0x0000022bfdf60000)

Polling page: 0x0000022beebc0000

Metaspace:

Usage:
  Non-class:    210.65 MB used.
      Class:     31.27 MB used.
       Both:    241.92 MB used.

Virtual space:
  Non-class space:      256.00 MB reserved,     212.12 MB ( 83%) committed,  4 nodes.
      Class space:        1.00 GB reserved,      32.62 MB (  3%) committed,  1 nodes.
             Both:        1.25 GB reserved,     244.75 MB ( 19%) committed. 

Chunk freelists:
   Non-Class:  11.14 MB
       Class:  15.42 MB
        Both:  26.56 MB

MaxMetaspaceSize: 4.00 GB
CompressedClassSpaceSize: 1.00 GB
Initial GC threshold: 21.00 MB
Current GC threshold: 261.25 MB
CDS: off
 - commit_granule_bytes: 65536.
 - commit_granule_words: 8192.
 - virtual_space_node_default_size: 8388608.
 - enlarge_chunks_in_place: 1.
 - use_allocation_guard: 0.


Internal statistics:

num_allocs_failed_limit: 6.
num_arena_births: 5412.
num_arena_deaths: 2.
num_vsnodes_births: 5.
num_vsnodes_deaths: 0.
num_space_committed: 3914.
num_space_uncommitted: 2.
num_chunks_returned_to_freelist: 22.
num_chunks_taken_from_freelist: 15655.
num_chunk_merges: 12.
num_chunk_splits: 10849.
num_chunks_enlarged: 7570.
num_inconsistent_stats: 0.

CodeHeap 'non-profiled nmethods': size=259328Kb used=23201Kb max_used=23201Kb free=236126Kb
 bounds [0x0000022b902c0000, 0x0000022b91970000, 0x0000022ba0000000]
CodeHeap 'profiled nmethods': size=259264Kb used=66531Kb max_used=66531Kb free=192732Kb
 bounds [0x0000022b80000000, 0x0000022b84100000, 0x0000022b8fd30000]
CodeHeap 'non-nmethods': size=5696Kb used=3151Kb max_used=3193Kb free=2544Kb
 bounds [0x0000022b8fd30000, 0x0000022b90050000, 0x0000022b902c0000]
CodeCache: size=524288Kb, used=92883Kb, max_used=92925Kb, free=431402Kb
 total_blobs=30392, nmethods=29010, adapters=1285, full_count=0
Compilation: enabled, stopped_count=0, restarted_count=0

Compilation events (20 events):
Event: 3305.210 Thread 0x0000022ba048e430 34074       3       org.jetbrains.kotlin.resolve.calls.inference.model.NewConstraintSystemImpl::areEqualTypeConstructors (26 bytes)
Event: 3305.211 Thread 0x0000022ba048e430 nmethod 34074 0x0000022b840ee410 code [0x0000022b840ee6c0, 0x0000022b840ef1c8]
Event: 3305.218 Thread 0x0000022ba048e430 34075       3       org.jetbrains.kotlin.resolve.calls.inference.InferenceUtilsKt$$Lambda/0x0000000802042830::invoke (19 bytes)
Event: 3305.219 Thread 0x0000022ba048e430 nmethod 34075 0x0000022b840ef610 code [0x0000022b840ef7e0, 0x0000022b840efb18]
Event: 3305.219 Thread 0x0000022ba048e430 34076       3       org.jetbrains.kotlin.fir.types.ConeTypeVariableType::getTypeArguments (7 bytes)
Event: 3305.219 Thread 0x0000022ba048e430 nmethod 34076 0x0000022b840efc10 code [0x0000022b840efdc0, 0x0000022b840eff90]
Event: 3305.224 Thread 0x0000022ba048e430 34077       1       org.jetbrains.kotlin.fir.expressions.builder.FirArrayLiteralBuilder::setConeTypeOrNull (6 bytes)
Event: 3305.224 Thread 0x0000022ba048e430 nmethod 34077 0x0000022b91967a90 code [0x0000022b91967c20, 0x0000022b91967d38]
Event: 3305.224 Thread 0x0000022ba048e430 34078       1       org.jetbrains.kotlin.fir.expressions.builder.FirArrayLiteralBuilder::getSource (5 bytes)
Event: 3305.225 Thread 0x0000022ba048e430 nmethod 34078 0x0000022b91967d90 code [0x0000022b91967f20, 0x0000022b91967ff0]
Event: 3305.225 Thread 0x0000022ba048e430 34079       1       org.jetbrains.kotlin.fir.expressions.builder.FirArrayLiteralBuilder::getConeTypeOrNull (5 bytes)
Event: 3305.225 Thread 0x0000022ba048e430 nmethod 34079 0x0000022b91968090 code [0x0000022b91968220, 0x0000022b919682f0]
Event: 3305.225 Thread 0x0000022ba048e430 34080       1       org.jetbrains.kotlin.fir.expressions.builder.FirArrayLiteralBuilder::getAnnotations (5 bytes)
Event: 3305.225 Thread 0x0000022ba048e430 nmethod 34080 0x0000022b91968390 code [0x0000022b91968520, 0x0000022b919685f0]
Event: 3305.226 Thread 0x0000022ba048e430 34081       3       org.jetbrains.kotlin.types.AbstractTypeChecker::checkSubtypeForSpecialCases (768 bytes)
Event: 3305.235 Thread 0x0000022ba048e430 nmethod 34081 0x0000022b840f0090 code [0x0000022b840f0900, 0x0000022b840f60d0]
Event: 3305.237 Thread 0x0000022ba048e430 34082       3       org.jetbrains.kotlin.resolve.calls.inference.components.ConstraintInjector$TypeCheckerStateForConstraintInjector$addNewIncorporatedConstraint$1::invoke (9 bytes)
Event: 3305.239 Thread 0x0000022ba048e430 nmethod 34082 0x0000022b840f7190 code [0x0000022b840f7400, 0x0000022b840f7db8]
Event: 3305.239 Thread 0x0000022ba048e430 34083       3       org.jetbrains.kotlin.resolve.calls.inference.model.NewConstraintSystemImpl::isNothingConstructor (18 bytes)
Event: 3305.240 Thread 0x0000022ba048e430 nmethod 34083 0x0000022b840f8110 code [0x0000022b840f8340, 0x0000022b840f89d0]

GC Heap History (20 events):
Event: 3084.882 GC heap after
{Heap after GC invocations=107 (full 0):
 garbage-first heap   total 1499136K, used 291507K [0x0000000600000000, 0x0000000800000000)
  region size 4096K, 3 young (12288K), 3 survivors (12288K)
 Metaspace       used 170850K, committed 173504K, reserved 1245184K
  class space    used 22850K, committed 24128K, reserved 1048576K
}
Event: 3101.746 GC heap before
{Heap before GC invocations=107 (full 0):
 garbage-first heap   total 1499136K, used 348851K [0x0000000600000000, 0x0000000800000000)
  region size 4096K, 18 young (73728K), 3 survivors (12288K)
 Metaspace       used 172579K, committed 175232K, reserved 1245184K
  class space    used 23091K, committed 24384K, reserved 1048576K
}
Event: 3101.989 GC heap after
{Heap after GC invocations=108 (full 0):
 garbage-first heap   total 1499136K, used 293966K [0x0000000600000000, 0x0000000800000000)
  region size 4096K, 2 young (8192K), 2 survivors (8192K)
 Metaspace       used 172579K, committed 175232K, reserved 1245184K
  class space    used 23091K, committed 24384K, reserved 1048576K
}
Event: 3121.484 GC heap before
{Heap before GC invocations=108 (full 0):
 garbage-first heap   total 1499136K, used 363598K [0x0000000600000000, 0x0000000800000000)
  region size 4096K, 18 young (73728K), 2 survivors (8192K)
 Metaspace       used 176357K, committed 179072K, reserved 1245184K
  class space    used 23369K, committed 24640K, reserved 1048576K
}
Event: 3121.858 GC heap after
{Heap after GC invocations=109 (full 0):
 garbage-first heap   total 1499136K, used 306824K [0x0000000600000000, 0x0000000800000000)
  region size 4096K, 2 young (8192K), 2 survivors (8192K)
 Metaspace       used 176357K, committed 179072K, reserved 1245184K
  class space    used 23369K, committed 24640K, reserved 1048576K
}
Event: 3144.300 GC heap before
{Heap before GC invocations=109 (full 0):
 garbage-first heap   total 1499136K, used 368264K [0x0000000600000000, 0x0000000800000000)
  region size 4096K, 18 young (73728K), 2 survivors (8192K)
 Metaspace       used 191606K, committed 194368K, reserved 1245184K
  class space    used 25038K, committed 26368K, reserved 1048576K
}
Event: 3144.449 GC heap after
{Heap after GC invocations=110 (full 0):
 garbage-first heap   total 1499136K, used 309449K [0x0000000600000000, 0x0000000800000000)
  region size 4096K, 2 young (8192K), 2 survivors (8192K)
 Metaspace       used 191606K, committed 194368K, reserved 1245184K
  class space    used 25038K, committed 26368K, reserved 1048576K
}
Event: 3151.799 GC heap before
{Heap before GC invocations=110 (full 0):
 garbage-first heap   total 1499136K, used 370889K [0x0000000600000000, 0x0000000800000000)
  region size 4096K, 18 young (73728K), 2 survivors (8192K)
 Metaspace       used 195569K, committed 198336K, reserved 1245184K
  class space    used 25480K, committed 26816K, reserved 1048576K
}
Event: 3152.432 GC heap after
{Heap after GC invocations=111 (full 0):
 garbage-first heap   total 1499136K, used 317785K [0x0000000600000000, 0x0000000800000000)
  region size 4096K, 3 young (12288K), 3 survivors (12288K)
 Metaspace       used 195569K, committed 198336K, reserved 1245184K
  class space    used 25480K, committed 26816K, reserved 1048576K
}
Event: 3166.293 GC heap before
{Heap before GC invocations=111 (full 0):
 garbage-first heap   total 1499136K, used 379225K [0x0000000600000000, 0x0000000800000000)
  region size 4096K, 18 young (73728K), 3 survivors (12288K)
 Metaspace       used 207167K, committed 209920K, reserved 1245184K
  class space    used 27259K, committed 28608K, reserved 1048576K
}
Event: 3166.620 GC heap after
{Heap after GC invocations=112 (full 0):
 garbage-first heap   total 1499136K, used 324008K [0x0000000600000000, 0x0000000800000000)
  region size 4096K, 2 young (8192K), 2 survivors (8192K)
 Metaspace       used 207167K, committed 209920K, reserved 1245184K
  class space    used 27259K, committed 28608K, reserved 1048576K
}
Event: 3201.707 GC heap before
{Heap before GC invocations=112 (full 0):
 garbage-first heap   total 1499136K, used 385448K [0x0000000600000000, 0x0000000800000000)
  region size 4096K, 18 young (73728K), 2 survivors (8192K)
 Metaspace       used 219528K, committed 222336K, reserved 1245184K
  class space    used 28724K, committed 30080K, reserved 1048576K
}
Event: 3203.381 GC heap after
{Heap after GC invocations=113 (full 0):
 garbage-first heap   total 1499136K, used 327972K [0x0000000600000000, 0x0000000800000000)
  region size 4096K, 3 young (12288K), 3 survivors (12288K)
 Metaspace       used 219528K, committed 222336K, reserved 1245184K
  class space    used 28724K, committed 30080K, reserved 1048576K
}
Event: 3242.335 GC heap before
{Heap before GC invocations=113 (full 0):
 garbage-first heap   total 1499136K, used 389412K [0x0000000600000000, 0x0000000800000000)
  region size 4096K, 18 young (73728K), 3 survivors (12288K)
 Metaspace       used 230126K, committed 232960K, reserved 1310720K
  class space    used 29908K, committed 31296K, reserved 1048576K
}
Event: 3242.489 GC heap after
{Heap after GC invocations=114 (full 0):
 garbage-first heap   total 1499136K, used 331338K [0x0000000600000000, 0x0000000800000000)
  region size 4096K, 3 young (12288K), 3 survivors (12288K)
 Metaspace       used 230126K, committed 232960K, reserved 1310720K
  class space    used 29908K, committed 31296K, reserved 1048576K
}
Event: 3258.722 GC heap before
{Heap before GC invocations=114 (full 0):
 garbage-first heap   total 1499136K, used 388682K [0x0000000600000000, 0x0000000800000000)
  region size 4096K, 18 young (73728K), 3 survivors (12288K)
 Metaspace       used 239007K, committed 241856K, reserved 1310720K
  class space    used 31080K, committed 32448K, reserved 1048576K
}
Event: 3259.597 GC heap after
{Heap after GC invocations=115 (full 0):
 garbage-first heap   total 1499136K, used 338996K [0x0000000600000000, 0x0000000800000000)
  region size 4096K, 3 young (12288K), 3 survivors (12288K)
 Metaspace       used 239007K, committed 241856K, reserved 1310720K
  class space    used 31080K, committed 32448K, reserved 1048576K
}
Event: 3270.525 GC heap before
{Heap before GC invocations=115 (full 0):
 garbage-first heap   total 1499136K, used 396340K [0x0000000600000000, 0x0000000800000000)
  region size 4096K, 18 young (73728K), 3 survivors (12288K)
 Metaspace       used 243034K, committed 245888K, reserved 1310720K
  class space    used 31572K, committed 32960K, reserved 1048576K
}
Event: 3272.022 GC heap after
{Heap after GC invocations=116 (full 0):
 garbage-first heap   total 1499136K, used 352039K [0x0000000600000000, 0x0000000800000000)
  region size 4096K, 3 young (12288K), 3 survivors (12288K)
 Metaspace       used 243034K, committed 245888K, reserved 1310720K
  class space    used 31572K, committed 32960K, reserved 1048576K
}
Event: 3305.468 GC heap before
{Heap before GC invocations=116 (full 0):
 garbage-first heap   total 1499136K, used 413479K [0x0000000600000000, 0x0000000800000000)
  region size 4096K, 18 young (73728K), 3 survivors (12288K)
 Metaspace       used 247722K, committed 250624K, reserved 1310720K
  class space    used 32018K, committed 33408K, reserved 1048576K
}

Dll operation events (3 events):
Event: 0.153 Loaded shared library C:\Program Files\Android\Android Studio\jbr\bin\java.dll
Event: 0.288 Loaded shared library C:\Program Files\Android\Android Studio\jbr\bin\zip.dll
Event: 9.174 Loaded shared library C:\Program Files\Android\Android Studio\jbr\bin\verify.dll

Deoptimization events (20 events):
Event: 3304.006 Thread 0x0000022ba93c4100 DEOPT PACKING pc=0x0000022b918be144 sp=0x00000087cc5fc890
Event: 3304.019 Thread 0x0000022ba93c4100 DEOPT UNPACKING pc=0x0000022b8fd84422 sp=0x00000087cc5fc720 mode 2
Event: 3304.041 Thread 0x0000022ba93c4100 Uncommon trap: trap_request=0xffffffc6 fr.pc=0x0000022b918be144 relative=0x00000000000003e4
Event: 3304.041 Thread 0x0000022ba93c4100 Uncommon trap: reason=bimorphic_or_optimized_type_check action=maybe_recompile pc=0x0000022b918be144 method=java.util.AbstractList$SubList$1.<init>(Ljava/util/AbstractList$SubList;I)V @ 34 c2
Event: 3304.041 Thread 0x0000022ba93c4100 DEOPT PACKING pc=0x0000022b918be144 sp=0x00000087cc5fc8f0
Event: 3304.041 Thread 0x0000022ba93c4100 DEOPT UNPACKING pc=0x0000022b8fd84422 sp=0x00000087cc5fc780 mode 2
Event: 3304.336 Thread 0x0000022ba93c4100 DEOPT PACKING pc=0x0000022b83789305 sp=0x00000087cc5f41f0
Event: 3304.336 Thread 0x0000022ba93c4100 DEOPT UNPACKING pc=0x0000022b8fd84bc2 sp=0x00000087cc5f3680 mode 0
Event: 3304.406 Thread 0x0000022ba93c4100 Uncommon trap: trap_request=0xffffff45 fr.pc=0x0000022b9195bdf4 relative=0x0000000000000af4
Event: 3304.406 Thread 0x0000022ba93c4100 Uncommon trap: reason=unstable_if action=reinterpret pc=0x0000022b9195bdf4 method=org.jetbrains.org.objectweb.asm.ClassReader.<init>([BIZ)V @ 28 c2
Event: 3304.406 Thread 0x0000022ba93c4100 DEOPT PACKING pc=0x0000022b9195bdf4 sp=0x00000087cc5f4200
Event: 3304.406 Thread 0x0000022ba93c4100 DEOPT UNPACKING pc=0x0000022b8fd84422 sp=0x00000087cc5f4180 mode 2
Event: 3305.007 Thread 0x0000022ba93c4100 Uncommon trap: trap_request=0xffffff45 fr.pc=0x0000022b919556dc relative=0x00000000000013dc
Event: 3305.007 Thread 0x0000022ba93c4100 Uncommon trap: reason=unstable_if action=reinterpret pc=0x0000022b919556dc method=org.jetbrains.org.objectweb.asm.ClassReader.readElementValue(Lorg/jetbrains/org/objectweb/asm/AnnotationVisitor;ILjava/lang/String;[C)I @ 102 c2
Event: 3305.007 Thread 0x0000022ba93c4100 DEOPT PACKING pc=0x0000022b919556dc sp=0x00000087cc5f4380
Event: 3305.007 Thread 0x0000022ba93c4100 DEOPT UNPACKING pc=0x0000022b8fd84422 sp=0x00000087cc5f4320 mode 2
Event: 3305.007 Thread 0x0000022ba93c4100 Uncommon trap: trap_request=0xffffff45 fr.pc=0x0000022b91930488 relative=0x0000000000000228
Event: 3305.007 Thread 0x0000022ba93c4100 Uncommon trap: reason=unstable_if action=reinterpret pc=0x0000022b91930488 method=org.jetbrains.kotlin.load.kotlin.FileBasedKotlinClass$3$1.visit(Ljava/lang/String;Ljava/lang/Object;)V @ 12 c2
Event: 3305.007 Thread 0x0000022ba93c4100 DEOPT PACKING pc=0x0000022b91930488 sp=0x00000087cc5f42e0
Event: 3305.007 Thread 0x0000022ba93c4100 DEOPT UNPACKING pc=0x0000022b8fd84422 sp=0x00000087cc5f42b0 mode 2

Classes loaded (20 events):
Event: 3174.075 Loading class java/util/concurrent/Executors$PrivilegedThreadFactory
Event: 3174.076 Loading class java/util/concurrent/Executors$PrivilegedThreadFactory done
Event: 3174.082 Loading class java/util/concurrent/DelayQueue
Event: 3174.084 Loading class java/util/concurrent/DelayQueue done
Event: 3174.283 Loading class java/util/concurrent/Executors$PrivilegedThreadFactory$1
Event: 3174.283 Loading class java/util/concurrent/Executors$PrivilegedThreadFactory$1 done
Event: 3179.147 Loading class java/util/concurrent/Executors$PrivilegedThreadFactory$1$1
Event: 3179.148 Loading class java/util/concurrent/Executors$PrivilegedThreadFactory$1$1 done
Event: 3179.163 Loading class sun/management/NotificationEmitterSupport$ListenerInfo
Event: 3179.165 Loading class sun/management/NotificationEmitterSupport$ListenerInfo done
Event: 3187.034 Loading class java/util/concurrent/ForkJoinPool$DefaultForkJoinWorkerThreadFactory$1
Event: 3187.045 Loading class java/util/concurrent/ForkJoinPool$DefaultForkJoinWorkerThreadFactory$1 done
Event: 3265.097 Loading class java/util/Spliterators$AbstractSpliterator
Event: 3265.109 Loading class java/util/Spliterators$AbstractSpliterator done
Event: 3265.109 Loading class java/util/stream/SliceOps
Event: 3265.157 Loading class java/util/stream/SliceOps done
Event: 3265.158 Loading class java/util/stream/SliceOps$1
Event: 3265.180 Loading class java/util/stream/SliceOps$1 done
Event: 3265.209 Loading class java/util/stream/SliceOps$1$1
Event: 3265.209 Loading class java/util/stream/SliceOps$1$1 done

Classes unloaded (20 events):
Event: 2870.925 Thread 0x0000022ba0260200 Unloading class 0x000000080165f478 'jdk/internal/jimage/ImageHeader'
Event: 2870.925 Thread 0x0000022ba0260200 Unloading class 0x000000080165f210 'jdk/internal/jimage/BasicImageReader$2'
Event: 2870.925 Thread 0x0000022ba0260200 Unloading class 0x000000080165efa8 'jdk/internal/jimage/BasicImageReader$1'
Event: 2870.925 Thread 0x0000022ba0260200 Unloading class 0x000000080165ed08 'jdk/internal/jimage/ImageReader$Resource'
Event: 2870.925 Thread 0x0000022ba0260200 Unloading class 0x000000080165ea68 'jdk/internal/jimage/ImageReader$LinkNode'
Event: 2870.925 Thread 0x0000022ba0260200 Unloading class 0x000000080165e7c8 'jdk/internal/jimage/ImageReader$Directory'
Event: 2870.925 Thread 0x0000022ba0260200 Unloading class 0x000000080165e528 'jdk/internal/jimage/ImageReader$Node'
Event: 2870.927 Thread 0x0000022ba0260200 Unloading class 0x000000080165e2f8 'jdk/internal/jimage/ImageStrings'
Event: 2870.927 Thread 0x0000022ba0260200 Unloading class 0x000000080165e000 'jdk/internal/jimage/ImageReader$SharedImageReader'
Event: 2870.927 Thread 0x0000022ba0260200 Unloading class 0x000000080165dbe0 'jdk/internal/jimage/BasicImageReader'
Event: 2870.927 Thread 0x0000022ba0260200 Unloading class 0x000000080165d988 'jdk/internal/jimage/ImageReader'
Event: 2870.927 Thread 0x0000022ba0260200 Unloading class 0x000000080165d728 'jdk/internal/jrtfs/SystemImage$2'
Event: 2870.927 Thread 0x0000022ba0260200 Unloading class 0x000000080165d4d8 'jdk/internal/jrtfs/SystemImage$$Lambda+0x000000080165d4d8'
Event: 2870.927 Thread 0x0000022ba0260200 Unloading class 0x000000080165d270 'jdk/internal/jrtfs/ExplodedImage'
Event: 2870.927 Thread 0x0000022ba0260200 Unloading class 0x000000080165d000 'jdk/internal/jrtfs/SystemImage$1'
Event: 2870.927 Thread 0x0000022ba0260200 Unloading class 0x000000080165cca0 'jdk/internal/jrtfs/SystemImage'
Event: 2870.931 Thread 0x0000022ba0260200 Unloading class 0x000000080165ca08 'jdk/internal/jrtfs/JrtFileStore'
Event: 2870.931 Thread 0x0000022ba0260200 Unloading class 0x000000080165c658 'jdk/internal/jrtfs/JrtPath'
Event: 2870.931 Thread 0x0000022ba0260200 Unloading class 0x000000080165c328 'jdk/internal/jrtfs/JrtFileSystem'
Event: 2870.934 Thread 0x0000022ba0260200 Unloading class 0x000000080165c000 'jdk/internal/jrtfs/JrtFileSystemProvider'

Classes redefined (0 events):
No events

Internal exceptions (20 events):
Event: 3295.973 Thread 0x0000022ba93c8930 Exception <a 'sun/nio/fs/WindowsException'{0x00000006588305d8}> (0x00000006588305d8) 
thrown [s\src\hotspot\share\prims\jni.cpp, line 537]
Event: 3295.973 Thread 0x0000022ba93c8930 Exception <a 'sun/nio/fs/WindowsException'{0x0000000658831548}> (0x0000000658831548) 
thrown [s\src\hotspot\share\prims\jni.cpp, line 537]
Event: 3295.974 Thread 0x0000022ba93c8930 Exception <a 'sun/nio/fs/WindowsException'{0x0000000658832300}> (0x0000000658832300) 
thrown [s\src\hotspot\share\prims\jni.cpp, line 537]
Event: 3295.974 Thread 0x0000022ba93c8930 Exception <a 'sun/nio/fs/WindowsException'{0x0000000658833238}> (0x0000000658833238) 
thrown [s\src\hotspot\share\prims\jni.cpp, line 537]
Event: 3295.974 Thread 0x0000022ba93c8930 Exception <a 'sun/nio/fs/WindowsException'{0x0000000658833fd0}> (0x0000000658833fd0) 
thrown [s\src\hotspot\share\prims\jni.cpp, line 537]
Event: 3296.497 Thread 0x0000022ba93c8930 Exception <a 'sun/nio/fs/WindowsException'{0x0000000658b5aa10}> (0x0000000658b5aa10) 
thrown [s\src\hotspot\share\prims\jni.cpp, line 537]
Event: 3296.498 Thread 0x0000022ba93c8930 Exception <a 'sun/nio/fs/WindowsException'{0x0000000658b5bb00}> (0x0000000658b5bb00) 
thrown [s\src\hotspot\share\prims\jni.cpp, line 537]
Event: 3296.498 Thread 0x0000022ba93c8930 Exception <a 'sun/nio/fs/WindowsException'{0x0000000658b5cd40}> (0x0000000658b5cd40) 
thrown [s\src\hotspot\share\prims\jni.cpp, line 537]
Event: 3296.498 Thread 0x0000022ba93c8930 Exception <a 'sun/nio/fs/WindowsException'{0x0000000658b5df40}> (0x0000000658b5df40) 
thrown [s\src\hotspot\share\prims\jni.cpp, line 537]
Event: 3296.498 Thread 0x0000022ba93c8930 Exception <a 'sun/nio/fs/WindowsException'{0x0000000658b5f330}> (0x0000000658b5f330) 
thrown [s\src\hotspot\share\prims\jni.cpp, line 537]
Event: 3296.518 Thread 0x0000022ba93c8930 Exception <a 'sun/nio/fs/WindowsException'{0x0000000658b608f8}> (0x0000000658b608f8) 
thrown [s\src\hotspot\share\prims\jni.cpp, line 537]
Event: 3297.029 Thread 0x0000022ba93c8930 Exception <a 'sun/nio/fs/WindowsException'{0x0000000658b71bc0}> (0x0000000658b71bc0) 
thrown [s\src\hotspot\share\prims\jni.cpp, line 537]
Event: 3297.134 Thread 0x0000022ba93c8930 Exception <a 'sun/nio/fs/WindowsException'{0x0000000658b72fc0}> (0x0000000658b72fc0) 
thrown [s\src\hotspot\share\prims\jni.cpp, line 537]
Event: 3297.144 Thread 0x0000022ba93c8930 Exception <a 'sun/nio/fs/WindowsException'{0x0000000658b741c0}> (0x0000000658b741c0) 
thrown [s\src\hotspot\share\prims\jni.cpp, line 537]
Event: 3297.188 Thread 0x0000022ba93c8930 Exception <a 'sun/nio/fs/WindowsException'{0x0000000658b74330}> (0x0000000658b74330) 
thrown [s\src\hotspot\share\prims\jni.cpp, line 537]
Event: 3301.125 Thread 0x0000022ba93c4100 Implicit null exception at 0x0000022b9191fd7f to 0x0000022b91921a0c
Event: 3304.060 Thread 0x0000022ba6c23550 Exception <a 'sun/nio/fs/WindowsException'{0x0000000657004810}> (0x0000000657004810) 
thrown [s\src\hotspot\share\prims\jni.cpp, line 537]
Event: 3304.065 Thread 0x0000022ba6c23550 Exception <a 'sun/nio/fs/WindowsException'{0x000000065700f4c0}> (0x000000065700f4c0) 
thrown [s\src\hotspot\share\prims\jni.cpp, line 537]
Event: 3304.066 Thread 0x0000022ba6c23550 Exception <a 'sun/nio/fs/WindowsException'{0x0000000657010f08}> (0x0000000657010f08) 
thrown [s\src\hotspot\share\prims\jni.cpp, line 537]
Event: 3304.077 Thread 0x0000022ba6c23550 Exception <a 'sun/nio/fs/WindowsException'{0x000000065701a130}> (0x000000065701a130) 
thrown [s\src\hotspot\share\prims\jni.cpp, line 537]

ZGC Phase Switch (0 events):
No events

VM Operations (20 events):
Event: 3298.324 Executing safepoint VM operation: Cleanup done
Event: 3298.332 Executing non-safepoint VM operation: HandshakeAllThreads (Deoptimize)
Event: 3298.360 Executing non-safepoint VM operation: HandshakeAllThreads (Deoptimize) done
Event: 3299.360 Executing safepoint VM operation: Cleanup
Event: 3299.389 Executing safepoint VM operation: Cleanup done
Event: 3299.521 Executing non-safepoint VM operation: HandshakeAllThreads (Deoptimize)
Event: 3299.522 Executing non-safepoint VM operation: HandshakeAllThreads (Deoptimize) done
Event: 3300.436 Executing non-safepoint VM operation: HandshakeAllThreads (Deoptimize)
Event: 3300.446 Executing non-safepoint VM operation: HandshakeAllThreads (Deoptimize) done
Event: 3300.446 Executing safepoint VM operation: Cleanup
Event: 3300.469 Executing safepoint VM operation: Cleanup done
Event: 3301.470 Executing safepoint VM operation: Cleanup
Event: 3301.529 Executing safepoint VM operation: Cleanup done
Event: 3302.529 Executing safepoint VM operation: Cleanup
Event: 3302.552 Executing safepoint VM operation: Cleanup done
Event: 3303.410 Executing non-safepoint VM operation: HandshakeAllThreads (Deoptimize)
Event: 3303.425 Executing non-safepoint VM operation: HandshakeAllThreads (Deoptimize) done
Event: 3304.426 Executing safepoint VM operation: Cleanup
Event: 3304.448 Executing safepoint VM operation: Cleanup done
Event: 3305.272 Executing safepoint VM operation: G1CollectForAllocation (G1 Evacuation Pause)

Memory protections (0 events):
No events

Nmethod flushes (20 events):
Event: 2881.360 Thread 0x0000022ba0260200 flushing  nmethod 0x0000022b81886190
Event: 2881.360 Thread 0x0000022ba0260200 flushing  nmethod 0x0000022b818cec90
Event: 2881.360 Thread 0x0000022ba0260200 flushing  nmethod 0x0000022b818efb90
Event: 2881.360 Thread 0x0000022ba0260200 flushing  nmethod 0x0000022b818f2510
Event: 2881.360 Thread 0x0000022ba0260200 flushing  nmethod 0x0000022b818ffb10
Event: 2881.361 Thread 0x0000022ba0260200 flushing  nmethod 0x0000022b81943f90
Event: 2881.362 Thread 0x0000022ba0260200 flushing  nmethod 0x0000022b81944510
Event: 2881.362 Thread 0x0000022ba0260200 flushing  nmethod 0x0000022b81970410
Event: 2881.362 Thread 0x0000022ba0260200 flushing  nmethod 0x0000022b81973f10
Event: 2881.362 Thread 0x0000022ba0260200 flushing  nmethod 0x0000022b81a29690
Event: 2881.362 Thread 0x0000022ba0260200 flushing  nmethod 0x0000022b81ad1290
Event: 2881.362 Thread 0x0000022ba0260200 flushing  nmethod 0x0000022b81ad6910
Event: 2881.362 Thread 0x0000022ba0260200 flushing  nmethod 0x0000022b81ad7c90
Event: 2881.362 Thread 0x0000022ba0260200 flushing  nmethod 0x0000022b81ad8090
Event: 2881.362 Thread 0x0000022ba0260200 flushing  nmethod 0x0000022b81adc610
Event: 2881.362 Thread 0x0000022ba0260200 flushing  nmethod 0x0000022b81ae0690
Event: 2881.362 Thread 0x0000022ba0260200 flushing  nmethod 0x0000022b81af4290
Event: 2881.362 Thread 0x0000022ba0260200 flushing  nmethod 0x0000022b81b19c10
Event: 2881.362 Thread 0x0000022ba0260200 flushing  nmethod 0x0000022b81c64c10
Event: 2881.362 Thread 0x0000022ba0260200 flushing  nmethod 0x0000022b81c65f10

Events (20 events):
Event: 3006.711 Thread 0x0000022ba93c4100 Thread added: 0x0000022bb1ba0420
Event: 3010.600 Thread 0x0000022ba93c4100 Thread added: 0x0000022bb1ba0ab0
Event: 3010.600 Thread 0x0000022ba93c4100 Thread added: 0x0000022bb1ba1140
Event: 3140.192 Loaded shared library C:\Program Files\Android\Android Studio\jbr\bin\awt.dll
Event: 3141.574 Thread 0x0000022ba93c4100 Thread added: 0x0000022bb85d94d0
Event: 3141.585 Thread 0x0000022ba93c4100 Thread added: 0x0000022bb85d2540
Event: 3141.625 Thread 0x0000022ba93c4100 Thread added: 0x0000022bb85d2bd0
Event: 3142.109 Thread 0x0000022ba93c4100 Thread added: 0x0000022bb85d5330
Event: 3143.227 Thread 0x0000022bb85d2540 Thread exited: 0x0000022bb85d2540
Event: 3143.227 Thread 0x0000022bb85d5330 Thread exited: 0x0000022bb85d5330
Event: 3144.215 Thread 0x0000022ba93c4100 Thread added: 0x0000022bb85d5330
Event: 3144.215 Thread 0x0000022ba93c4100 Thread added: 0x0000022bb85d7400
Event: 3154.209 Thread 0x0000022bb10dab70 Thread added: 0x0000022bb24b6ba0
Event: 3155.483 Thread 0x0000022ba93c2d50 Thread added: 0x0000022bb24b78c0
Event: 3156.298 Thread 0x0000022bb10dab70 Thread added: 0x0000022bb24b85e0
Event: 3174.089 Thread 0x0000022ba93c4100 Thread added: 0x0000022bb24b9300
Event: 3174.283 Thread 0x0000022ba93c4100 Thread added: 0x0000022bb24b5e80
Event: 3187.045 Thread 0x0000022ba93c4100 Thread added: 0x0000022bb24b57f0
Event: 3230.329 Thread 0x0000022bb24b6ba0 Thread exited: 0x0000022bb24b6ba0
Event: 3277.538 Thread 0x0000022bb24b85e0 Thread exited: 0x0000022bb24b85e0


Dynamic libraries:
0x00007ff710f20000 - 0x00007ff710f2a000 	C:\Program Files\Android\Android Studio\jbr\bin\java.exe
0x00007ff818ff0000 - 0x00007ff8191e8000 	C:\Windows\SYSTEM32\ntdll.dll
0x00007ff817bc0000 - 0x00007ff817c82000 	C:\Windows\System32\KERNEL32.DLL
0x00007ff816a00000 - 0x00007ff816cf6000 	C:\Windows\System32\KERNELBASE.dll
0x00007ff8167e0000 - 0x00007ff8168e0000 	C:\Windows\System32\ucrtbase.dll
0x00007ff8104c0000 - 0x00007ff8104d8000 	C:\Program Files\Android\Android Studio\jbr\bin\jli.dll
0x00007ff817ee0000 - 0x00007ff818081000 	C:\Windows\System32\USER32.dll
0x00007ff816f00000 - 0x00007ff816f22000 	C:\Windows\System32\win32u.dll
0x00007ff818b40000 - 0x00007ff818b6b000 	C:\Windows\System32\GDI32.dll
0x00007ff8168e0000 - 0x00007ff8169f9000 	C:\Windows\System32\gdi32full.dll
0x00007ff816d00000 - 0x00007ff816d9d000 	C:\Windows\System32\msvcp_win.dll
0x00007ff80bde0000 - 0x00007ff80bdfb000 	C:\Program Files\Android\Android Studio\jbr\bin\VCRUNTIME140.dll
0x00007ff807000000 - 0x00007ff80729b000 	C:\Windows\WinSxS\amd64_microsoft.windows.common-controls_6595b64144ccf1df_6.0.19041.6456_none_60b8a6cb71f64256\COMCTL32.dll
0x00007ff817b20000 - 0x00007ff817bbe000 	C:\Windows\System32\msvcrt.dll
0x00007ff8178f0000 - 0x00007ff81791f000 	C:\Windows\System32\IMM32.DLL
0x00007ff80f9a0000 - 0x00007ff80f9ac000 	C:\Program Files\Android\Android Studio\jbr\bin\vcruntime140_1.dll
0x00007ff808ac0000 - 0x00007ff808b4d000 	C:\Program Files\Android\Android Studio\jbr\bin\msvcp140.dll
0x00007ffff2cd0000 - 0x00007ffff3966000 	C:\Program Files\Android\Android Studio\jbr\bin\server\jvm.dll
0x00007ff818cf0000 - 0x00007ff818da1000 	C:\Windows\System32\ADVAPI32.dll
0x00007ff818b70000 - 0x00007ff818c0f000 	C:\Windows\System32\sechost.dll
0x00007ff818dc0000 - 0x00007ff818ee0000 	C:\Windows\System32\RPCRT4.dll
0x00007ff816f30000 - 0x00007ff816f57000 	C:\Windows\System32\bcrypt.dll
0x00007ff818ee0000 - 0x00007ff818f4b000 	C:\Windows\System32\WS2_32.dll
0x00007ff8164e0000 - 0x00007ff81652b000 	C:\Windows\SYSTEM32\POWRPROF.dll
0x00007ff80cbd0000 - 0x00007ff80cbf7000 	C:\Windows\SYSTEM32\WINMM.dll
0x00007ff80eec0000 - 0x00007ff80eeca000 	C:\Windows\SYSTEM32\VERSION.dll
0x00007ff8164c0000 - 0x00007ff8164d2000 	C:\Windows\SYSTEM32\UMPDC.dll
0x00007ff8144f0000 - 0x00007ff814502000 	C:\Windows\SYSTEM32\kernel.appcore.dll
0x00007ff80f930000 - 0x00007ff80f93a000 	C:\Program Files\Android\Android Studio\jbr\bin\jimage.dll
0x00007ff800320000 - 0x00007ff800521000 	C:\Windows\SYSTEM32\DBGHELP.DLL
0x00007ff8002e0000 - 0x00007ff800314000 	C:\Windows\SYSTEM32\dbgcore.DLL
0x00007ff8166d0000 - 0x00007ff816752000 	C:\Windows\System32\bcryptPrimitives.dll
0x00007ff80f9f0000 - 0x00007ff80f9fe000 	C:\Program Files\Android\Android Studio\jbr\bin\instrument.dll
0x00007ff80bdc0000 - 0x00007ff80bde0000 	C:\Program Files\Android\Android Studio\jbr\bin\java.dll
0x00007ff80bd50000 - 0x00007ff80bd68000 	C:\Program Files\Android\Android Studio\jbr\bin\zip.dll
0x00007ff818090000 - 0x00007ff818800000 	C:\Windows\System32\SHELL32.dll
0x00007ff8146f0000 - 0x00007ff814e95000 	C:\Windows\SYSTEM32\windows.storage.dll
0x00007ff817590000 - 0x00007ff8178e4000 	C:\Windows\System32\combase.dll
0x00007ff815fd0000 - 0x00007ff815ffb000 	C:\Windows\SYSTEM32\Wldp.dll
0x00007ff817a50000 - 0x00007ff817b1d000 	C:\Windows\System32\OLEAUT32.dll
0x00007ff817070000 - 0x00007ff81711d000 	C:\Windows\System32\SHCORE.dll
0x00007ff818f50000 - 0x00007ff818fab000 	C:\Windows\System32\shlwapi.dll
0x00007ff8165b0000 - 0x00007ff8165d4000 	C:\Windows\SYSTEM32\profapi.dll
0x00007ff80bdb0000 - 0x00007ff80bdc0000 	C:\Program Files\Android\Android Studio\jbr\bin\net.dll
0x00007ff80d570000 - 0x00007ff80d67a000 	C:\Windows\SYSTEM32\WINHTTP.dll
0x00007ff815d30000 - 0x00007ff815d9a000 	C:\Windows\system32\mswsock.dll
0x00007ff808c30000 - 0x00007ff808c46000 	C:\Program Files\Android\Android Studio\jbr\bin\nio.dll
0x00007ff808c20000 - 0x00007ff808c30000 	C:\Program Files\Android\Android Studio\jbr\bin\verify.dll
0x00007ff8123b0000 - 0x00007ff8123d7000 	C:\Users\vinay\.gradle\native\1def1411415f61bf3af743bc5b6707747c0891f09f0c88961ee8f79bc544acac\windows-amd64\native-platform.dll
0x00007ff808980000 - 0x00007ff8089f8000 	C:\Users\vinay\.gradle\native\0.2.7\x86_64-windows-gnu\gradle-fileevents.dll
0x00007ff812560000 - 0x00007ff812569000 	C:\Program Files\Android\Android Studio\jbr\bin\management.dll
0x00007ff812550000 - 0x00007ff81255b000 	C:\Program Files\Android\Android Studio\jbr\bin\management_ext.dll
0x00007ff818c30000 - 0x00007ff818c38000 	C:\Windows\System32\PSAPI.DLL
0x00007ff815a10000 - 0x00007ff815a4b000 	C:\Windows\SYSTEM32\IPHLPAPI.DLL
0x00007ff818db0000 - 0x00007ff818db8000 	C:\Windows\System32\NSI.dll
0x00007ff80fa00000 - 0x00007ff80fa09000 	C:\Program Files\Android\Android Studio\jbr\bin\extnet.dll
0x00007ff815f20000 - 0x00007ff815f38000 	C:\Windows\SYSTEM32\CRYPTSP.dll
0x00007ff815650000 - 0x00007ff815688000 	C:\Windows\system32\rsaenh.dll
0x00007ff816570000 - 0x00007ff81659e000 	C:\Windows\SYSTEM32\USERENV.dll
0x00007ff815f40000 - 0x00007ff815f4c000 	C:\Windows\SYSTEM32\CRYPTBASE.dll
0x00007ffffe750000 - 0x00007ffffe757000 	C:\Windows\system32\wshunix.dll
0x00007ffffcbf0000 - 0x00007ffffcc07000 	C:\Windows\system32\napinsp.dll
0x00007ffffcbd0000 - 0x00007ffffcbeb000 	C:\Windows\system32\pnrpnsp.dll
0x00007ffffcbb0000 - 0x00007ffffcbcd000 	C:\Windows\system32\wshbth.dll
0x00007ff813080000 - 0x00007ff81309d000 	C:\Windows\system32\NLAapi.dll
0x00007ff815a50000 - 0x00007ff815b1a000 	C:\Windows\SYSTEM32\DNSAPI.dll
0x00007ffffcb70000 - 0x00007ffffcb82000 	C:\Windows\System32\winrnr.dll
0x00007ff80bab0000 - 0x00007ff80baba000 	C:\Windows\System32\rasadhlp.dll
0x00007ff80bad0000 - 0x00007ff80bb50000 	C:\Windows\System32\fwpuclnt.dll
0x00007ff813c30000 - 0x00007ff813c37000 	C:\Program Files\Android\Android Studio\jbr\bin\rmi.dll
0x00007ff8158a0000 - 0x00007ff8158d3000 	C:\Windows\SYSTEM32\ntmarta.dll
0x00007ffff2920000 - 0x00007ffff2ab9000 	C:\Program Files\Android\Android Studio\jbr\bin\awt.dll
0x00007ff814310000 - 0x00007ff81433e000 	C:\Windows\SYSTEM32\dwmapi.dll
0x00007ff806730000 - 0x00007ff806774000 	C:\Program Files\Android\Android Studio\jbr\bin\nvdaControllerClient64.dll
0x00007ff806f90000 - 0x00007ff806ff6000 	C:\Windows\SYSTEM32\OLEACC.dll
0x00007ff813a60000 - 0x00007ff813af4000 	C:\Windows\SYSTEM32\apphelp.dll
0x00007ff814000000 - 0x00007ff81409e000 	C:\Windows\system32\uxtheme.dll
0x00007ff818870000 - 0x00007ff818985000 	C:\Windows\System32\MSCTF.dll
0x00007ff817920000 - 0x00007ff817a4b000 	C:\Windows\System32\ole32.dll

JVMTI agents:
C:\Users\vinay\.gradle\wrapper\dists\gradle-8.14-all\c2qonpi39x1mddn7hk5gh9iqj\gradle-8.14\lib\agents\gradle-instrumentation-agent-8.14.jar path:C:\Program Files\Android\Android Studio\jbr\bin\instrument.dll, loaded, initialized, instrumentlib options:none

dbghelp: loaded successfully - version: 4.0.5 - missing functions: none
symbol engine: initialized successfully - sym options: 0x614 - pdb path: .;C:\Program Files\Android\Android Studio\jbr\bin;C:\Windows\SYSTEM32;C:\Windows\WinSxS\amd64_microsoft.windows.common-controls_6595b64144ccf1df_6.0.19041.6456_none_60b8a6cb71f64256;C:\Program Files\Android\Android Studio\jbr\bin\server;C:\Users\vinay\.gradle\native\1def1411415f61bf3af743bc5b6707747c0891f09f0c88961ee8f79bc544acac\windows-amd64;C:\Users\vinay\.gradle\native\0.2.7\x86_64-windows-gnu

VM Arguments:
jvm_args: --add-opens=java.base/java.lang=ALL-UNNAMED --add-opens=java.base/java.lang.invoke=ALL-UNNAMED --add-opens=java.base/java.util=ALL-UNNAMED --add-opens=java.prefs/java.util.prefs=ALL-UNNAMED --add-exports=jdk.compiler/com.sun.tools.javac.api=ALL-UNNAMED --add-exports=jdk.compiler/com.sun.tools.javac.util=ALL-UNNAMED --add-opens=java.base/java.util=ALL-UNNAMED --add-opens=java.prefs/java.util.prefs=ALL-UNNAMED --add-opens=java.base/java.nio.charset=ALL-UNNAMED --add-opens=java.base/java.net=ALL-UNNAMED --add-opens=java.base/java.util.concurrent.atomic=ALL-UNNAMED --add-opens=java.xml/javax.xml.namespace=ALL-UNNAMED -XX:MaxMetaspaceSize=4G -XX:ReservedCodeCacheSize=512m -XX:+HeapDumpOnOutOfMemoryError -Xmx8G -Dfile.encoding=UTF-8 -Duser.country=US -Duser.language=en -Duser.variant -javaagent:C:\Users\vinay\.gradle\wrapper\dists\gradle-8.14-all\c2qonpi39x1mddn7hk5gh9iqj\gradle-8.14\lib\agents\gradle-instrumentation-agent-8.14.jar 
java_command: org.gradle.launcher.daemon.bootstrap.GradleDaemon 8.14
java_class_path (initial): C:\Users\vinay\.gradle\wrapper\dists\gradle-8.14-all\c2qonpi39x1mddn7hk5gh9iqj\gradle-8.14\lib\gradle-daemon-main-8.14.jar
Launcher Type: SUN_STANDARD

[Global flags]
     intx CICompilerCount                          = 2                                         {product} {ergonomic}
     uint ConcGCThreads                            = 1                                         {product} {ergonomic}
     uint G1ConcRefinementThreads                  = 2                                         {product} {ergonomic}
   size_t G1HeapRegionSize                         = 4194304                                   {product} {ergonomic}
    uintx GCDrainStackTargetSize                   = 64                                        {product} {ergonomic}
     bool HeapDumpOnOutOfMemoryError               = true                                   {manageable} {command line}
   size_t InitialHeapSize                          = 62914560                                  {product} {ergonomic}
   size_t MarkStackSize                            = 4194304                                   {product} {ergonomic}
   size_t MaxHeapSize                              = 8589934592                                {product} {command line}
   size_t MaxMetaspaceSize                         = 4294967296                                {product} {command line}
   size_t MaxNewSize                               = 5150605312                                {product} {ergonomic}
   size_t MinHeapDeltaBytes                        = 4194304                                   {product} {ergonomic}
   size_t MinHeapSize                              = 8388608                                   {product} {ergonomic}
    uintx NonNMethodCodeHeapSize                   = 5826188                                {pd product} {ergonomic}
    uintx NonProfiledCodeHeapSize                  = 265522362                              {pd product} {ergonomic}
    uintx ProfiledCodeHeapSize                     = 265522362                              {pd product} {ergonomic}
    uintx ReservedCodeCacheSize                    = 536870912                              {pd product} {command line}
     bool SegmentedCodeCache                       = true                                      {product} {ergonomic}
   size_t SoftMaxHeapSize                          = 8589934592                             {manageable} {ergonomic}
     bool UseCompressedOops                        = true                           {product lp64_product} {ergonomic}
     bool UseG1GC                                  = true                                      {product} {ergonomic}
     bool UseLargePagesIndividualAllocation        = false                                  {pd product} {ergonomic}

Logging:
Log output configuration:
 #0: stdout all=warning uptime,level,tags foldmultilines=false
 #1: stderr all=off uptime,level,tags foldmultilines=false

Release file:
JAVA_VERSION="21.0.10" 
MODULES="java.base java.compiler java.datatransfer java.xml java.prefs java.desktop java.instrument java.logging java.management java.security.sasl java.naming java.rmi java.management.rmi java.net.http java.scripting java.security.jgss java.transaction.xa java.sql java.sql.rowset java.xml.crypto java.se java.smartcardio jdk.accessibility jdk.internal.jvmstat jdk.attach jdk.charsets jdk.internal.opt jdk.zipfs jdk.compiler jdk.crypto.ec jdk.crypto.cryptoki jdk.dynalink jdk.hotspot.agent jdk.httpserver jdk.internal.ed jdk.internal.le jdk.internal.vm.ci jdk.jartool jdk.javadoc jdk.jcmd jdk.jdeps jdk.jdwp.agent jdk.jdi jdk.jfr jdk.jlink jdk.jsobject jdk.localedata jdk.management jdk.management.agent jdk.management.jfr jdk.naming.dns jdk.naming.rmi jdk.net jdk.sctp jdk.security.auth jdk.security.jgss jdk.unsupported jdk.unsupported.desktop jdk.xml.dom" 
IMPLEMENTOR="JetBrains s.r.o." 
JAVA_RUNTIME_VERSION="21.0.10+-14961533-b1163.108" 
LIBC="default" 
OS_ARCH="x86_64" 
OS_NAME="Windows" 
SOURCE=".:git:1351622c2ff2" 

Environment Variables:
JAVA_HOME=C:\Program Files\Android\Android Studio\jbr
CLASSPATH=E:\pdf_reader_flutter\android\\gradle\wrapper\gradle-wrapper.jar
PATH=C:\Program Files\Android\Android Studio\jbr\bin;C:\Program Files\WindowsApps\Microsoft.PowerShell_7.6.0.0_x64__8wekyb3d8bbwe;E:\flutter sdk\flutter\bin\;c:\Users\vinay\AppData\Roaming\Code\User\globalStorage\github.copilot-chat\debugCommand;c:\Users\vinay\AppData\Roaming\Code\User\globalStorage\github.copilot-chat\copilotCli;C:\Users\vinay\AppData\Local\Programs\Microsoft VS Code;C:\Windows\system32;C:\Windows;C:\Windows\System32\Wbem;C:\Windows\System32\WindowsPowerShell\v1.0\;C:\Windows\System32\OpenSSH\;C:\Program Files\Git\cmd;C:\Users\vinay\AppData\Local\Programs\Python\Python314\Scripts\;C:\Users\vinay\AppData\Local\Programs\Python\Python314\;C:\Users\vinay\AppData\Local\Programs\Python\Launcher\;C:\Users\vinay\AppData\Local\Microsoft\WindowsApps;E:\flutter sdk\flutter\bin;C:\Users\vinay\AppData\Local\Programs\Microsoft VS Code\bin;c:\Users\vinay\.vscode\extensions\ms-python.debugpy-2025.18.0-win32-x64\bundled\scripts\noConfigScripts
USERNAME=vinay
LANG=en_US.UTF-8
OS=Windows_NT
PROCESSOR_IDENTIFIER=AMD64 Family 21 Model 112 Stepping 0, AuthenticAMD
TMP=C:\Users\vinay\AppData\Local\Temp
TEMP=C:\Users\vinay\AppData\Local\Temp




Periodic native trim disabled

JNI global refs:
JNI global refs: 36, weak refs: 0

JNI global refs memory usage: 835, weak refs: 833

Process memory usage:
Resident Set Size: 523624K (13% of 3848348K total physical memory with 80704K free physical memory)

OOME stack traces (most recent first):
Classloader memory used:
Loader java.net.URLClassLoader                                                         : 72366K
Loader org.gradle.internal.classloader.VisitableURLClassLoader$InstrumentingVisitableURLClassLoader: 61557K
Loader org.gradle.internal.classloader.VisitableURLClassLoader                         : 50268K
Loader bootstrap                                                                       : 35498K
Loader org.gradle.initialization.MixInLegacyTypesClassLoader                           : 14080K
Loader jdk.internal.loader.ClassLoaders$AppClassLoader                                 : 9960K
Loader jdk.internal.jrtfs.JrtFileSystemProvider$JrtFsLoader                            : 1491K
Loader jdk.internal.loader.ClassLoaders$PlatformClassLoader                            : 772K
Loader jdk.internal.reflect.DelegatingClassLoader                                      : 732K
Loader org.gradle.internal.classloader.VisitableURLClassLoader                         : 512K
Loader org.gradle.groovy.scripts.internal.DefaultScriptCompilationHandler$ScriptClassLoader: 269K
Loader com.intellij.util.lang.UrlClassLoader                                           : 196K
Loader org.codehaus.groovy.runtime.callsite.CallSiteClassLoader                        : 15144B
Loader sun.reflect.misc.MethodUtil                                                     : 2984B

Classes loaded by more than one classloader:
Class Program                                                                         : loaded 19 times (x 72B)
Class Build_gradle$1                                                                  : loaded 12 times (x 74B)
Class Build_gradle                                                                    : loaded 12 times (x 130B)
Class Build_gradle$2                                                                  : loaded 11 times (x 75B)
Class Build_gradle$1$1                                                                : loaded 10 times (x 78B)
Class jdk.internal.jimage.ImageLocation                                               : loaded 6 times (x 90B)
Class jdk.internal.jimage.ImageBufferCache$1                                          : loaded 6 times (x 83B)
Class jdk.internal.jimage.ImageBufferCache$2                                          : loaded 6 times (x 91B)
Class jdk.internal.jimage.ImageHeader                                                 : loaded 6 times (x 71B)
Class jdk.internal.jrtfs.JrtDirectoryStream                                           : loaded 6 times (x 89B)
Class jdk.internal.jrtfs.JrtDirectoryStream$1                                         : loaded 6 times (x 83B)
Class jdk.internal.jimage.ImageStringsReader                                          : loaded 6 times (x 80B)
Class jdk.internal.jrtfs.JrtFileSystemProvider                                        : loaded 6 times (x 101B)
Class jdk.internal.jrtfs.SystemImage$2                                                : loaded 6 times (x 76B)
Class jdk.internal.jimage.ImageReader$SharedImageReader                               : loaded 6 times (x 95B)
Class jdk.internal.jimage.ImageReader$Node                                            : loaded 6 times (x 84B)
Class jdk.internal.jimage.BasicImageReader$1                                          : loaded 6 times (x 77B)
Class jdk.internal.jimage.decompressor.Decompressor                                   : loaded 6 times (x 72B)
Class jdk.internal.jimage.BasicImageReader                                            : loaded 6 times (x 95B)
Class jdk.internal.jimage.ImageReader$Resource                                        : loaded 6 times (x 84B)
Class jdk.internal.jrtfs.JrtFileAttributes                                            : loaded 6 times (x 83B)
Class jdk.internal.jimage.ImageBufferCache                                            : loaded 6 times (x 71B)
Class jdk.internal.jrtfs.JrtPath                                                      : loaded 6 times (x 118B)
Class jdk.internal.jimage.ImageReader$SharedImageReader$LocationVisitor               : loaded 6 times (x 70B)
Class jdk.internal.jrtfs.SystemImage$1                                                : loaded 6 times (x 78B)
Class jdk.internal.jimage.ImageReader$Directory                                       : loaded 6 times (x 84B)
Class jdk.internal.jimage.ImageReader                                                 : loaded 6 times (x 75B)
Class Build_gradle$3                                                                  : loaded 6 times (x 78B)
Class jdk.internal.jimage.ImageStrings                                                : loaded 6 times (x 70B)
Class jdk.internal.jrtfs.SystemImage                                                  : loaded 6 times (x 74B)
Class jdk.internal.jrtfs.JrtFileSystem                                                : loaded 6 times (x 102B)
Class jdk.internal.jrtfs.JrtFileStore                                                 : loaded 5 times (x 83B)
Class jdk.internal.jrtfs.ExplodedImage                                                : loaded 5 times (x 77B)
Class jdk.internal.jimage.BasicImageReader$2                                          : loaded 5 times (x 77B)
Class jdk.internal.jimage.ImageReader$LinkNode                                        : loaded 5 times (x 84B)
Class org.gradle.kotlin.dsl.TestImplementationConfigurationAccessorsKt                : loaded 5 times (x 71B)
Class org.gradle.kotlin.dsl.ImplementationConfigurationAccessorsKt                    : loaded 5 times (x 71B)
Class Build_gradle$2$1                                                                : loaded 4 times (x 78B)
Class org.gradle.kotlin.dsl.Accessors7y9hz5zm5pocrb21isjhik2uhKt                      : loaded 4 times (x 71B)
Class com.google.common.base.CharMatcher$IsEither                                     : loaded 3 times (x 111B)
Class com.google.common.collect.ImmutableSet$RegularSetBuilderImpl                    : loaded 3 times (x 77B)
Class com.google.common.collect.ImmutableRangeSet$ComplementRanges                    : loaded 3 times (x 207B)
Class com.google.common.collect.ImmutableMapKeySet                                    : loaded 3 times (x 152B)
Class [Lcom.google.common.base.AbstractIterator$State;                                : loaded 3 times (x 69B)
Class com.google.common.io.Files                                                      : loaded 3 times (x 71B)
Class com.google.common.collect.ImmutableList$1                                       : loaded 3 times (x 97B)
Class com.google.common.collect.SortedMapDifference                                   : loaded 3 times (x 70B)
Class [Lcom.google.common.collect.MapMakerInternalMap$Strength;                       : loaded 3 times (x 69B)
Class com.google.common.collect.CollectPreconditions                                  : loaded 3 times (x 71B)
Class com.google.common.base.Preconditions                                            : loaded 3 times (x 71B)
Class com.google.common.collect.ImmutableEntry                                        : loaded 3 times (x 82B)
Class [Lcom.google.common.collect.AbstractMapEntry;                                   : loaded 3 times (x 69B)
Class com.google.common.base.CharMatcher$NegatedFastMatcher                           : loaded 3 times (x 113B)
Class com.google.common.collect.ImmutableEnumSet                                      : loaded 3 times (x 146B)
Class com.google.common.collect.AbstractRangeSet                                      : loaded 3 times (x 114B)
Class com.google.common.collect.MapMakerInternalMap$WeakValueReference                : loaded 3 times (x 70B)
Class com.google.common.collect.ImmutableMap                                          : loaded 3 times (x 120B)
Class com.google.common.base.Predicate                                                : loaded 3 times (x 70B)
Class com.google.common.collect.Sets                                                  : loaded 3 times (x 71B)
Class com.google.common.base.CharMatcher$FastMatcher                                  : loaded 3 times (x 111B)
Class com.google.common.collect.MapMakerInternalMap                                   : loaded 3 times (x 161B)
Class Settings_gradle                                                                 : loaded 3 times (x 128B)
Class org.objectweb.asm.Attribute                                                     : loaded 3 times (x 77B)
Class com.google.common.base.CharMatcher$Or                                           : loaded 3 times (x 112B)
Class org.objectweb.asm.MethodWriter                                                  : loaded 3 times (x 106B)
Class com.google.common.collect.ImmutableMap$MapViewOfValuesAsSingletonSets           : loaded 3 times (x 126B)
Class com.google.common.io.Closer$Suppressor                                          : loaded 3 times (x 70B)
Class com.google.common.io.LineProcessor                                              : loaded 3 times (x 70B)
Class com.google.common.collect.ImmutableSet                                          : loaded 3 times (x 145B)
Class com.google.common.base.CharMatcher$BitSetMatcher                                : loaded 3 times (x 112B)
Class com.google.common.io.Closer                                                     : loaded 3 times (x 78B)
Class com.google.common.collect.RegularImmutableMap$Values                            : loaded 3 times (x 207B)
Class com.google.common.base.AbstractIterator                                         : loaded 3 times (x 80B)
Class com.google.common.math.IntMath$1                                                : loaded 3 times (x 71B)
Class com.google.common.io.Files$FileByteSink                                         : loaded 3 times (x 77B)
Class com.google.common.graph.SuccessorsFunction                                      : loaded 3 times (x 70B)
Class org.objectweb.asm.Type                                                          : loaded 3 times (x 72B)
Class org.objectweb.asm.Label                                                         : loaded 3 times (x 73B)
Class com.google.common.collect.Sets$SetView                                          : loaded 3 times (x 138B)
Class com.google.common.collect.ImmutableRangeSet$Builder                             : loaded 3 times (x 77B)
Class com.google.common.base.CharMatcher                                              : loaded 3 times (x 111B)
Class com.google.common.collect.Maps$8                                                : loaded 3 times (x 82B)
Class com.google.common.collect.MapMakerInternalMap$InternalEntryHelper               : loaded 3 times (x 70B)
Class com.google.common.collect.RangeGwtSerializationDependencies                     : loaded 3 times (x 71B)
Class com.google.common.collect.UnmodifiableListIterator                              : loaded 3 times (x 95B)
Class org.objectweb.asm.ClassVisitor                                                  : loaded 3 times (x 88B)
Class [Lcom.google.common.collect.ImmutableEntry;                                     : loaded 3 times (x 69B)
Class com.google.common.collect.MapMaker                                              : loaded 3 times (x 72B)
Class org.objectweb.asm.MethodVisitor                                                 : loaded 3 times (x 105B)
Class com.google.common.collect.Maps                                                  : loaded 3 times (x 71B)
Class com.google.common.collect.RegularImmutableMap                                   : loaded 3 times (x 121B)
Class com.google.common.collect.RegularImmutableBiMap                                 : loaded 3 times (x 149B)
Class com.google.common.base.CharMatcher$1                                            : loaded 3 times (x 113B)
Class com.google.common.base.CharMatcher$NamedFastMatcher                             : loaded 3 times (x 112B)
Class com.google.common.collect.RegularImmutableList                                  : loaded 3 times (x 213B)
Class com.google.common.collect.IndexedImmutableSet$1                                 : loaded 3 times (x 213B)
Class com.google.common.base.Function                                                 : loaded 3 times (x 70B)
Class com.google.common.collect.ImmutableMapEntry$NonTerminalImmutableMapEntry        : loaded 3 times (x 85B)
Class com.google.common.base.Equivalence                                              : loaded 3 times (x 82B)
Class com.google.common.collect.ImmutableMapEntry                                     : loaded 3 times (x 85B)
Class com.google.common.collect.MapMakerInternalMap$InternalEntry                     : loaded 3 times (x 70B)
Class com.google.common.math.IntMath                                                  : loaded 3 times (x 71B)
Class com.google.common.collect.RegularImmutableSortedSet                             : loaded 3 times (x 300B)
Class com.google.common.base.CommonPattern                                            : loaded 3 times (x 74B)
Class com.google.common.base.CharMatcher$IsNot                                        : loaded 3 times (x 111B)
Class com.google.common.collect.ImmutableSortedSet                                    : loaded 3 times (x 300B)
Class com.google.common.base.CharMatcher$Negated                                      : loaded 3 times (x 113B)
Class com.google.common.collect.Maps$EntryTransformer                                 : loaded 3 times (x 70B)
Class com.google.common.base.Splitter$Strategy                                        : loaded 3 times (x 70B)
Class [Lcom.google.common.collect.MapMakerInternalMap$Segment;                        : loaded 3 times (x 69B)
Class com.google.common.collect.CollectCollectors                                     : loaded 3 times (x 71B)
Class com.google.common.collect.ImmutableAsList                                       : loaded 3 times (x 209B)
Class com.google.common.base.FunctionalEquivalence                                    : loaded 3 times (x 83B)
Class com.google.common.base.CharMatcher$Is                                           : loaded 3 times (x 111B)
Class com.google.common.collect.Lists                                                 : loaded 3 times (x 71B)
Class com.google.common.collect.MapMakerInternalMap$Strength                          : loaded 3 times (x 80B)
Class com.google.common.base.Converter                                                : loaded 3 times (x 90B)
Class com.google.common.collect.ImmutableSet$CachingAsList                            : loaded 3 times (x 148B)
Class com.google.common.collect.ImmutableMapEntrySet$RegularEntrySet                  : loaded 3 times (x 152B)
Class com.google.common.collect.ImmutableCollection                                   : loaded 3 times (x 125B)
Class com.google.common.base.CharMatcher$AnyOf                                        : loaded 3 times (x 112B)
Class com.google.common.collect.Maps$BiMapConverter                                   : loaded 3 times (x 90B)
Class com.google.common.base.CharMatcher$ForPredicate                                 : loaded 3 times (x 112B)
Class com.google.common.base.Splitter$SplittingIterator                               : loaded 3 times (x 84B)
Class com.google.common.collect.ImmutableSet$JdkBackedSetBuilderImpl                  : loaded 3 times (x 76B)
Class Build_gradle$2$4                                                                : loaded 3 times (x 78B)
Class com.google.common.collect.ImmutableBiMap                                        : loaded 3 times (x 143B)
Class com.google.common.collect.SortedIterable                                        : loaded 3 times (x 70B)
Class com.google.common.collect.ImmutableSet$Builder                                  : loaded 3 times (x 85B)
Class Build_gradle$2$3                                                                : loaded 3 times (x 78B)
Class com.google.common.base.CharMatcher$InRange                                      : loaded 3 times (x 111B)
Class Build_gradle$2$2                                                                : loaded 3 times (x 78B)
Class com.google.common.collect.ImmutableMap$IteratorBasedImmutableMap                : loaded 3 times (x 126B)
Class com.google.common.collect.SingletonImmutableSet                                 : loaded 3 times (x 146B)
Class com.google.common.collect.RegularImmutableMap$BucketOverflowException           : loaded 3 times (x 82B)
Class com.google.common.collect.ImmutableSet$EmptySetBuilderImpl                      : loaded 3 times (x 76B)
Class com.google.common.base.JdkPattern                                               : loaded 3 times (x 75B)
Class com.google.common.io.Files$FileByteSource                                       : loaded 3 times (x 85B)
Class com.google.common.collect.ImmutableList$ReverseImmutableList                    : loaded 3 times (x 209B)
Class com.google.common.collect.ImmutableList                                         : loaded 3 times (x 206B)
Class com.google.common.io.ByteSink                                                   : loaded 3 times (x 76B)
Class com.google.common.collect.SingletonImmutableList                                : loaded 3 times (x 207B)
Class com.google.common.collect.MapMakerInternalMap$Segment                           : loaded 3 times (x 142B)
Class com.google.common.collect.Multimap                                              : loaded 3 times (x 70B)
Class com.google.common.base.CharMatcher$None                                         : loaded 3 times (x 112B)
Class com.google.common.primitives.IntsMethodsForWeb                                  : loaded 3 times (x 71B)
Class com.google.common.base.NullnessCasts                                            : loaded 3 times (x 71B)
Class com.google.common.collect.ImmutableMap$Builder                                  : loaded 3 times (x 82B)
Class org.jetbrains.kotlin.util.capitalizeDecapitalize.CapitalizeDecapitalizeKt       : loaded 3 times (x 71B)
Class com.google.common.collect.ImmutableMapEntrySet                                  : loaded 3 times (x 152B)
Class com.google.common.math.MathPreconditions                                        : loaded 3 times (x 71B)
Class com.google.common.collect.AbstractIndexedListIterator                           : loaded 3 times (x 96B)
Class com.google.common.collect.ObjectArrays                                          : loaded 3 times (x 71B)
Class com.google.common.primitives.Ints                                               : loaded 3 times (x 71B)
Class com.google.common.collect.BiMap                                                 : loaded 3 times (x 70B)
Class com.google.common.collect.ImmutableMap$1                                        : loaded 3 times (x 81B)
Class com.google.common.collect.IndexedImmutableSet                                   : loaded 3 times (x 152B)
Class com.google.common.collect.ImmutableSet$SetBuilderImpl                           : loaded 3 times (x 76B)
Class com.google.common.base.CharMatcher$And                                          : loaded 3 times (x 112B)
Class com.google.common.collect.ImmutableBiMap$Builder                                : loaded 3 times (x 82B)
Class com.google.common.collect.ImmutableList$SubList                                 : loaded 3 times (x 209B)
Class com.google.common.base.Equivalence$Equals                                       : loaded 3 times (x 82B)
Class [Lcom.google.common.collect.ImmutableMapEntry;                                  : loaded 3 times (x 69B)
Class com.google.common.collect.Lists$StringAsImmutableList                           : loaded 3 times (x 207B)
Class com.google.common.io.ByteSource                                                 : loaded 3 times (x 84B)
Class com.google.common.collect.MapMakerInternalMap$1                                 : loaded 3 times (x 83B)
Class com.google.common.collect.Range                                                 : loaded 3 times (x 87B)
Class com.google.common.collect.RegularImmutableAsList                                : loaded 3 times (x 217B)
Class com.google.common.collect.ImmutableRangeSet$1                                   : loaded 3 times (x 210B)
Class com.google.common.collect.ImmutableList$Builder                                 : loaded 3 times (x 77B)
Class com.google.common.collect.AbstractMapEntry                                      : loaded 3 times (x 81B)
Class com.google.common.collect.SingletonImmutableBiMap                               : loaded 3 times (x 143B)
Class com.google.common.collect.RegularImmutableSet                                   : loaded 3 times (x 149B)
Class com.google.common.collect.UnmodifiableIterator                                  : loaded 3 times (x 80B)
Class [Lorg.objectweb.asm.Type;                                                       : loaded 3 times (x 69B)
Class com.google.common.base.MoreObjects                                              : loaded 3 times (x 71B)
Class com.google.common.collect.RegularImmutableMap$KeySet                            : loaded 3 times (x 152B)
Class com.google.common.collect.ImmutableCollection$Builder                           : loaded 3 times (x 76B)
Class com.google.common.collect.ImmutableRangeSet$AsSet                               : loaded 3 times (x 300B)
Class com.google.common.collect.ImmutableRangeSet                                     : loaded 3 times (x 115B)
Class com.google.common.base.Equivalence$Identity                                     : loaded 3 times (x 82B)
Class com.google.common.collect.RangeSet                                              : loaded 3 times (x 70B)
Class com.google.common.collect.ImmutableEnumMap                                      : loaded 3 times (x 126B)
Class com.google.common.collect.MapDifference                                         : loaded 3 times (x 70B)
Class com.google.common.base.Splitter$1                                               : loaded 3 times (x 77B)
Class com.google.common.collect.Hashing                                               : loaded 3 times (x 71B)
Class com.google.common.collect.Sets$4                                                : loaded 3 times (x 139B)
Class com.google.common.collect.MapMakerInternalMap$StrongValueEntry                  : loaded 3 times (x 70B)
Class com.google.common.collect.Sets$3                                                : loaded 3 times (x 139B)
Class com.google.common.base.AbstractIterator$State                                   : loaded 3 times (x 79B)
Class com.google.common.collect.MapMakerInternalMap$Strength$2                        : loaded 3 times (x 80B)
Class com.google.common.base.PairwiseEquivalence                                      : loaded 3 times (x 83B)
Class com.google.common.collect.Sets$2                                                : loaded 3 times (x 139B)
Class com.google.common.collect.MapMakerInternalMap$Strength$1                        : loaded 3 times (x 80B)
Class com.google.common.collect.Sets$1                                                : loaded 3 times (x 139B)
Class com.google.common.base.Splitter                                                 : loaded 3 times (x 72B)
Class kotlin.jvm.internal.ArrayIteratorKt                                             : loaded 2 times (x 71B)
Class com.android.ide.common.gradle.Numeric                                           : loaded 2 times (x 77B)
Class com.google.common.collect.ImmutableSet$SerializedForm                           : loaded 2 times (x 73B)
Class com.google.common.collect.ComparatorOrdering                                    : loaded 2 times (x 115B)
Class org.jetbrains.kotlin.incremental.ClasspathChanges                               : loaded 2 times (x 71B)
Class org.jetbrains.kotlin.buildtools.api.jvm.ClassSnapshotGranularity                : loaded 2 times (x 79B)
Class org.jetbrains.kotlin.gradle.ExternalKotlinTargetApi                             : loaded 2 times (x 70B)
Class com.google.common.collect.Iterators$EmptyModifiableIterator                     : loaded 2 times (x 86B)
Class org.jetbrains.kotlin.gradle.plugin.diagnostics.checkers.AndroidPluginWithoutAndroidTargetChecker$runChecks$1: loaded 2 times (x 88B)
Class org.jetbrains.kotlin.gradle.plugin.diagnostics.checkers.AndroidSourceSetLayoutV1SourceSetsNotFoundChecker$runChecks$1: loaded 2 times (x 88B)
Class org.jetbrains.kotlin.gradle.plugin.diagnostics.KotlinGradleProjectCheckersRunnerKt$launchKotlinGradleProjectCheckers$1$1: loaded 2 times (x 95B)
Class org.jetbrains.kotlin.konan.target.KonanTarget                                   : loaded 2 times (x 78B)
Class org.jetbrains.kotlin.gradle.targets.CreateDefaultTestRunSideEffectKt            : loaded 2 times (x 71B)
Class org.jetbrains.kotlin.gradle.utils.ProviderApiUtilsKt$mapOrNull$1                : loaded 2 times (x 75B)
Class org.jetbrains.kotlin.gradle.targets.native.toolchain.KotlinNativeBundleBuildService$Companion$registerIfAbsent$1: loaded 2 times (x 75B)
Class org.jetbrains.kotlin.statistics.metrics.BooleanAnonymizationPolicy              : loaded 2 times (x 85B)
Class org.jetbrains.kotlin.statistics.metrics.BooleanOverridePolicy$OVERRIDE          : loaded 2 times (x 85B)
Class org.jetbrains.kotlin.gradle.plugin.PropertiesProvider$kotlinExperimentalTryNext$1: loaded 2 times (x 75B)
Class org.jetbrains.kotlin.gradle.plugin.VariantImplementationFactoriesConfigurator$Companion$getProvider$1: loaded 2 times (x 74B)
Class org.objectweb.asm.AnnotationVisitor                                             : loaded 2 times (x 78B)
Class org.gradle.api.internal.DefaultClassPathProvider                                : loaded 2 times (x 76B)
Class kotlin.collections.builders.MapBuilder$EntryRef                                 : loaded 2 times (x 81B)
Class [Lkotlin.reflect.KCallable;                                                     : loaded 2 times (x 69B)
Class kotlin.sequences.SequenceScope                                                  : loaded 2 times (x 73B)
Class kotlin.reflect.jvm.internal.impl.builtins.jvm.JavaToKotlinClassMap$PlatformMutabilityMapping: loaded 2 times (x 72B)
Class kotlin.reflect.jvm.internal.KProperty1Impl$$Lambda$0                            : loaded 2 times (x 76B)
Class it.unimi.dsi.fastutil.ints.IntSet                                               : loaded 2 times (x 70B)
Class it.unimi.dsi.fastutil.ints.IntIterable                                          : loaded 2 times (x 70B)
Class kotlin.text.MatchResult                                                         : loaded 2 times (x 70B)
Class kotlin.sequences.Sequence                                                       : loaded 2 times (x 70B)
Class kotlin.text.StringsKt__StringNumberConversionsJVMKt                             : loaded 2 times (x 71B)
Class kotlin.reflect.KProperty$Accessor                                               : loaded 2 times (x 70B)
Class com.google.common.io.CharSource$ConcatenatedCharSource                          : loaded 2 times (x 86B)
Class com.google.common.collect.Maps$ViewCachingAbstractMap                           : loaded 2 times (x 125B)
Class com.google.common.collect.NaturalOrdering                                       : loaded 2 times (x 115B)
Class org.jetbrains.kotlin.gradle.tasks.configuration.KaptGenerateStubsConfig$Companion$wireJavaAndKotlinOutputs$1: loaded 2 times (x 79B)
Class org.jetbrains.kotlin.gradle.plugin.KotlinPluginLifecycleCoroutineContextElement : loaded 2 times (x 84B)
Class org.jetbrains.kotlin.gradle.dsl.PlatformSourceSetConventionsChecker             : loaded 2 times (x 74B)
Class org.jetbrains.kotlin.gradle.plugin.diagnostics.checkers.KotlinSourceSetTreeDependsOnMismatchChecker: loaded 2 times (x 74B)
Class org.jetbrains.kotlin.gradle.targets.CreateDefaultCompilationsSideEffectKt       : loaded 2 times (x 71B)
Class org.jetbrains.kotlin.gradle.plugin.mpp.SyncLanguageSettingsWithKotlinExtensionSetupActionKt: loaded 2 times (x 71B)
Class org.jetbrains.kotlin.statistics.metrics.NumericalMetrics                        : loaded 2 times (x 80B)
Class org.jetbrains.kotlin.gradle.plugin.VariantImplementationFactories$Companion$getProvider$2$1: loaded 2 times (x 79B)
Class [Lorg.gradle.api.internal.ClassPathProvider;                                    : loaded 2 times (x 69B)
Class org.gradle.api.internal.ClassPathProvider                                       : loaded 2 times (x 70B)
Class kotlin.reflect.jvm.internal.KCallableImpl                                       : loaded 2 times (x 105B)
Class kotlin.reflect.jvm.internal.impl.builtins.functions.FunctionTypeKind$Function   : loaded 2 times (x 72B)
Class kotlin.jvm.functions.Function20                                                 : loaded 2 times (x 70B)
Class kotlin.reflect.jvm.internal.KProperty1Impl$$Lambda$1                            : loaded 2 times (x 76B)
Class org.jetbrains.kotlin.cli.common.CompilerSystemProperties                        : loaded 2 times (x 80B)
Class kotlin.collections.CollectionsKt___CollectionsKt$asSequence$$inlined$Sequence$1 : loaded 2 times (x 75B)
Class kotlin.jvm.internal.AdaptedFunctionReference                                    : loaded 2 times (x 77B)
Class com.google.common.collect.ListMultimap                                          : loaded 2 times (x 70B)
Class org.jetbrains.kotlin.gradle.plugin.statistics.ExecutedTaskMetrics               : loaded 2 times (x 71B)
Class org.jetbrains.kotlin.gradle.plugin.diagnostics.CheckKotlinGradlePluginConfigurationErrors$Companion: loaded 2 times (x 71B)
Class org.jetbrains.kotlin.gradle.tasks.KotlinJvmCompile$DefaultImpls                 : loaded 2 times (x 71B)
Class org.jetbrains.kotlin.gradle.tasks.CacheableTasksKt                              : loaded 2 times (x 71B)
Class org.jetbrains.kotlin.konan.target.HostManager$targetValues$2                    : loaded 2 times (x 78B)
Class org.jetbrains.kotlin.gradle.plugin.diagnostics.checkers.UnusedSourceSetsChecker$runChecks$1: loaded 2 times (x 88B)
Class [Lorg.jetbrains.kotlin.konan.target.Family;                                     : loaded 2 times (x 69B)
Class org.jetbrains.kotlin.gradle.targets.js.npm.PeerNpmDependencyExtension           : loaded 2 times (x 70B)
Class org.jetbrains.kotlin.gradle.dsl.AndroidMainSourceSetConventionsChecker          : loaded 2 times (x 74B)
Class org.jetbrains.kotlin.gradle.plugin.diagnostics.checkers.WasmJsEnvironmentChecker$1: loaded 2 times (x 78B)
Class org.jetbrains.kotlin.gradle.targets.js.npm.NpmDependencyExtensionKt$AddNpmDependencyExtensionProjectSetupAction$1: loaded 2 times (x 74B)
Class org.jetbrains.kotlin.build.report.metrics.GradleBuildPerformanceMetric          : loaded 2 times (x 97B)
Class org.jetbrains.kotlin.gradle.internal.properties.PropertiesBuildService$NullableBooleanGradleProperty: loaded 2 times (x 76B)
Class [Lorg.objectweb.asm.AnnotationVisitor;                                          : loaded 2 times (x 69B)
Class com.google.common.cache.LocalCache$LocalLoadingCache                            : loaded 2 times (x 134B)
Class org.gradle.internal.service.UnknownServiceException                             : loaded 2 times (x 83B)
Class org.jetbrains.kotlin.gradle.plugin.sources.DefaultKotlinSourceSetFactory        : loaded 2 times (x 80B)
Class it.unimi.dsi.fastutil.longs.LongIterable                                        : loaded 2 times (x 70B)
Class kotlin.jvm.functions.Function21                                                 : loaded 2 times (x 70B)
Class kotlin.reflect.jvm.internal.impl.name.ClassId                                   : loaded 2 times (x 72B)
Class org.jetbrains.kotlin.gradle.plugin.diagnostics.ToolingDiagnostic                : loaded 2 times (x 72B)
Class com.google.common.io.ByteArrayDataInput                                         : loaded 2 times (x 70B)
Class org.jetbrains.kotlin.gradle.tasks.configuration.BaseKotlinCompileConfig$2$1$1$1 : loaded 2 times (x 74B)
Class org.jetbrains.kotlin.gradle.tasks.KotlinCompile$ScriptFilterSpec                : loaded 2 times (x 75B)
Class org.jetbrains.kotlin.gradle.plugin.diagnostics.checkers.ComposePluginSuggestApplyChecker$runChecks$1: loaded 2 times (x 88B)
Class org.jetbrains.kotlin.konan.target.KonanTarget$TVOS_ARM64                        : loaded 2 times (x 78B)
Class org.jetbrains.kotlin.gradle.targets.js.npm.DefaultPeerNpmDependencyExtension    : loaded 2 times (x 141B)
Class org.jetbrains.kotlin.gradle.plugin.KotlinPluginLifecycleKt                      : loaded 2 times (x 71B)
Class org.jetbrains.kotlin.gradle.plugin.diagnostics.checkers.WasmJsEnvironmentChecker$2: loaded 2 times (x 78B)
Class org.jetbrains.kotlin.gradle.plugin.mpp.AbstractKotlinTarget                     : loaded 2 times (x 150B)
Class org.jetbrains.kotlin.gradle.internal.properties.NativePropertiesLoader$kotlinNativeVersion$1: loaded 2 times (x 75B)
Class org.jetbrains.kotlin.gradle.plugin.VariantImplementationFactoriesConfigurator$Inject: loaded 2 times (x 96B)
Class org.jetbrains.kotlin.gradle.dsl.KotlinSingleTargetExtension                     : loaded 2 times (x 124B)
Class org.objectweb.asm.ModuleVisitor                                                 : loaded 2 times (x 81B)
Class com.google.common.cache.LocalCache$Strength$1                                   : loaded 2 times (x 81B)
Class kotlin.collections.builders.MapBuilderEntries                                   : loaded 2 times (x 145B)
Class kotlin.annotation.AnnotationRetention                                           : loaded 2 times (x 79B)
Class [Lcom.android.resources.ResourceType;                                           : loaded 2 times (x 69B)
Class kotlin.collections.MapWithDefault                                               : loaded 2 times (x 70B)
Class kotlin.jvm.functions.Function22                                                 : loaded 2 times (x 70B)
Class it.unimi.dsi.fastutil.objects.ObjectSpliterator                                 : loaded 2 times (x 70B)
Class kotlin.coroutines.jvm.internal.SuspendLambda                                    : loaded 2 times (x 91B)
Class kotlin.coroutines.jvm.internal.ContinuationImpl                                 : loaded 2 times (x 87B)
Class org.jetbrains.kotlin.gradle.tasks.configuration.BaseKotlinCompileConfig$2$1$1$2 : loaded 2 times (x 74B)
Class org.jetbrains.kotlin.gradle.plugin.mpp.KotlinCompilationsKt$addSourcesToKotlinCompileTask$configureAction$2: loaded 2 times (x 79B)
Class org.jetbrains.kotlin.gradle.plugin.mpp.compilationImpl.KotlinCompilationTaskNamesContainer: loaded 2 times (x 72B)
Class org.jetbrains.kotlin.gradle.plugin.mpp.compilationImpl.factory.KotlinCompilationImplFactory$KotlinCompilerOptionsFactory: loaded 2 times (x 70B)
Class org.jetbrains.kotlin.gradle.internal.properties.PropertiesBuildServiceKt$propertyWithDeprecatedName$1: loaded 2 times (x 75B)
Class org.jetbrains.kotlin.gradle.targets.js.npm.NpmDependencyExtension               : loaded 2 times (x 70B)
Class org.jetbrains.kotlin.gradle.plugin.LanguageSettingsBuilder                      : loaded 2 times (x 70B)
Class org.jetbrains.kotlin.gradle.plugin.diagnostics.checkers.WasmWasiEnvironmentChecker: loaded 2 times (x 76B)
Class org.jetbrains.kotlin.gradle.plugin.diagnostics.checkers.WasmJsEnvironmentChecker$3: loaded 2 times (x 78B)
Class org.jetbrains.kotlin.gradle.targets.ConfigureBuildSideEffectKt                  : loaded 2 times (x 71B)
Class org.jetbrains.kotlin.gradle.plugin.BuildEventsListenerRegistryHolder$Companion  : loaded 2 times (x 71B)
Class [Lorg.jetbrains.kotlin.statistics.metrics.StringMetrics;                        : loaded 2 times (x 69B)
Class org.jetbrains.kotlin.gradle.internal.properties.PropertiesBuildService$Inject   : loaded 2 times (x 96B)
Class com.google.common.util.concurrent.SettableFuture                                : loaded 2 times (x 114B)
Class com.google.common.cache.LocalCache$Strength$2                                   : loaded 2 times (x 81B)
Class org.jetbrains.kotlin.gradle.tasks.TasksProviderKt                               : loaded 2 times (x 71B)
Class org.objectweb.asm.Handle                                                        : loaded 2 times (x 72B)
Class it.unimi.dsi.fastutil.ints.IntIterator                                          : loaded 2 times (x 70B)
Class kotlin.reflect.KTypeParameter                                                   : loaded 2 times (x 70B)
Class com.android.tools.lint.model.LintModelModuleLibrary                             : loaded 2 times (x 70B)
Class [Lcom.android.tools.lint.model.LintModelNamespacingMode;                        : loaded 2 times (x 69B)
Class com.android.tools.lint.model.LintModelSerialization$TargetFile                  : loaded 2 times (x 79B)
Class kotlin.collections.CollectionsKt__CollectionsKt                                 : loaded 2 times (x 71B)
Class kotlin.collections.ArraysKt___ArraysJvmKt                                       : loaded 2 times (x 71B)
Class org.jetbrains.kotlin.konan.target.KonanTarget$ANDROID_ARM32                     : loaded 2 times (x 78B)
Class kotlin.text.StringsKt__RegexExtensionsJVMKt                                     : loaded 2 times (x 71B)
Class org.jetbrains.kotlin.gradle.plugin.mpp.compilationImpl.DefaultKotlinCompilationConfigurationsContainer: loaded 2 times (x 84B)
Class com.google.common.io.ByteStreams                                                : loaded 2 times (x 71B)
Class com.google.common.collect.Interners$InternerImpl                                : loaded 2 times (x 75B)
Class com.google.common.collect.Interner                                              : loaded 2 times (x 70B)
Class com.google.common.collect.TransformedIterator                                   : loaded 2 times (x 80B)
Class com.google.common.collect.AllEqualOrdering                                      : loaded 2 times (x 114B)
Class org.jetbrains.kotlin.gradle.tasks.KotlinJavaToolchain$JdkSetter                 : loaded 2 times (x 70B)
Class org.jetbrains.kotlin.gradle.plugin.KotlinPluginLifecycle$ProjectConfigurationResult$Success: loaded 2 times (x 71B)
Class org.jetbrains.kotlin.gradle.internal.StdlibDependencyManagementKt$configureStdlibVersionAlignment$1: loaded 2 times (x 75B)
Class org.jetbrains.kotlin.gradle.plugin.diagnostics.checkers.OverriddenKotlinNativeHomeChecker$allKonanMainSubdirectoriesExist$1$1: loaded 2 times (x 75B)
Class org.jetbrains.kotlin.gradle.dsl.PlatformSourceSetConventionsChecker$CheckedPlatformInfo: loaded 2 times (x 72B)
Class org.jetbrains.kotlin.gradle.plugin.diagnostics.checkers.WasmJsEnvironmentChecker$4: loaded 2 times (x 78B)
Class org.jetbrains.kotlin.gradle.plugin.mpp.KotlinUsages$KotlinCinteropDisambiguation: loaded 2 times (x 76B)
Class org.jetbrains.kotlin.gradle.plugin.KotlinPluginInMultipleProjectsHolder         : loaded 2 times (x 72B)
Class org.jetbrains.kotlin.gradle.report.BuildReportType$Companion                    : loaded 2 times (x 71B)
Class com.google.common.cache.LocalCache$Strength$3                                   : loaded 2 times (x 81B)
Class kotlin.text.StringsKt__AppendableKt                                             : loaded 2 times (x 71B)
Class kotlin.reflect.jvm.internal.impl.builtins.functions.FunctionTypeKind            : loaded 2 times (x 72B)
Class kotlin._Assertions                                                              : loaded 2 times (x 71B)
Class kotlin.text.Regex$Companion                                                     : loaded 2 times (x 71B)
Class com.android.utils.Pair                                                          : loaded 2 times (x 72B)
Class com.google.common.reflect.Invokable                                             : loaded 2 times (x 103B)
Class com.google.common.collect.MapMaker$Dummy                                        : loaded 2 times (x 79B)
Class org.jetbrains.kotlin.gradle.tasks.KotlinCompilerPluginData$InputsOutputsState   : loaded 2 times (x 72B)
Class org.jetbrains.kotlin.gradle.plugin.sources.FragmentConsistencyChecks$optInAnnotationsCheck$1: loaded 2 times (x 79B)
Class org.jetbrains.kotlin.gradle.plugin.mpp.AbstractKotlinCompilationToRunnableFiles : loaded 2 times (x 196B)
Class org.jetbrains.kotlin.gradle.artifacts.KotlinMetadataArtifactKt$KotlinMetadataArtifact$1: loaded 2 times (x 74B)
Class org.jetbrains.kotlin.gradle.plugin.mpp.KotlinUsages$KotlinMetadataCompatibility : loaded 2 times (x 76B)
Class [Lorg.jetbrains.kotlin.gradle.dsl.JvmTarget;                                    : loaded 2 times (x 69B)
Class org.jetbrains.kotlin.gradle.utils.ConfigurationsKt$maybeCreateResolvable$1      : loaded 2 times (x 78B)
Class org.jetbrains.kotlin.gradle.plugin.StatisticsBuildFlowManager$Companion         : loaded 2 times (x 71B)
Class org.jetbrains.kotlin.statistics.metrics.StringMetrics$Companion                 : loaded 2 times (x 71B)
Class org.jetbrains.kotlin.gradle.internal.properties.PropertiesBuildService$property$1$1: loaded 2 times (x 75B)
Class org.jetbrains.kotlin.tooling.core.Extras$Type                                   : loaded 2 times (x 72B)
Class org.objectweb.asm.FieldWriter                                                   : loaded 2 times (x 78B)
Class com.google.common.cache.CacheBuilder$NullListener                               : loaded 2 times (x 82B)
Class org.gradle.internal.classpath.TransformedClassPath                              : loaded 2 times (x 96B)
Class org.gradle.internal.classloader.InstrumentingClassLoader                        : loaded 2 times (x 70B)
Class kotlin.coroutines.ContinuationInterceptor                                       : loaded 2 times (x 70B)
Class [Lkotlin.annotation.AnnotationTarget;                                           : loaded 2 times (x 69B)
Class com.android.utils.PositionXmlParser                                             : loaded 2 times (x 71B)
Class org.gradle.api.internal.classpath.EffectiveClassPath                            : loaded 2 times (x 90B)
Class org.jetbrains.kotlin.tooling.core.TypeUtils                                     : loaded 2 times (x 71B)
Class it.unimi.dsi.fastutil.longs.LongSet                                             : loaded 2 times (x 70B)
Class kotlin.reflect.jvm.internal.impl.name.StandardClassIds                          : loaded 2 times (x 71B)
Class [Lkotlin.coroutines.intrinsics.CoroutineSingletons;                             : loaded 2 times (x 69B)
Class it.unimi.dsi.fastutil.objects.ReferenceCollection                               : loaded 2 times (x 70B)
Class com.android.tools.lint.model.DefaultLintModelArtifact                           : loaded 2 times (x 84B)
Class kotlin.jvm.internal.FunctionReference                                           : loaded 2 times (x 122B)
Class kotlin.jvm.internal.FunctionBase                                                : loaded 2 times (x 70B)
Class kotlin.enums.EnumEntriesList                                                    : loaded 2 times (x 223B)
Class com.google.common.collect.ImmutableListMultimap                                 : loaded 2 times (x 176B)
Class org.jetbrains.kotlin.gradle.plugin.sources.FragmentConsistencyChecks$optInAnnotationsCheck$2: loaded 2 times (x 78B)
Class org.jetbrains.kotlin.gradle.targets.NativeForwardImplementationToApiElementsSideEffectKt$special$$inlined$KotlinTargetSideEffect$1: loaded 2 times (x 74B)
Class org.jetbrains.kotlin.gradle.plugin.BuildFinishedListenerService$Companion       : loaded 2 times (x 71B)
Class org.jetbrains.kotlin.gradle.plugin.BuildFinishedListenerService                 : loaded 2 times (x 80B)
Class com.google.common.cache.CacheLoader$FunctionToCacheLoader                       : loaded 2 times (x 75B)
Class com.google.common.collect.Iterators$ArrayItr                                    : loaded 2 times (x 97B)
Class org.jetbrains.kotlin.gradle.report.ConfigureReporingKt                          : loaded 2 times (x 71B)
Class kotlin.collections.builders.AbstractMapBuilderEntrySet                          : loaded 2 times (x 144B)
Class com.google.common.collect.ImmutableMapEntry$NonTerminalImmutableBiMapEntry      : loaded 2 times (x 85B)
Class org.jetbrains.kotlin.gradle.report.ReportingSettings$Companion                  : loaded 2 times (x 71B)
Class kotlin.collections.builders.ListBuilder$Companion                               : loaded 2 times (x 71B)
Class kotlin.collections.builders.ListBuilder                                         : loaded 2 times (x 207B)
Class kotlin.reflect.jvm.internal.impl.name.FqNamesUtilKt                             : loaded 2 times (x 71B)
Class kotlin.reflect.jvm.internal.impl.name.StandardClassIdsKt                        : loaded 2 times (x 71B)
Class kotlin.collections.CollectionsKt__IteratorsJVMKt                                : loaded 2 times (x 71B)
Class kotlin.comparisons.ComparisonsKt___ComparisonsJvmKt                             : loaded 2 times (x 71B)
Class com.google.common.collect.EmptyImmutableListMultimap                            : loaded 2 times (x 176B)
Class com.google.common.collect.BaseImmutableMultimap                                 : loaded 2 times (x 123B)
Class org.jetbrains.kotlin.gradle.tasks.AbstractKotlinCompileTool$sources$1           : loaded 2 times (x 79B)
Class org.jetbrains.kotlin.gradle.tasks.configuration.TaskConfigAction                : loaded 2 times (x 72B)
Class org.jetbrains.kotlin.gradle.plugin.diagnostics.checkers.OverriddenKotlinNativeHomeChecker$allKonanMainSubdirectoriesExist$1: loaded 2 times (x 75B)
Class org.jetbrains.kotlin.gradle.plugin.AbstractKotlinPlugin$Companion               : loaded 2 times (x 71B)
Class org.jetbrains.kotlin.gradle.plugin.KotlinSourceSetTree                          : loaded 2 times (x 72B)
Class org.jetbrains.kotlin.gradle.plugin.KotlinPluginLifecycle$Stage                  : loaded 2 times (x 79B)
Class org.jetbrains.kotlin.gradle.plugin.mpp.compilationImpl.KotlinCreateResourcesTaskSideEffectKt$KotlinCreateResourcesTaskSideEffect$1: loaded 2 times (x 74B)
Class org.jetbrains.kotlin.gradle.plugin.sources.KotlinSourceSetFactory               : loaded 2 times (x 80B)
Class org.jetbrains.kotlin.gradle.targets.native.toolchain.KotlinNativeBundleBuildService$Parameters_Decorated: loaded 2 times (x 143B)
Class org.jetbrains.kotlin.gradle.internal.ClassLoadersCachingBuildService$Companion  : loaded 2 times (x 71B)
Class com.google.common.base.Joiner                                                   : loaded 2 times (x 79B)
Class org.jetbrains.kotlin.gradle.dsl.KotlinTargetContainerWithJsPresetFunctions      : loaded 2 times (x 70B)
Class [Lorg.objectweb.asm.Attribute;                                                  : loaded 2 times (x 69B)
Class org.jetbrains.kotlin.utils.CollectionsKt                                        : loaded 2 times (x 71B)
Class kotlin.reflect.KProperty0                                                       : loaded 2 times (x 70B)
Class kotlin.Result                                                                   : loaded 2 times (x 72B)
Class it.unimi.dsi.fastutil.ints.IntCollection                                        : loaded 2 times (x 70B)
Class com.google.common.base.Splitter$5                                               : loaded 2 times (x 80B)
Class org.jetbrains.kotlin.gradle.plugin.KotlinProjectSetupActionKt                   : loaded 2 times (x 71B)
Class [Lorg.jetbrains.kotlin.build.report.metrics.BuildAttribute;                     : loaded 2 times (x 69B)
Class org.jetbrains.kotlin.gradle.utils.ProviderApiUtilsKt$mapOrNull$1$1              : loaded 2 times (x 75B)
Class org.jetbrains.kotlin.gradle.plugin.hierarchy.KotlinSourceSetTreeClassifier$Default: loaded 2 times (x 71B)
Class org.jetbrains.kotlin.gradle.plugin.mpp.InternalKotlinCompilationKt              : loaded 2 times (x 71B)
Class org.jetbrains.kotlin.gradle.tasks.configuration.AbstractKotlinCompileConfig     : loaded 2 times (x 72B)
Class org.jetbrains.kotlin.gradle.plugin.mpp.compilationImpl.KotlinCompilationImpl$attributes$2: loaded 2 times (x 79B)
Class org.jetbrains.kotlin.gradle.plugin.diagnostics.checkers.OverriddenKotlinNativeHomeChecker$StdlibExistenceCheckerValueSource: loaded 2 times (x 78B)
Class org.jetbrains.kotlin.build.report.metrics.GradleBuildTime                       : loaded 2 times (x 88B)
Class org.jetbrains.kotlin.gradle.utils.IsolatedKotlinClasspathClassCastException     : loaded 2 times (x 82B)
Class com.google.common.collect.Platform                                              : loaded 2 times (x 71B)
Class org.gradle.internal.service.ServiceLocator                                      : loaded 2 times (x 70B)
Class org.jetbrains.kotlin.gradle.plugin.mpp.compilationImpl.KotlinCreateNativeCompileTasksSideEffectKt: loaded 2 times (x 71B)
Class org.jetbrains.kotlin.gradle.plugin.mpp.KotlinTargetComponentWithPublication     : loaded 2 times (x 70B)
Class [Lorg.jetbrains.kotlin.gradle.plugin.KotlinCompilation;                         : loaded 2 times (x 69B)
Class kotlin.reflect.jvm.internal.KProperty2Impl$$Lambda$0                            : loaded 2 times (x 76B)
Class kotlin.reflect.KProperty1                                                       : loaded 2 times (x 70B)
Class kotlin.reflect.KClass                                                           : loaded 2 times (x 70B)
Class kotlin.Pair                                                                     : loaded 2 times (x 72B)
Class com.android.tools.lint.model.LintModelModuleType                                : loaded 2 times (x 79B)
Class kotlin.sequences.TransformingSequence$iterator$1                                : loaded 2 times (x 79B)
Class [Lkotlin.Function;                                                              : loaded 2 times (x 69B)
Class org.jetbrains.kotlin.gradle.plugin.diagnostics.RenderReportedDiagnosticsKt      : loaded 2 times (x 71B)
Class com.google.common.collect.HashBiMap$BiEntry                                     : loaded 2 times (x 83B)
Class com.google.common.collect.ImmutableSortedMap$Builder                            : loaded 2 times (x 90B)
Class org.jetbrains.kotlin.gradle.tasks.DefaultKotlinJavaToolchain$DefaultJavaToolchainSetter$useAsConvention$1: loaded 2 times (x 75B)
Class org.jetbrains.kotlin.gradle.plugin.KotlinCompilerArgumentsProducer$CreateCompilerArgumentsContext: loaded 2 times (x 70B)
Class org.jetbrains.kotlin.gradle.utils.GradleAttributesContainerUtilsKt$copyAttributeTo$1: loaded 2 times (x 79B)
Class org.jetbrains.kotlin.gradle.plugin.hierarchy.KotlinSourceSetTreeClassifierKt$classify$1: loaded 2 times (x 88B)
Class [Lorg.jetbrains.kotlin.konan.target.KonanTarget;                                : loaded 2 times (x 69B)
Class org.jetbrains.kotlin.gradle.plugin.diagnostics.checkers.WasmSourceSetsNotFoundChecker: loaded 2 times (x 74B)
Class org.jetbrains.kotlin.gradle.plugin.diagnostics.checkers.AndroidSourceSetLayoutV1SourceSetsNotFoundChecker$androidSourceSetRegex$2: loaded 2 times (x 78B)
Class org.jetbrains.kotlin.gradle.plugin.statistics.KotlinBuildStatsLoggerService$Companion: loaded 2 times (x 71B)
Class com.google.common.base.Ascii                                                    : loaded 2 times (x 71B)
Class com.google.common.cache.LocalCache$1                                            : loaded 2 times (x 89B)
Class com.google.common.collect.Iterators$SingletonIterator                           : loaded 2 times (x 81B)
Class org.jetbrains.kotlin.gradle.plugin.KotlinPluginLifecycleKt$await$1              : loaded 2 times (x 88B)
Class kotlin.sequences.GeneratorSequence$iterator$1                                   : loaded 2 times (x 79B)
Class kotlin.reflect.jvm.internal.KProperty2Impl$$Lambda$1                            : loaded 2 times (x 76B)
Class kotlin.reflect.KProperty2                                                       : loaded 2 times (x 70B)
Class kotlin.io.CloseableKt                                                           : loaded 2 times (x 71B)
Class com.android.tools.lint.model.LintModelDependency                                : loaded 2 times (x 70B)
Class kotlin.collections.CollectionsKt__MutableCollectionsKt                          : loaded 2 times (x 71B)
Class com.google.common.reflect.TypeToken$SimpleTypeToken                             : loaded 2 times (x 73B)
Class com.google.common.io.CharSource$StringCharSource                                : loaded 2 times (x 86B)
Class com.google.common.io.ByteSource$ByteArrayByteSource                             : loaded 2 times (x 85B)
Class com.google.common.collect.MapMakerInternalMap$AbstractStrongKeyEntry            : loaded 2 times (x 80B)
Class com.google.common.collect.AbstractSetMultimap                                   : loaded 2 times (x 174B)
Class org.jetbrains.kotlin.gradle.plugin.KotlinCompilationWithResources               : loaded 2 times (x 70B)
Class com.google.common.collect.Sets$ImprovedAbstractSet                              : loaded 2 times (x 135B)
Class org.jetbrains.kotlin.gradle.plugin.KotlinTargetPreset                           : loaded 2 times (x 70B)
Class org.jetbrains.kotlin.gradle.plugin.diagnostics.checkers.KotlinTargetAlreadyDeclaredChecker: loaded 2 times (x 74B)
Class org.jetbrains.kotlin.gradle.plugin.mpp.compilationImpl.KotlinCompilationProcessorSideEffectKt: loaded 2 times (x 71B)
Class org.jetbrains.kotlin.gradle.utils.FileUtilsKt$localProperties$1                 : loaded 2 times (x 75B)
Class org.jetbrains.kotlin.gradle.dsl.HasConfigurableKotlinCompilerOptions            : loaded 2 times (x 70B)
Class com.google.common.collect.AbstractMultimap                                      : loaded 2 times (x 123B)
Class com.google.common.cache.LocalCache$2                                            : loaded 2 times (x 142B)
Class it.unimi.dsi.fastutil.objects.Object2IntFunction                                : loaded 2 times (x 70B)
Class org.jetbrains.kotlin.gradle.plugin.mpp.compilationImpl.KotlinCompilationLanguageSettingsConfigurator: loaded 2 times (x 74B)
Class [Lcom.android.resources.ResourceType$Kind;                                      : loaded 2 times (x 69B)
Class it.unimi.dsi.fastutil.ints.IntSpliterator                                       : loaded 2 times (x 70B)
Class kotlin.reflect.jvm.internal.impl.utils.CollectionsKt                            : loaded 2 times (x 71B)
Class kotlin.reflect.jvm.internal.CacheByClass                                        : loaded 2 times (x 73B)
Class kotlin.coroutines.CoroutineContext$Element                                      : loaded 2 times (x 70B)
Class org.jetbrains.kotlin.build.report.metrics.BuildPerformanceMetrics               : loaded 2 times (x 72B)
Class kotlin.io.FilesKt__FilePathComponentsKt                                         : loaded 2 times (x 71B)
Class kotlin.reflect.KCallable                                                        : loaded 2 times (x 70B)
Class org.jetbrains.kotlin.gradle.tasks.configuration.AbstractKotlinCompileConfig$2$1 : loaded 2 times (x 79B)
Class org.jetbrains.kotlin.gradle.tasks.DefaultKotlinJavaToolchain_Decorated          : loaded 2 times (x 126B)
Class org.jetbrains.kotlin.gradle.plugin.statistics.KotlinProjectConfigurationMetrics : loaded 2 times (x 71B)
Class org.jetbrains.kotlin.gradle.plugin.KotlinCompilationInfo$TCS                    : loaded 2 times (x 89B)
Class org.jetbrains.kotlin.gradle.plugin.mpp.HasBinaries                              : loaded 2 times (x 70B)
Class org.jetbrains.kotlin.gradle.dsl.KotlinCommonOptions                             : loaded 2 times (x 70B)
Class org.jetbrains.kotlin.gradle.plugin.mpp.compilationImpl.KotlinCreateSourcesJarTaskSideEffectKt: loaded 2 times (x 71B)
Class org.jetbrains.kotlin.gradle.dsl.KotlinJvmProjectExtension                       : loaded 2 times (x 147B)
Class org.jetbrains.kotlin.gradle.plugin.KotlinGradlePluginExtensionPointInternalKt   : loaded 2 times (x 71B)
Class org.jetbrains.kotlin.gradle.targets.native.toolchain.UsesKotlinNativeBundleBuildService: loaded 2 times (x 70B)
Class org.jetbrains.kotlin.gradle.plugin.KotlinCompilerArgumentsProducer              : loaded 2 times (x 70B)
Class org.jetbrains.kotlin.build.report.metrics.ValueType                             : loaded 2 times (x 79B)
Class kotlin.collections.AbstractIterator                                             : loaded 2 times (x 83B)
Class com.google.common.collect.Ordering                                              : loaded 2 times (x 114B)
Class org.jetbrains.kotlin.cli.common.messages.MessageCollector$Companion             : loaded 2 times (x 71B)
Class kotlin.io.LinesSequence$iterator$1                                              : loaded 2 times (x 79B)
Class com.android.tools.lint.model.LintModelSeverity                                  : loaded 2 times (x 79B)
Class kotlin.text.CharsKt                                                             : loaded 2 times (x 71B)
Class com.android.io.CancellableFileIo                                                : loaded 2 times (x 71B)
Class com.google.common.base.Optional                                                 : loaded 2 times (x 80B)
Class org.jetbrains.kotlin.build.report.metrics.BuildTimes$Companion                  : loaded 2 times (x 71B)
Class org.jetbrains.kotlin.gradle.tasks.configuration.BaseKotlinCompileConfig$1$classpathConfiguration$1: loaded 2 times (x 75B)
Class org.jetbrains.kotlin.gradle.targets.js.npm.NpmDependencyExtensionDelegate       : loaded 2 times (x 167B)
Class org.jetbrains.kotlin.gradle.plugin.sources.FragmentConsistencyChecker           : loaded 2 times (x 72B)
Class org.jetbrains.kotlin.gradle.dsl.DefaultToolchainSupport_Decorated               : loaded 2 times (x 124B)
Class org.jetbrains.kotlin.gradle.internal.properties.NativePropertiesLoader$jvmArgs$1: loaded 2 times (x 75B)
Class org.jetbrains.kotlin.gradle.report.BuildMetricsService$Companion                : loaded 2 times (x 71B)
Class org.jetbrains.kotlin.gradle.tasks.KotlinCompileTool                             : loaded 2 times (x 70B)
Class org.jetbrains.kotlin.gradle.plugin.VariantImplementationFactories$Parameters_Decorated: loaded 2 times (x 134B)
Class org.jetbrains.kotlin.gradle.plugin.PropertiesProvider$PropertyNames             : loaded 2 times (x 71B)
Class org.jetbrains.kotlin.gradle.utils.SingleAction$PerformedActions                 : loaded 2 times (x 72B)
Class org.jetbrains.kotlin.gradle.utils.GradleUtilsKt                                 : loaded 2 times (x 71B)
Class org.jetbrains.kotlin.gradle.plugin.HasProject                                   : loaded 2 times (x 70B)
Class com.google.common.util.concurrent.AbstractFuture$Trusted                        : loaded 2 times (x 70B)
Class com.google.common.collect.Iterators                                             : loaded 2 times (x 71B)
Class kotlin.sequences.SequencesKt___SequencesKt$flatMap$2                            : loaded 2 times (x 125B)
Class [Lcom.android.ide.common.repository.AgpVersion$PreviewKind;                     : loaded 2 times (x 69B)
Class kotlin.collections.MutableMapWithDefault                                        : loaded 2 times (x 70B)
Class kotlin.reflect.jvm.internal.KMutableProperty1Impl                               : loaded 2 times (x 135B)
Class kotlin.reflect.jvm.internal.impl.builtins.functions.FunctionTypeKind$SuspendFunction: loaded 2 times (x 72B)
Class kotlin.jvm.internal.PropertyReference2Impl                                      : loaded 2 times (x 127B)
Class kotlin.coroutines.ContinuationInterceptor$Key                                   : loaded 2 times (x 71B)
Class kotlin.text.DelimitedRangesSequence$iterator$1                                  : loaded 2 times (x 79B)
Class it.unimi.dsi.fastutil.Function                                                  : loaded 2 times (x 70B)
Class com.android.tools.lint.model.DefaultLintModelLibraryResolver                    : loaded 2 times (x 76B)
Class kotlin.reflect.jvm.internal.KProperty1Impl                                      : loaded 2 times (x 128B)
Class com.google.common.io.ByteSink$AsCharSink                                        : loaded 2 times (x 80B)
Class com.google.common.collect.ExplicitOrdering                                      : loaded 2 times (x 115B)
Class org.jetbrains.kotlin.gradle.tasks.configuration.AbstractKotlinCompileConfig$2$3 : loaded 2 times (x 75B)
Class org.jetbrains.kotlin.gradle.tasks.configuration.BaseKotlinCompileConfig         : loaded 2 times (x 72B)
Class org.jetbrains.kotlin.gradle.plugin.mpp.compilationImpl.factory.KotlinCompilationImplFactory$KotlinCompilationTaskNamesContainerFactory: loaded 2 times (x 70B)
Class org.jetbrains.kotlin.gradle.internal.KotlinDependenciesManagementKt$CustomizeKotlinDependenciesSetupAction$1$coreLibrariesVersion$1: loaded 2 times (x 79B)
Class org.jetbrains.kotlin.gradle.plugin.diagnostics.checkers.CInteropInputChecker$runChecks$1: loaded 2 times (x 88B)
Class org.jetbrains.kotlin.gradle.ExperimentalKotlinGradlePluginApi                   : loaded 2 times (x 70B)
Class org.jetbrains.kotlin.gradle.internal.properties.NativePropertiesLoader          : loaded 2 times (x 85B)
Class [Lorg.jetbrains.kotlin.build.report.metrics.BuildTime;                          : loaded 2 times (x 69B)
Class org.jetbrains.kotlin.statistics.metrics.NumberAnonymizationPolicy$SAFE          : loaded 2 times (x 85B)
Class org.jetbrains.kotlin.gradle.plugin.statistics.BuildFusService                   : loaded 2 times (x 84B)
Class com.google.common.util.concurrent.UncheckedExecutionException                   : loaded 2 times (x 82B)
Class kotlin.collections.builders.MapBuilder$EntriesItr                               : loaded 2 times (x 81B)
Class kotlin.jvm.internal.Ref$IntRef                                                  : loaded 2 times (x 71B)
Class com.android.tools.lint.model.LintModelModuleLoader                              : loaded 2 times (x 70B)
Class build_bcn105v2760wsawab9jsooje7$_run_closure1$_closure3                         : loaded 2 times (x 139B)
Class org.jetbrains.kotlin.gradle.tasks.configuration.AbstractKotlinCompileConfig$2$4 : loaded 2 times (x 75B)
Class org.jetbrains.kotlin.gradle.tasks.KotlinCompile$scriptSources$1                 : loaded 2 times (x 75B)
Class org.jetbrains.kotlin.build.report.metrics.BuildAttribute$Companion              : loaded 2 times (x 71B)
Class org.jetbrains.kotlin.gradle.plugin.diagnostics.checkers.CInteropInputChecker$runChecks$2: loaded 2 times (x 75B)
Class org.jetbrains.kotlin.gradle.tasks.configuration.KaptGenerateStubsConfig$Companion: loaded 2 times (x 71B)
Class org.jetbrains.kotlin.gradle.internal.KotlinTestDependencyManagementKt$maybeAddTestDependencyCapability$1: loaded 2 times (x 75B)
Class org.jetbrains.kotlin.gradle.plugin.diagnostics.CheckKotlinGradlePluginConfigurationErrorsKt: loaded 2 times (x 71B)
Class org.jetbrains.kotlin.gradle.targets.js.npm.NpmDependencyExtensionKt$AddNpmDependencyExtensionProjectSetupAction$1$WhenMappings: loaded 2 times (x 71B)
Class org.jetbrains.kotlin.gradle.plugin.mpp.KotlinJvmAndroidCompilation              : loaded 2 times (x 198B)
Class org.jetbrains.kotlin.gradle.targets.CreateDefaultCompilationsSideEffectKt$CreateDefaultCompilationsSideEffect$1: loaded 2 times (x 74B)
Class org.jetbrains.kotlin.gradle.targets.native.internal.AddKotlinPlatformIntegersSupportLibraryKt$AddKotlinPlatformIntegersSupportLibrary$1: loaded 2 times (x 95B)
Class org.jetbrains.kotlin.gradle.plugin.mpp.ApplyUserDefinedAttributesKt             : loaded 2 times (x 71B)
Class org.jetbrains.kotlin.gradle.utils.FutureImpl                                    : loaded 2 times (x 80B)
Class org.jetbrains.kotlin.gradle.internal.properties.NativePropertiesLoader$isToolchainEnabled$1: loaded 2 times (x 75B)
Class [Lorg.jetbrains.kotlin.statistics.metrics.NumericalMetrics;                     : loaded 2 times (x 69B)
Class org.gradle.internal.InternalTransformer                                         : loaded 2 times (x 70B)
Class org.gradle.internal.classloader.ClassLoaderVisitor                              : loaded 2 times (x 76B)
Class kotlin.DeprecationLevel                                                         : loaded 2 times (x 79B)
Class org.jetbrains.kotlin.statistics.metrics.StringAnonymizationPolicy               : loaded 2 times (x 78B)
Class kotlin.time.DurationUnitKt__DurationUnitJvmKt                                   : loaded 2 times (x 71B)
Class kotlin.jvm.JvmStatic                                                            : loaded 2 times (x 70B)
Class it.unimi.dsi.fastutil.ints.IntArraySet                                          : loaded 2 times (x 235B)
Class kotlin.reflect.jvm.internal.ReflectionFactoryImpl                               : loaded 2 times (x 91B)
Class com.android.ide.common.gradle.Separator                                         : loaded 2 times (x 79B)
Class com.android.tools.lint.model.LintModelSourceProvider                            : loaded 2 times (x 70B)
Class kotlin.collections.MapsKt__MapsJVMKt                                            : loaded 2 times (x 71B)
Class kotlin.collections.EmptyList                                                    : loaded 2 times (x 174B)
Class [Lcom.android.prefs.VariableValue;                                              : loaded 2 times (x 69B)
Class kotlin.collections.ArraysKt___ArraysKt$asSequence$$inlined$Sequence$1           : loaded 2 times (x 75B)
Class com.android.tools.lint.model.PathVariables$Companion                            : loaded 2 times (x 71B)
Class org.jetbrains.kotlin.statistics.metrics.NumberAnonymizationPolicy               : loaded 2 times (x 85B)
Class com.android.manifmerger.ManifestMerger2$MergeFailureException                   : loaded 2 times (x 82B)
Class com.google.common.collect.HashMultimapGwtSerializationDependencies              : loaded 2 times (x 174B)
Class org.jetbrains.kotlin.gradle.tasks.CompileUsingKotlinDaemonWithNormalization     : loaded 2 times (x 70B)
Class org.jetbrains.kotlin.gradle.plugin.mpp.compilationImpl.factory.KotlinCompilationImplFactory$PostConfigure$Companion: loaded 2 times (x 71B)
Class com.google.common.collect.AbstractMapBasedMultimap$KeySet$1                     : loaded 2 times (x 82B)
Class org.jetbrains.kotlin.gradle.internal.KotlinDomApiDependencyManagementKt$configureKotlinDomApiDefaultDependency$1: loaded 2 times (x 79B)
Class org.jetbrains.kotlin.gradle.targets.js.npm.DefaultDevNpmDependencyExtension     : loaded 2 times (x 145B)
Class [Lorg.jetbrains.kotlin.gradle.plugin.HasKotlinDependencies;                     : loaded 2 times (x 69B)
Class org.jetbrains.kotlin.gradle.tasks.DefaultKotlinJavaToolchain$Companion$wireJvmTargetToToolchain$1: loaded 2 times (x 75B)
Class org.jetbrains.kotlin.gradle.plugin.diagnostics.checkers.JsLikeEnvironmentChecker: loaded 2 times (x 76B)
Class org.jetbrains.kotlin.gradle.plugin.KotlinPlatformType                           : loaded 2 times (x 82B)
Class org.jetbrains.kotlin.gradle.plugin.KotlinGradleBuildServices$Companion          : loaded 2 times (x 71B)
Class org.jetbrains.kotlin.gradle.internal.properties.PropertiesBuildServiceKt        : loaded 2 times (x 71B)
Class org.objectweb.asm.ClassWriter                                                   : loaded 2 times (x 106B)
Class com.google.common.cache.CacheLoader$UnsupportedLoadingOperationException        : loaded 2 times (x 82B)
Class org.gradle.internal.classloader.ClasspathUtil$1                                 : loaded 2 times (x 76B)
Class org.jetbrains.kotlin.gradle.report.BuildMetricsService                          : loaded 2 times (x 86B)
Class org.jetbrains.kotlin.gradle.plugin.diagnostics.UsesKotlinToolingDiagnosticsParameters: loaded 2 times (x 70B)
Class org.jetbrains.kotlin.gradle.targets.js.npm.NpmDependencyExtensionKt             : loaded 2 times (x 71B)
Class kotlin.reflect.jvm.internal.impl.builtins.StandardNames$FqNames                 : loaded 2 times (x 71B)
Class kotlin.coroutines.ContinuationKt                                                : loaded 2 times (x 71B)
Class kotlin.collections.builders.ListBuilderKt                                       : loaded 2 times (x 71B)
Class com.android.tools.lint.model.LintModelDependencyGraph                           : loaded 2 times (x 70B)
Class org.jetbrains.kotlin.gradle.plugin.diagnostics.checkers.JsEnvironmentChecker    : loaded 2 times (x 76B)
Class com.google.common.base.Objects                                                  : loaded 2 times (x 71B)
Class com.google.common.collect.FluentIterable$1                                      : loaded 2 times (x 81B)
Class com.google.common.collect.AbstractMapBasedMultimap$Itr                          : loaded 2 times (x 83B)
Class org.jetbrains.kotlin.gradle.plugin.diagnostics.ToolingDiagnosticRenderingOptions$Companion: loaded 2 times (x 71B)
Class org.jetbrains.kotlin.gradle.dsl.KotlinJvmCompilerOptionsHelper                  : loaded 2 times (x 71B)
Class org.jetbrains.kotlin.gradle.tasks.DefaultKotlinJavaToolchain$Companion$wireJvmTargetToToolchain$2: loaded 2 times (x 75B)
Class org.jetbrains.kotlin.gradle.plugin.ProjectLocalConfigurations$ProjectLocalDisambiguation: loaded 2 times (x 76B)
Class org.jetbrains.kotlin.gradle.plugin.mpp.apple.swiftexport.internal.SwiftExportInitKt: loaded 2 times (x 71B)
Class org.jetbrains.kotlin.gradle.internal.properties.PropertiesBuildService$NullableStringGradleProperty: loaded 2 times (x 76B)
Class org.jetbrains.kotlin.gradle.plugin.KotlinGradleBuildServices$detectKotlinPluginLoadedInMultipleProjects$onRegister$1$1: loaded 2 times (x 75B)
Class org.jetbrains.kotlin.gradle.plugin.internal.ConfigurationCacheStartParameterAccessor$Factory: loaded 2 times (x 70B)
Class org.objectweb.asm.FieldVisitor                                                  : loaded 2 times (x 77B)
Class org.gradle.api.internal.classpath.DefaultModuleRegistry$DefaultModule           : loaded 2 times (x 86B)
Class kotlin.reflect.jvm.internal.ClassValueCache                                     : loaded 2 times (x 74B)
Class kotlin.ResultKt                                                                 : loaded 2 times (x 71B)
Class [Lorg.jetbrains.kotlin.gradle.dsl.KotlinVersion;                                : loaded 2 times (x 69B)
Class com.android.tools.lint.model.DefaultLintModelDependencies                       : loaded 2 times (x 79B)
Class com.android.ide.common.repository.AgpVersion                                    : loaded 2 times (x 75B)
Class com.google.common.collect.FluentIterable$2                                      : loaded 2 times (x 81B)
Class com.google.common.base.Absent                                                   : loaded 2 times (x 80B)
Class org.jetbrains.kotlin.buildtools.api.KotlinLogger                                : loaded 2 times (x 70B)
Class org.jetbrains.kotlin.gradle.internal.transforms.BuildToolsApiClasspathEntrySnapshotTransform$Parameters$Inject: loaded 2 times (x 119B)
Class com.google.common.collect.NullsFirstOrdering                                    : loaded 2 times (x 115B)
Class org.jetbrains.kotlin.gradle.plugin.diagnostics.CheckKotlinGradlePluginConfigurationErrors_Decorated: loaded 2 times (x 369B)
Class org.jetbrains.kotlin.gradle.plugin.mpp.compilationImpl.KotlinCompilationSourceSetInclusion$DefaultAddSourcesToCompileTask$addSources$1: loaded 2 times (x 79B)
Class org.jetbrains.kotlin.gradle.plugin.diagnostics.checkers.WasmSourceSetsNotFoundChecker$wasmSourceSetRegex$2: loaded 2 times (x 78B)
Class org.jetbrains.kotlin.gradle.plugin.mpp.compilationImpl.KotlinCompilationSideEffect: loaded 2 times (x 70B)
Class org.jetbrains.kotlin.gradle.plugin.KotlinGradlePluginExtensionPoint             : loaded 2 times (x 70B)
Class org.jetbrains.kotlin.tooling.core.ExtrasUtilsKt                                 : loaded 2 times (x 71B)
Class org.jetbrains.kotlin.buildtools.api.ExperimentalBuildToolsApi                   : loaded 2 times (x 70B)
Class org.jetbrains.kotlin.gradle.utils.ResourceUtilsKt                               : loaded 2 times (x 71B)
Class org.jetbrains.kotlin.gradle.plugin.KotlinPluginWrapperKt$kotlinPluginVersionFromResources$1: loaded 2 times (x 78B)
Class com.google.common.collect.AbstractIterator                                      : loaded 2 times (x 82B)
Class kotlin.collections.IndexingIterable                                             : loaded 2 times (x 79B)
Class org.jetbrains.kotlin.gradle.plugin.diagnostics.ToolingDiagnosticRenderingOptions: loaded 2 times (x 72B)
Class com.android.utils.SdkUtils                                                      : loaded 2 times (x 71B)
Class org.jetbrains.kotlin.gradle.plugin.KotlinTargetWithTests                        : loaded 2 times (x 70B)
Class kotlin.reflect.jvm.internal.KProperty2Impl                                      : loaded 2 times (x 128B)
Class kotlin.Result$Failure                                                           : loaded 2 times (x 72B)
Class org.jetbrains.kotlin.compilerRunner.CompilerSystemPropertiesService$Parameters_Decorated: loaded 2 times (x 134B)
Class kotlin.collections.ArraysKt__ArraysKt                                           : loaded 2 times (x 71B)
Class com.google.common.collect.FluentIterable$3                                      : loaded 2 times (x 81B)
Class org.jetbrains.kotlin.gradle.tasks.UsesKotlinJavaToolchain$DefaultImpls          : loaded 2 times (x 71B)
Class org.jetbrains.kotlin.build.report.metrics.BuildAttributeKind$Companion          : loaded 2 times (x 71B)
Class org.jetbrains.kotlin.gradle.plugin.mpp.KotlinTargetSoftwareComponentImplKt$KotlinTargetSoftwareComponent$1$1$1: loaded 2 times (x 75B)
Class org.jetbrains.kotlin.gradle.tasks.configuration.KaptGenerateStubsConfig$Companion$configureLibraries$1: loaded 2 times (x 79B)
Class org.jetbrains.kotlin.gradle.plugin.mpp.compilationImpl.KotlinCompilationSourceSetInclusion$DefaultAddSourcesToCompileTask$addSources$2: loaded 2 times (x 79B)
Class org.jetbrains.kotlin.gradle.tasks.AbstractKotlinCompile                         : loaded 2 times (x 459B)
Class org.jetbrains.kotlin.gradle.plugin.KotlinCompilationOutput                      : loaded 2 times (x 70B)
Class org.jetbrains.kotlin.gradle.plugin.diagnostics.CheckKotlinGradlePluginConfigurationErrorsKt$addDependsOnFromTasksThatShouldFailWhenErrorsReported$1: loaded 2 times (x 75B)
Class org.jetbrains.kotlin.konan.target.KonanTarget$TVOS_X64                          : loaded 2 times (x 78B)
Class org.jetbrains.kotlin.gradle.plugin.diagnostics.KotlinToolingDiagnosticsSetupActionKt: loaded 2 times (x 71B)
Class org.jetbrains.kotlin.gradle.plugin.KotlinGradleBuildServices$Parameters$Inject  : loaded 2 times (x 106B)
Class org.jetbrains.kotlin.gradle.plugin.KotlinPluginWrapperKt$kotlinPluginVersionFromResources$1$1: loaded 2 times (x 71B)
Class com.google.common.collect.Multiset                                              : loaded 2 times (x 70B)
Class com.google.common.collect.ArrayListMultimapGwtSerializationDependencies         : loaded 2 times (x 172B)
Class org.jetbrains.kotlin.gradle.plugin.PropertiesProvider$kotlinCompilerArgumentsLogLevel$1: loaded 2 times (x 74B)
Class it.unimi.dsi.fastutil.ints.IntArrays$ForkJoinQuickSort2                         : loaded 2 times (x 96B)
Class it.unimi.dsi.fastutil.objects.ObjectBidirectionalIterator                       : loaded 2 times (x 70B)
Class kotlin.reflect.jvm.internal.impl.builtins.jvm.JavaToKotlinClassMap              : loaded 2 times (x 71B)
Class kotlin.reflect.jvm.internal.KotlinReflectionInternalError                       : loaded 2 times (x 82B)
Class com.android.tools.lint.model.DefaultLintModelVariant$artifact$2                 : loaded 2 times (x 79B)
Class kotlin.collections.SetsKt__SetsJVMKt                                            : loaded 2 times (x 71B)
Class com.android.tools.lint.model.LintModelMavenName$Companion                       : loaded 2 times (x 71B)
Class kotlin.Function                                                                 : loaded 2 times (x 70B)
Class org.jetbrains.kotlin.tooling.core.Extras$Entry                                  : loaded 2 times (x 72B)
Class org.jetbrains.kotlin.gradle.plugin.sources.InternalKotlinSourceSetKt            : loaded 2 times (x 71B)
Class org.jetbrains.kotlin.gradle.internal.Kapt3GradleSubplugin$Kapt3SubpluginContext : loaded 2 times (x 72B)
Class org.jetbrains.kotlin.gradle.artifacts.KotlinTargetArtifact                      : loaded 2 times (x 70B)
Class org.jetbrains.kotlin.gradle.dsl.KotlinJvmCompilerOptionsDefault_Decorated       : loaded 2 times (x 171B)
Class org.jetbrains.kotlin.gradle.plugin.HasKotlinDependencies                        : loaded 2 times (x 70B)
Class org.jetbrains.kotlin.gradle.targets.native.toolchain.KotlinNativeBundleBuildService$Companion: loaded 2 times (x 71B)
Class org.jetbrains.kotlin.gradle.plugin.BuildEventsListenerRegistryHolder_Decorated  : loaded 2 times (x 119B)
Class org.jetbrains.kotlin.gradle.plugin.statistics.MetricContainer                   : loaded 2 times (x 72B)
Class org.jetbrains.kotlin.gradle.plugin.statistics.old.Pre232IdeaKotlinBuildStatsMXBean: loaded 2 times (x 70B)
Class org.jetbrains.kotlin.gradle.plugin.statistics.KotlinBuildStatsServicesRegistry  : loaded 2 times (x 78B)
Class org.jetbrains.kotlin.gradle.plugin.VariantImplementationFactoriesConfigurator   : loaded 2 times (x 76B)
Class org.gradle.api.internal.classpath.Module                                        : loaded 2 times (x 70B)
Class kotlin.sequences.DropSequence$iterator$1                                        : loaded 2 times (x 79B)
Class kotlin.KotlinVersion                                                            : loaded 2 times (x 74B)
Class it.unimi.dsi.fastutil.ints.IntOpenHashSet                                       : loaded 2 times (x 239B)
Class kotlin.reflect.jvm.internal.KClassImpl$Data$$Lambda$0                           : loaded 2 times (x 76B)
Class kotlin.reflect.jvm.internal.KClassifierImpl                                     : loaded 2 times (x 70B)
Class kotlin.reflect.KMutableProperty                                                 : loaded 2 times (x 70B)
Class kotlin.internal.ProgressionUtilKt                                               : loaded 2 times (x 71B)
Class kotlin.collections.CharIterator                                                 : loaded 2 times (x 82B)
Class org.jetbrains.kotlin.gradle.tasks.DefaultKotlinJavaToolchain$getToolsJarFromJvm$1$1: loaded 2 times (x 79B)
Class org.jetbrains.kotlin.gradle.tasks.KotlinCompile$ClasspathSnapshotProperties_Decorated: loaded 2 times (x 137B)
Class org.jetbrains.kotlin.gradle.internal.transforms.BuildToolsApiClasspathEntrySnapshotTransform$Parameters_Decorated: loaded 2 times (x 157B)
Class org.jetbrains.kotlin.gradle.plugin.mpp.compilationImpl.KotlinCompilationSourceSetInclusion$Companion$includedSourceSets$2: loaded 2 times (x 78B)
Class org.jetbrains.kotlin.gradle.plugin.diagnostics.KotlinToolingDiagnosticsSetupActionKt$KotlinToolingDiagnosticsSetupAction$1$1: loaded 2 times (x 75B)
Class org.jetbrains.kotlin.gradle.targets.js.npm.NpmDirectoryDependencyWithExternalsExtension: loaded 2 times (x 70B)
Class org.jetbrains.kotlin.gradle.plugin.KotlinProjectSetupAction                     : loaded 2 times (x 70B)
Class org.jetbrains.kotlin.gradle.plugin.KotlinGradleFinishBuildHandler$Companion     : loaded 2 times (x 71B)
Class com.google.common.cache.Weigher                                                 : loaded 2 times (x 70B)
Class org.gradle.api.internal.classpath.UnknownModuleException                        : loaded 2 times (x 82B)
Class com.google.common.collect.ReverseNaturalOrdering                                : loaded 2 times (x 114B)
Class kotlin.sequences.DistinctIterator                                               : loaded 2 times (x 83B)
Class kotlin.reflect.jvm.internal.KClassImpl$Data$$Lambda$1                           : loaded 2 times (x 76B)
Class kotlin.jvm.internal.PropertyReference                                           : loaded 2 times (x 115B)
Class com.android.prefs.VariableValue                                                 : loaded 2 times (x 84B)
Class com.android.prefs.AbstractAndroidLocations$Companion                            : loaded 2 times (x 71B)
Class org.jetbrains.kotlin.gradle.plugin.mpp.InternalKotlinTargetComponentKt          : loaded 2 times (x 71B)
Class org.jetbrains.kotlin.gradle.plugin.mpp.InternalKotlinTarget$DefaultImpls        : loaded 2 times (x 71B)
Class org.jetbrains.kotlin.gradle.plugin.KotlinPluginLifecycleImpl$executeCurrentStageAndScheduleNext$3: loaded 2 times (x 75B)
Class org.jetbrains.kotlin.gradle.plugin.mpp.compilationImpl.KotlinCompilationRegisterInSourceSetsConfigurator$configure$1: loaded 2 times (x 79B)
Class org.jetbrains.kotlin.gradle.plugin.diagnostics.KotlinToolingDiagnosticsSetupActionKt$KotlinToolingDiagnosticsSetupAction$1$2: loaded 2 times (x 95B)
Class org.jetbrains.kotlin.gradle.targets.js.npm.NpmDependencyWithExternalsExtension  : loaded 2 times (x 70B)
Class org.jetbrains.kotlin.gradle.plugin.mpp.KotlinUsageContext                       : loaded 2 times (x 70B)
Class org.jetbrains.kotlin.gradle.plugin.KotlinTargetsContainer                       : loaded 2 times (x 70B)
Class org.jetbrains.kotlin.compilerRunner.GradleCliCommonizerKt                       : loaded 2 times (x 71B)
Class org.jetbrains.kotlin.gradle.utils.ConfigurationsKt                              : loaded 2 times (x 71B)
Class org.jetbrains.kotlin.gradle.plugin.StatisticsBuildFlowManager                   : loaded 2 times (x 72B)
Class org.jetbrains.kotlin.gradle.plugin.statistics.BuildFusService$Parameters        : loaded 2 times (x 70B)
Class org.jetbrains.kotlin.gradle.plugin.PluginWrappersKt                             : loaded 2 times (x 71B)
Class com.google.common.base.Stopwatch                                                : loaded 2 times (x 72B)
Class com.google.common.cache.LocalCache$Strength                                     : loaded 2 times (x 81B)
Class com.google.common.cache.Cache                                                   : loaded 2 times (x 70B)
Class kotlin.collections.IndexingIterator                                             : loaded 2 times (x 79B)
Class com.google.common.io.ByteSource$ConcatenatedByteSource                          : loaded 2 times (x 85B)
Class kotlin.reflect.jvm.internal.KPackageImpl$$Lambda$0                              : loaded 2 times (x 76B)
Class com.google.common.io.Files$2                                                    : loaded 2 times (x 76B)
Class kotlin.reflect.jvm.internal.KClassImpl$Data$$Lambda$2                           : loaded 2 times (x 76B)
Class com.android.tools.lint.model.LintModelAndroidArtifact                           : loaded 2 times (x 70B)
Class [Lcom.android.tools.lint.model.LintModelSerialization$TargetFile;               : loaded 2 times (x 69B)
Class [Lcom.google.common.collect.AbstractIterator$State;                             : loaded 2 times (x 69B)
Class com.google.common.io.AppendableWriter                                           : loaded 2 times (x 100B)
Class org.jetbrains.kotlin.build.report.metrics.BuildMetricsReporter                  : loaded 2 times (x 70B)
Class org.jetbrains.kotlin.gradle.plugin.mpp.InternalKotlinTargetKt                   : loaded 2 times (x 71B)
Class com.google.common.collect.AbstractMultimap$Entries                              : loaded 2 times (x 120B)
Class org.jetbrains.kotlin.gradle.plugin.diagnostics.KotlinToolingDiagnosticsSetupActionKt$KotlinToolingDiagnosticsSetupAction$1$3: loaded 2 times (x 75B)
Class org.jetbrains.kotlin.gradle.targets.js.dsl.KotlinTargetWithNodeJsDsl            : loaded 2 times (x 70B)
Class org.jetbrains.kotlin.gradle.plugin.sources.DefaultKotlinSourceSetKt$defaultSourceSetLanguageSettingsChecker$1: loaded 2 times (x 78B)
Class org.jetbrains.kotlin.gradle.plugin.sources.InternalKotlinSourceSet              : loaded 2 times (x 70B)
Class org.jetbrains.kotlin.gradle.plugin.KotlinJvmPlugin                              : loaded 2 times (x 79B)
Class org.jetbrains.kotlin.gradle.plugin.mpp.SyncLanguageSettingsWithKotlinExtensionSetupActionKt$SyncLanguageSettingsWithKotlinExtensionSetupAction$1: loaded 2 times (x 95B)
Class org.jetbrains.kotlin.gradle.dsl.KotlinGradlePluginPublicDsl                     : loaded 2 times (x 70B)
Class org.jetbrains.kotlin.gradle.internal.properties.NativeProperties                : loaded 2 times (x 70B)
Class org.jetbrains.kotlin.statistics.BuildSessionLogger                              : loaded 2 times (x 77B)
Class org.jetbrains.kotlin.gradle.plugin.internal.ConfigurationCacheStartParameterAccessor: loaded 2 times (x 70B)
Class com.google.common.util.concurrent.AbstractFuture$Cancellation                   : loaded 2 times (x 72B)
Class [Lkotlin.reflect.jvm.internal.impl.builtins.PrimitiveType;                      : loaded 2 times (x 69B)
Class kotlin.reflect.jvm.internal.impl.builtins.StandardNames                         : loaded 2 times (x 71B)
Class kotlin.reflect.jvm.internal.KClassImpl$Data$$Lambda$3                           : loaded 2 times (x 76B)
Class kotlin.reflect.jvm.internal.ReflectProperties$LazySoftVal                       : loaded 2 times (x 78B)
Class [Lkotlin.reflect.KAnnotatedElement;                                             : loaded 2 times (x 69B)
Class com.google.common.base.Present                                                  : loaded 2 times (x 81B)
Class com.google.common.collect.AbstractMapBasedMultimap$WrappedCollection$WrappedIterator: loaded 2 times (x 84B)
Class org.jetbrains.kotlin.gradle.utils.FutureKt$future$2$1                           : loaded 2 times (x 95B)
Class [Lorg.jetbrains.kotlin.gradle.plugin.statistics.plugins.ObservablePlugins;      : loaded 2 times (x 69B)
Class org.jetbrains.kotlin.gradle.plugin.internal.BuildIdService$Companion$registerIfAbsent$1$1: loaded 2 times (x 75B)
Class org.jetbrains.kotlin.konan.target.KonanTarget$IOS_ARM64                         : loaded 2 times (x 78B)
Class org.jetbrains.kotlin.gradle.targets.js.dsl.KotlinWasmTargetDsl                  : loaded 2 times (x 70B)
Class org.jetbrains.kotlin.gradle.plugin.diagnostics.checkers.DisabledCinteropCommonizationInHmppProjectChecker$runChecks$1: loaded 2 times (x 88B)
Class org.jetbrains.kotlin.gradle.plugin.sources.ConsistencyCheck                     : loaded 2 times (x 72B)
Class org.jetbrains.kotlin.gradle.plugin.sources.DefaultKotlinSourceSetKt$defaultSourceSetLanguageSettingsChecker$2: loaded 2 times (x 78B)
Class org.jetbrains.kotlin.gradle.dsl.KotlinCommonToolOptions                         : loaded 2 times (x 70B)
Class org.jetbrains.kotlin.gradle.plugin.AbstractKotlinPlugin                         : loaded 2 times (x 78B)
Class org.jetbrains.kotlin.gradle.tasks.DefaultKotlinJavaToolchain$Companion$wireJvmTargetToJvm$1: loaded 2 times (x 75B)
Class org.jetbrains.kotlin.gradle.plugin.diagnostics.checkers.ComposePluginSuggestApplyChecker: loaded 2 times (x 74B)
Class org.jetbrains.kotlin.gradle.dsl.KotlinMultiplatformExtension                    : loaded 2 times (x 607B)
Class com.google.common.cache.RemovalListener                                         : loaded 2 times (x 70B)
Class org.gradle.api.internal.DefaultClassPathRegistry                                : loaded 2 times (x 76B)
Class kotlin.annotation.AnnotationTarget                                              : loaded 2 times (x 79B)
Class kotlin.jvm.JvmClassMappingKt                                                    : loaded 2 times (x 71B)
Class kotlin.reflect.jvm.internal.KClassImpl$Data$$Lambda$4                           : loaded 2 times (x 76B)
Class kotlin.reflect.jvm.internal.KPropertyImpl                                       : loaded 2 times (x 115B)
Class kotlin.jvm.internal.Reflection                                                  : loaded 2 times (x 71B)
Class kotlin.reflect.KProperty                                                        : loaded 2 times (x 70B)
Class kotlin.ranges.ClosedRange                                                       : loaded 2 times (x 70B)
Class org.jetbrains.kotlin.cli.common.messages.MessageCollector                       : loaded 2 times (x 70B)
Class kotlin.collections.AbstractList$Companion                                       : loaded 2 times (x 71B)
Class com.android.utils.EnvironmentProvider$DirectEnvironmentProvider                 : loaded 2 times (x 80B)
Class com.android.sdklib.AndroidApiLevel                                              : loaded 2 times (x 74B)
Class com.android.tools.lint.model.LintModelLintOptions                               : loaded 2 times (x 70B)
Class com.android.prefs.PathLocator$singlePathOf$values$1                             : loaded 2 times (x 79B)
Class com.android.tools.lint.model.PathVariables$Companion$PATH_COMPARATOR$1          : loaded 2 times (x 78B)
Class com.google.common.reflect.Invokable$ConstructorInvokable                        : loaded 2 times (x 107B)
Class com.google.common.collect.ImmutableMultimap$Keys                                : loaded 2 times (x 166B)
Class org.jetbrains.kotlin.gradle.plugin.mpp.KotlinTargetSoftwareComponentImplKt$KotlinTargetSoftwareComponent$1$1$configuration$1: loaded 2 times (x 79B)
Class org.jetbrains.kotlin.gradle.targets.js.npm.DefaultPeerNpmDependencyExtension$delegate$1: loaded 2 times (x 167B)
Class org.jetbrains.kotlin.gradle.targets.js.npm.NpmDependency                        : loaded 2 times (x 97B)
Class org.jetbrains.kotlin.gradle.targets.js.npm.DefaultNpmDependencyExtension        : loaded 2 times (x 152B)
Class org.jetbrains.kotlin.gradle.targets.js.npm.NpmDependency$Scope                  : loaded 2 times (x 79B)
Class org.jetbrains.kotlin.gradle.plugin.sources.FragmentConsistencyChecks$unstableFeaturesCheck$1: loaded 2 times (x 79B)
Class org.jetbrains.kotlin.gradle.plugin.sources.DefaultKotlinSourceSet               : loaded 2 times (x 141B)
Class org.jetbrains.kotlin.gradle.plugin.diagnostics.checkers.AndroidSourceSetLayoutV1SourceSetsNotFoundChecker: loaded 2 times (x 74B)
Class org.jetbrains.kotlin.gradle.utils.ConfigurationsKt$sam$org_gradle_api_Action$0  : loaded 2 times (x 75B)
Class org.jetbrains.kotlin.gradle.plugin.VariantImplementationFactories$Parameters    : loaded 2 times (x 70B)
Class org.gradle.api.internal.ClassPathRegistry                                       : loaded 2 times (x 70B)
Class org.gradle.internal.classpath.DefaultClassPath$ImmutableUniqueList              : loaded 2 times (x 199B)
Class kotlin.sequences.SequencesKt___SequencesKt                                      : loaded 2 times (x 71B)
Class kotlin.collections.IntIterator                                                  : loaded 2 times (x 82B)
Class kotlin.reflect.jvm.internal.impl.resolve.jvm.JvmPrimitiveType                   : loaded 2 times (x 79B)
Class kotlin.reflect.jvm.internal.KClassImpl$Data$$Lambda$5                           : loaded 2 times (x 76B)
Class kotlin.reflect.jvm.internal.ComputableClassValue                                : loaded 2 times (x 80B)
Class kotlin.jvm.internal.TypeIntrinsics                                              : loaded 2 times (x 71B)
Class com.android.prefs.PathLocator$singlePathOf$values$2                             : loaded 2 times (x 78B)
Class com.android.tools.lint.model.PathVariables$Companion$PATH_COMPARATOR$2          : loaded 2 times (x 78B)
Class kotlin.text.StringsKt__StringsJVMKt                                             : loaded 2 times (x 71B)
Class com.google.common.reflect.TypeToken                                             : loaded 2 times (x 73B)
Class com.google.common.base.ExtraObjectsMethodsForWeb                                : loaded 2 times (x 71B)
Class com.google.common.collect.NullnessCasts                                         : loaded 2 times (x 71B)
Class org.jetbrains.kotlin.gradle.plugin.KotlinCompilation$DefaultImpls               : loaded 2 times (x 71B)
Class org.jetbrains.kotlin.gradle.utils.ProviderApiUtilsKt$providerWithLazyConvention$1: loaded 2 times (x 74B)
Class org.jetbrains.kotlin.konan.target.KonanTarget$Companion$predefinedTargets$2     : loaded 2 times (x 78B)
Class org.jetbrains.kotlin.gradle.plugin.sources.FragmentConsistencyChecks$unstableFeaturesCheck$2: loaded 2 times (x 78B)
Class org.jetbrains.kotlin.gradle.plugin.KotlinPluginLifecycleImpl                    : loaded 2 times (x 80B)
Class org.jetbrains.kotlin.gradle.plugin.diagnostics.KotlinToolingDiagnostics$WasmWasiEnvironmentNotChosenExplicitly: loaded 2 times (x 73B)
Class org.jetbrains.kotlin.gradle.artifacts.KotlinNativeKlibArtifactKt$KotlinNativeKlibArtifact$1: loaded 2 times (x 74B)
Class org.jetbrains.kotlin.gradle.dsl.KotlinCommonCompilerOptionsDefault              : loaded 2 times (x 96B)
Class org.jetbrains.kotlin.gradle.dsl.KotlinCommonCompilerToolOptionsDefault          : loaded 2 times (x 84B)
Class org.jetbrains.kotlin.gradle.internal.properties.NativePropertiesLoader$isUseXcodeMessageStyleEnabled$1: loaded 2 times (x 75B)
Class org.jetbrains.kotlin.gradle.plugin.statistics.KotlinBuildStatisticsUtilsKt$collectGeneralConfigurationTimeMetrics$statisticOverhead$1$2: loaded 2 times (x 75B)
Class org.jetbrains.kotlin.gradle.plugin.StatisticsBuildFlowManager_Decorated         : loaded 2 times (x 119B)
Class org.jetbrains.kotlin.gradle.report.BuildReportMode$Companion                    : loaded 2 times (x 71B)
Class org.jetbrains.kotlin.gradle.plugin.VariantImplementationFactories$VariantImplementationFactory: loaded 2 times (x 70B)
Class kotlin.time.DurationUnit                                                        : loaded 2 times (x 79B)
Class kotlin.text.MatcherMatchResult$groupValues$1                                    : loaded 2 times (x 198B)
Class it.unimi.dsi.fastutil.longs.LongCollection                                      : loaded 2 times (x 70B)
Class org.jetbrains.kotlin.cli.jvm.compiler.KotlinCoreEnvironment$Companion           : loaded 2 times (x 71B)
Class kotlin.reflect.jvm.internal.KClassImpl$Data$$Lambda$6                           : loaded 2 times (x 76B)
Class kotlin.collections.SetsKt                                                       : loaded 2 times (x 71B)
Class com.android.tools.lint.model.PathVariables$Companion$PATH_COMPARATOR$3          : loaded 2 times (x 78B)
Class kotlin.text.StringsKt__IndentKt                                                 : loaded 2 times (x 71B)
Class kotlin.reflect.jvm.internal.KPropertyImpl$$Lambda$1                             : loaded 2 times (x 76B)
Class org.jetbrains.kotlin.gradle.utils.GradleAttributesContainerUtilsKt              : loaded 2 times (x 71B)
Class org.jetbrains.kotlin.gradle.plugin.mpp.ApplyUserDefinedAttributesKt$UserDefinedAttributesSetupAction$1$1: loaded 2 times (x 79B)
Class org.jetbrains.kotlin.compilerRunner.CompilerSystemPropertiesService             : loaded 2 times (x 80B)
Class org.jetbrains.kotlin.gradle.plugin.mpp.compilationImpl.KotlinCompilationImpl$1  : loaded 2 times (x 79B)
Class org.jetbrains.kotlin.gradle.targets.js.npm.SemVer$Companion                     : loaded 2 times (x 71B)
Class org.jetbrains.kotlin.konan.target.KonanTarget$LINUX_ARM64                       : loaded 2 times (x 78B)
Class org.jetbrains.kotlin.konan.target.KonanTarget$LINUX_X64                         : loaded 2 times (x 78B)
Class [Lorg.jetbrains.kotlin.konan.target.Architecture;                               : loaded 2 times (x 69B)
Class org.jetbrains.kotlin.gradle.targets.native.SetupEmbedAndSignAppleFrameworkTaskSideEffectKt$special$$inlined$KotlinTargetSideEffect$1: loaded 2 times (x 74B)
Class org.jetbrains.kotlin.gradle.plugin.mpp.KotlinUsages$KotlinCinteropCompatibility : loaded 2 times (x 77B)
Class org.jetbrains.kotlin.gradle.dsl.ExplicitApiMode                                 : loaded 2 times (x 79B)
Class org.jetbrains.kotlin.gradle.plugin.VariantImplementationFactories$Companion     : loaded 2 times (x 71B)
Class org.jetbrains.kotlin.gradle.plugin.internal.CustomPropertiesFileValueSource$Parameters_Decorated: loaded 2 times (x 134B)
Class org.jetbrains.kotlin.gradle.dsl.KotlinTopLevelExtensionConfig                   : loaded 2 times (x 70B)
Class com.google.common.cache.CacheBuilder                                            : loaded 2 times (x 72B)
Class Settings_gradle$1                                                               : loaded 2 times (x 74B)
Class org.gradle.internal.classpath.ClassPath                                         : loaded 2 times (x 70B)
Class org.gradle.api.UncheckedIOException                                             : loaded 2 times (x 82B)
Class kotlin.sequences.DropSequence                                                   : loaded 2 times (x 79B)
Class it.unimi.dsi.fastutil.objects.Object2IntMap$FastEntrySet                        : loaded 2 times (x 70B)
Class kotlin.collections.ArrayDeque                                                   : loaded 2 times (x 207B)
Class kotlin.KotlinVersion$Companion                                                  : loaded 2 times (x 71B)
Class kotlin.reflect.jvm.internal.KPackageImpl                                        : loaded 2 times (x 85B)
Class kotlin.jvm.internal.FloatCompanionObject                                        : loaded 2 times (x 71B)
Class [Lkotlin.reflect.jvm.internal.impl.name.FqName;                                 : loaded 2 times (x 69B)
Class kotlin.reflect.jvm.internal.KClassImpl$Data$$Lambda$7                           : loaded 2 times (x 76B)
Class kotlin.reflect.KFunction                                                        : loaded 2 times (x 70B)
Class com.android.tools.lint.model.PathVariables$Companion$PATH_COMPARATOR$4          : loaded 2 times (x 78B)
Class org.gradle.internal.classloader.DefaultClassLoaderFactory                       : loaded 2 times (x 82B)
Class build_ai94f9i63munlvu4krsad4ebr$_run_closure1                                   : loaded 2 times (x 139B)
Class com.google.common.collect.Interners$InternerBuilder                             : loaded 2 times (x 76B)
Class org.jetbrains.kotlin.gradle.incremental.IncrementalModuleInfoProvider           : loaded 2 times (x 70B)
Class org.jetbrains.kotlin.gradle.plugin.mpp.compilationImpl.KotlinCompilationImpl$2  : loaded 2 times (x 79B)
Class org.jetbrains.kotlin.gradle.dsl.PlatformSourceSetConventionsChecker$runChecks$1 : loaded 2 times (x 88B)
Class org.jetbrains.kotlin.gradle.plugin.mpp.compilationImpl.KotlinCompilationProcessorSideEffectKt$KotlinCompilationProcessorSideEffect$1: loaded 2 times (x 74B)
Class org.jetbrains.kotlin.gradle.dsl.KotlinJvmCompilerOptionsDefault                 : loaded 2 times (x 108B)
Class org.jetbrains.kotlin.gradle.internal.UsesClassLoadersCachingBuildService        : loaded 2 times (x 70B)
Class kotlin.time.DurationUnitKt__DurationUnitKt                                      : loaded 2 times (x 71B)
Class kotlin.reflect.jvm.internal.KClassImpl$Data$$Lambda$8                           : loaded 2 times (x 76B)
Class [Lkotlin.reflect.KDeclarationContainer;                                         : loaded 2 times (x 69B)
Class it.unimi.dsi.fastutil.objects.ObjectIterable                                    : loaded 2 times (x 70B)
Class com.android.tools.lint.model.DefaultLintModelAndroidLibrary                     : loaded 2 times (x 111B)
Class com.android.sdklib.AndroidApiLevel$Companion                                    : loaded 2 times (x 71B)
Class kotlin.collections.MapsKt__MapsKt                                               : loaded 2 times (x 71B)
Class com.android.prefs.AndroidLocationsProvider                                      : loaded 2 times (x 70B)
Class kotlin.jvm.internal.Lambda                                                      : loaded 2 times (x 75B)
Class com.google.common.io.CharStreams$NullWriter                                     : loaded 2 times (x 99B)
Class com.google.common.io.CharSource$CharSequenceCharSource                          : loaded 2 times (x 86B)
Class org.jetbrains.kotlin.compilerRunner.KotlinCompilerArgumentsLogLevel$Companion   : loaded 2 times (x 71B)
Class org.jetbrains.kotlin.gradle.plugin.DefaultKotlinBasePlugin$addKotlinCompilerConfiguration$3$1: loaded 2 times (x 79B)
Class org.jetbrains.kotlin.gradle.tasks.AbstractKotlinCompile$defaultKotlinJavaToolchain$1: loaded 2 times (x 78B)
Class org.jetbrains.kotlin.daemon.common.MultiModuleICSettings                        : loaded 2 times (x 72B)
Class org.jetbrains.kotlin.cli.common.arguments.Freezable                             : loaded 2 times (x 72B)
Class org.jetbrains.kotlin.gradle.internal.transforms.BuildToolsApiClasspathEntrySnapshotTransform$Parameters: loaded 2 times (x 88B)
Class org.jetbrains.kotlin.gradle.plugin.KotlinCompilationInfoKt                      : loaded 2 times (x 71B)
Class org.jetbrains.kotlin.gradle.tasks.KotlinCompile                                 : loaded 2 times (x 504B)
Class org.jetbrains.kotlin.gradle.internal.StdlibDependencyManagementKt               : loaded 2 times (x 71B)
Class org.jetbrains.kotlin.gradle.dsl.PlatformSourceSetConventionsChecker$runChecks$2 : loaded 2 times (x 78B)
Class org.jetbrains.kotlin.konan.target.KonanTarget$MINGW_X64                         : loaded 2 times (x 78B)
Class org.jetbrains.kotlin.gradle.utils.ObservableSet                                 : loaded 2 times (x 70B)
Class org.jetbrains.kotlin.gradle.plugin.diagnostics.KotlinToolingDiagnosticsCollectorKt: loaded 2 times (x 71B)
Class org.jetbrains.kotlin.gradle.plugin.mpp.HierarchyAttributeContainer              : loaded 2 times (x 83B)
Class org.jetbrains.kotlin.gradle.tasks.UsesKotlinJavaToolchain                       : loaded 2 times (x 70B)
Class org.jetbrains.kotlin.gradle.plugin.DefaultKotlinBasePlugin$apply$1              : loaded 2 times (x 75B)
Class org.jetbrains.kotlin.statistics.metrics.StringOverridePolicy$OVERRIDE           : loaded 2 times (x 85B)
Class org.jetbrains.kotlin.gradle.internal.properties.PropertiesBuildService$Params_Decorated: loaded 2 times (x 134B)
Class org.objectweb.asm.SymbolTable$Entry                                             : loaded 2 times (x 74B)
Class com.google.common.base.Suppliers                                                : loaded 2 times (x 71B)
Class kotlin.jvm.internal.markers.KMutableMap$Entry                                   : loaded 2 times (x 70B)
Class it.unimi.dsi.fastutil.objects.Object2IntOpenHashMap                             : loaded 2 times (x 247B)
Class kotlin.reflect.jvm.internal.KClassImpl$Data$$Lambda$9                           : loaded 2 times (x 76B)
Class [Lcom.google.common.cache.CacheBuilder$OneWeigher;                              : loaded 2 times (x 69B)
Class Native_plugin_loader_gradle                                                     : loaded 2 times (x 130B)
Class org.jetbrains.kotlin.gradle.plugin.mpp.KotlinTargetComponentWithCoordinatesAndPublication: loaded 2 times (x 70B)
Class org.jetbrains.kotlin.gradle.incremental.UsesIncrementalModuleInfoBuildService   : loaded 2 times (x 70B)
Class org.jetbrains.kotlin.konan.target.KonanTarget$ANDROID_X86                       : loaded 2 times (x 78B)
Class org.jetbrains.kotlin.gradle.dsl.PlatformSourceSetConventionsChecker$runChecks$3 : loaded 2 times (x 78B)
Class org.jetbrains.kotlin.gradle.plugin.RegisterKotlinPluginExtensionsKt             : loaded 2 times (x 71B)
Class org.jetbrains.kotlin.gradle.utils.CompilerOptionsKt$configureExperimentalTryNext$1$1: loaded 2 times (x 78B)
Class org.jetbrains.kotlin.gradle.utils.CompilerOptionsKt                             : loaded 2 times (x 71B)
Class org.jetbrains.kotlin.gradle.plugin.PropertiesProvider$Companion                 : loaded 2 times (x 71B)
Class org.jetbrains.kotlin.gradle.utils.SingleAction                                  : loaded 2 times (x 73B)
Class org.objectweb.asm.Edge                                                          : loaded 2 times (x 72B)
Class com.google.common.base.Suppliers$SupplierOfInstance                             : loaded 2 times (x 79B)
Class com.google.common.collect.Iterators$1                                           : loaded 2 times (x 81B)
Class kotlin.properties.Delegates                                                     : loaded 2 times (x 71B)
Class kotlin.Metadata                                                                 : loaded 2 times (x 70B)
Class kotlin.collections.AbstractMutableSet                                           : loaded 2 times (x 142B)
Class org.objectweb.asm.MethodTooLargeException                                       : loaded 2 times (x 83B)
Class kotlin.text.MatchResult$Destructured                                            : loaded 2 times (x 72B)
Class org.jetbrains.kotlin.gradle.internal.properties.PropertiesBuildService$MemoizedCallable$value$2: loaded 2 times (x 79B)
Class kotlin.UninitializedPropertyAccessException                                     : loaded 2 times (x 82B)
Class [Lorg.jetbrains.kotlin.statistics.ValueAnonymizer;                              : loaded 2 times (x 69B)
Class com.google.common.reflect.TypeToken$1                                           : loaded 2 times (x 110B)
Class org.jetbrains.kotlin.gradle.tasks.KotlinCompile$defaultKotlinJavaToolchain$1    : loaded 2 times (x 79B)
Class org.jetbrains.kotlin.gradle.tasks.KotlinJavaToolchain$JavaToolchainSetter       : loaded 2 times (x 70B)
Class org.jetbrains.kotlin.tooling.core.ExtrasPropertyKt$extrasLazyProperty$1         : loaded 2 times (x 94B)
Class org.jetbrains.kotlin.gradle.dsl.PlatformSourceSetConventionsChecker$runChecks$4 : loaded 2 times (x 78B)
Class org.jetbrains.kotlin.gradle.plugin.diagnostics.checkers.JsLikeEnvironmentChecker$runChecks$1: loaded 2 times (x 88B)
Class org.jetbrains.kotlin.gradle.plugin.diagnostics.KotlinToolingDiagnostics$WasmJsEnvironmentNotChosenExplicitly: loaded 2 times (x 73B)
Class org.jetbrains.kotlin.gradle.plugin.diagnostics.UsesKotlinToolingDiagnostics     : loaded 2 times (x 70B)
Class org.jetbrains.kotlin.statistics.metrics.BooleanAnonymizationPolicy$SAFE         : loaded 2 times (x 85B)
Class com.google.common.cache.LocalCache$ComputingValueReference                      : loaded 2 times (x 96B)
Class org.jetbrains.kotlin.gradle.plugin.KotlinGradleBuildServices                    : loaded 2 times (x 80B)
Class kotlin.reflect.KProperty$Getter                                                 : loaded 2 times (x 70B)
Class org.jetbrains.kotlin.gradle.targets.native.toolchain.KotlinNativeBundleBuildService: loaded 2 times (x 77B)
Class com.google.common.reflect.TypeToken$2                                           : loaded 2 times (x 110B)
Class com.google.common.collect.AbstractMapBasedMultimap$AsMap$AsMapEntries           : loaded 2 times (x 138B)
Class org.jetbrains.kotlin.gradle.plugin.mpp.compilationImpl.DefaultKotlinCompilationSourceSetsContainer$allKotlinSourceSetsImpl$1$1: loaded 2 times (x 80B)
Class org.jetbrains.kotlin.gradle.plugin.mpp.compilationImpl.DefaultKotlinCompilationSourceSetsContainer: loaded 2 times (x 78B)
Class org.jetbrains.kotlin.konan.target.KonanTarget$TVOS_SIMULATOR_ARM64              : loaded 2 times (x 78B)
Class org.jetbrains.kotlin.konan.target.KonanTarget$Companion                         : loaded 2 times (x 71B)
Class org.jetbrains.kotlin.gradle.plugin.KotlinPluginLifecycle$Stage$Companion        : loaded 2 times (x 71B)
Class org.jetbrains.kotlin.gradle.plugin.diagnostics.checkers.DeprecatedKotlinNativeTargetsChecker: loaded 2 times (x 74B)
Class org.jetbrains.kotlin.gradle.targets.native.ConfigureFrameworkExportSideEffectKt$special$$inlined$KotlinTargetSideEffect$1: loaded 2 times (x 74B)
Class org.jetbrains.kotlin.tooling.core.AbstractExtras                                : loaded 2 times (x 141B)
Class com.google.common.cache.LocalCache$Segment                                      : loaded 2 times (x 154B)
Class org.jetbrains.kotlin.gradle.targets.native.toolchain.KotlinNativeBundleBuildService$Parameters: loaded 2 times (x 70B)
Class kotlin.time.DurationJvmKt                                                       : loaded 2 times (x 71B)
Class org.jetbrains.kotlin.gradle.tasks.DefaultKotlinJavaToolchain                    : loaded 2 times (x 77B)
Class org.jetbrains.kotlin.gradle.tasks.DefaultKotlinJavaToolchain$Companion          : loaded 2 times (x 71B)
Class kotlin.reflect.jvm.internal.ReflectProperties                                   : loaded 2 times (x 71B)
Class kotlin.SafePublicationLazyImpl                                                  : loaded 2 times (x 76B)
Class it.unimi.dsi.fastutil.objects.ObjectIterator                                    : loaded 2 times (x 70B)
Class org.jetbrains.kotlin.cli.jvm.compiler.KotlinCoreEnvironment                     : loaded 2 times (x 72B)
Class com.android.tools.lint.model.LintModelSeverity$Companion                        : loaded 2 times (x 71B)
Class org.jetbrains.kotlin.gradle.plugin.sources.DefaultKotlinSourceSet$MetadataDependencyTransformation: loaded 2 times (x 72B)
Class Native_plugin_loader_gradle$NativePluginLoader$Companion                        : loaded 2 times (x 71B)
Class [Lcom.google.common.base.Supplier;                                              : loaded 2 times (x 69B)
Class org.jetbrains.kotlin.build.report.metrics.BuildTimes                            : loaded 2 times (x 72B)
Class org.jetbrains.kotlin.gradle.tasks.KotlinCompile$ClasspathSnapshotProperties     : loaded 2 times (x 75B)
Class org.jetbrains.kotlin.gradle.internal.StdlibDependencyManagementKt$addStdlibDependency$1$1: loaded 2 times (x 79B)
Class org.jetbrains.kotlin.gradle.tasks.configuration.BaseKotlinCompileConfig$2$1     : loaded 2 times (x 75B)
Class org.jetbrains.kotlin.gradle.plugin.diagnostics.TransformActionUsingKotlinToolingDiagnostics: loaded 2 times (x 70B)
Class org.jetbrains.kotlin.gradle.dsl.PlatformSourceSetConventionsChecker$runChecks$6 : loaded 2 times (x 88B)
Class org.jetbrains.kotlin.gradle.plugin.sources.DefaultKotlinSourceSet_Decorated     : loaded 2 times (x 192B)
Class org.jetbrains.kotlin.gradle.plugin.mpp.KotlinCompilationsKt                     : loaded 2 times (x 71B)
Class org.jetbrains.kotlin.statistics.metrics.StringOverridePolicy                    : loaded 2 times (x 85B)
Class org.jetbrains.kotlin.gradle.plugin.statistics.DefaultKotlinBuildStatsBeanService: loaded 2 times (x 92B)
Class org.jetbrains.kotlin.gradle.utils.GradleUtilsKt$registerClassLoaderScopedBuildService$1: loaded 2 times (x 74B)
Class com.google.common.collect.AbstractListMultimap                                  : loaded 2 times (x 172B)
Class [Lorg.objectweb.asm.SymbolTable$Entry;                                          : loaded 2 times (x 69B)
Class com.google.common.cache.CacheLoader                                             : loaded 2 times (x 74B)
Class com.google.common.collect.Iterators$4                                           : loaded 2 times (x 82B)
Class org.gradle.internal.installation.GradleInstallation$1                           : loaded 2 times (x 75B)
Class org.gradle.api.internal.classpath.ModuleRegistry                                : loaded 2 times (x 70B)
Class com.android.resources.ResourceType$Kind                                         : loaded 2 times (x 79B)
Class com.google.common.base.Platform$JdkPatternCompiler                              : loaded 2 times (x 75B)
Class com.android.ide.common.repository.AgpVersion$PreviewKind$Companion              : loaded 2 times (x 71B)
Class com.android.ProgressManagerAdapter                                              : loaded 2 times (x 73B)
Class org.jetbrains.kotlin.gradle.plugin.KotlinPluginLifecycle$ProjectConfigurationResult$Failure: loaded 2 times (x 72B)
Class Build_gradle$2$5                                                                : loaded 2 times (x 78B)
Class org.jetbrains.kotlin.gradle.logging.GradleKotlinLogger                          : loaded 2 times (x 82B)
Class org.jetbrains.kotlin.gradle.plugin.KotlinPluginLifecycle$ProjectConfigurationResult: loaded 2 times (x 71B)
Class org.jetbrains.kotlin.gradle.internal.KotlinDependenciesManagementKt$configureDefaultVersionsResolutionStrategy$1: loaded 2 times (x 75B)
Class org.jetbrains.kotlin.gradle.internal.StdlibDependencyManagementKt$configureStdlibDefaultDependency$1: loaded 2 times (x 79B)
Class org.jetbrains.kotlin.gradle.model.builder.KotlinModelBuilder$Companion          : loaded 2 times (x 71B)
Class org.jetbrains.kotlin.gradle.plugin.mpp.compilationImpl.KotlinCreateResourcesTaskSideEffectKt: loaded 2 times (x 71B)
Class org.jetbrains.kotlin.gradle.targets.native.internal.SetupKotlinNativePlatformDependenciesAndStdlibKt: loaded 2 times (x 71B)
Class org.jetbrains.kotlin.gradle.plugin.mpp.KotlinUsages                             : loaded 2 times (x 71B)
Class org.jetbrains.kotlin.gradle.internal.properties.NativePropertiesLoader$Companion: loaded 2 times (x 71B)
Class [Lorg.jetbrains.kotlin.build.report.metrics.GradleBuildPerformanceMetric;       : loaded 2 times (x 69B)
Class org.jetbrains.kotlin.gradle.plugin.statistics.KotlinBuildStatsBeanService$Companion: loaded 2 times (x 71B)
Class org.jetbrains.kotlin.gradle.plugin.statistics.BuildFusService$Companion         : loaded 2 times (x 71B)
Class com.google.common.util.concurrent.internal.InternalFutureFailureAccess          : loaded 2 times (x 72B)
Class com.google.common.collect.Iterators$5                                           : loaded 2 times (x 82B)
Class kotlin.time.Duration$Companion                                                  : loaded 2 times (x 71B)
Class kotlin.reflect.jvm.internal.KDeclarationContainerImpl                           : loaded 2 times (x 84B)
Class kotlin.coroutines.intrinsics.IntrinsicsKt__IntrinsicsKt                         : loaded 2 times (x 71B)
Class kotlin.text.RegexKt                                                             : loaded 2 times (x 71B)
Class com.google.common.collect.MapMakerInternalMap$StrongKeyDummyValueEntry$LinkedStrongKeyDummyValueEntry: loaded 2 times (x 82B)
Class com.google.common.collect.ImmutableMultimap$Values                              : loaded 2 times (x 126B)
Class com.google.common.collect.ImmutableSortedAsList                                 : loaded 2 times (x 221B)
Class org.jetbrains.kotlin.gradle.plugin.HasCompilerOptions                           : loaded 2 times (x 70B)
Class org.jetbrains.kotlin.gradle.plugin.mpp.compilationImpl.DefaultKotlinCompilationFriendPathsResolver$FriendArtifactResolver: loaded 2 times (x 70B)
Class org.jetbrains.kotlin.konan.target.KonanTarget$WATCHOS_SIMULATOR_ARM64           : loaded 2 times (x 78B)
Class org.jetbrains.kotlin.gradle.targets.js.ir.KotlinJsIrTarget                      : loaded 2 times (x 254B)
Class org.jetbrains.kotlin.gradle.plugin.mpp.DefaultKotlinUsageContext                : loaded 2 times (x 108B)
Class org.jetbrains.kotlin.gradle.plugin.KotlinPluginLifecycleImpl$start$3            : loaded 2 times (x 79B)
Class org.jetbrains.kotlin.gradle.plugin.KotlinMultiplatformPluginWrapper             : loaded 2 times (x 86B)
Class [Lorg.jetbrains.kotlin.statistics.metrics.BooleanMetrics;                       : loaded 2 times (x 69B)
Class org.jetbrains.kotlin.gradle.internal.properties.PropertiesBuildService$Companion: loaded 2 times (x 71B)
Class com.google.common.cache.LocalCache$LocalManualCache$1                           : loaded 2 times (x 75B)
Class com.android.tools.lint.model.LintModelModule                                    : loaded 2 times (x 70B)
Class kotlin.io.FilesKt__UtilsKt                                                      : loaded 2 times (x 71B)
Class kotlin.collections.CollectionsKt__CollectionsJVMKt                              : loaded 2 times (x 71B)
Class [Lcom.android.prefs.Global;                                                     : loaded 2 times (x 69B)
Class com.google.gson.JsonSyntaxException                                             : loaded 2 times (x 82B)
Class kotlin.io.LinesSequence                                                         : loaded 2 times (x 75B)
Class Build_gradle$2$5$1$1                                                            : loaded 2 times (x 78B)
Class com.google.common.collect.ImmutableSortedMap$1EntrySet                          : loaded 2 times (x 155B)
Class org.jetbrains.kotlin.gradle.plugin.mpp.compilationImpl.KotlinCompilationConfigurationsContainer: loaded 2 times (x 70B)
Class org.jetbrains.kotlin.gradle.internal.StdlibDependencyManagementKt$addStdlibDependency$1: loaded 2 times (x 75B)
Class [Lorg.jetbrains.kotlin.gradle.plugin.KotlinPluginLifecycle$CoroutineStart;      : loaded 2 times (x 69B)
Class org.jetbrains.kotlin.gradle.dsl.IosSourceSetConventionChecker                   : loaded 2 times (x 74B)
Class org.jetbrains.kotlin.gradle.plugin.diagnostics.KotlinGradleProjectChecker       : loaded 2 times (x 70B)
Class org.jetbrains.kotlin.gradle.plugin.sources.KotlinSourceSetFactory$Companion     : loaded 2 times (x 71B)
Class org.jetbrains.kotlin.gradle.dsl.KotlinMultiplatformSourceSetConventions         : loaded 2 times (x 70B)
Class org.jetbrains.kotlin.statistics.metrics.NumberOverridePolicy$SUM                : loaded 2 times (x 85B)
Class org.gradle.api.internal.classpath.DefaultModuleRegistry                         : loaded 2 times (x 86B)
Class [Lkotlin.reflect.KClass;                                                        : loaded 2 times (x 69B)
Class kotlin.collections.IndexedValue                                                 : loaded 2 times (x 72B)
Class kotlin.collections.builders.MapBuilder$Itr                                      : loaded 2 times (x 72B)
Class kotlin.KotlinVersionCurrentValue                                                : loaded 2 times (x 71B)
Class kotlin.reflect.jvm.internal.impl.name.SpecialNames                              : loaded 2 times (x 71B)
Class kotlin.reflect.jvm.internal.impl.builtins.functions.FunctionTypeKind$KFunction  : loaded 2 times (x 72B)
Class kotlin.reflect.jvm.internal.KPropertyImpl$$Lambda$0                             : loaded 2 times (x 76B)
Class kotlin.collections.CollectionsKt__IteratorsKt                                   : loaded 2 times (x 71B)
Class kotlin.sequences.SequencesKt                                                    : loaded 2 times (x 71B)
Class kotlin.reflect.jvm.internal.impl.name.FqName                                    : loaded 2 times (x 72B)
Class [Lorg.objectweb.asm.Symbol;                                                     : loaded 2 times (x 69B)
Class build_3acuq39s1j8pxclhb9181mkwl$_run_closure1                                   : loaded 2 times (x 139B)
Class org.jetbrains.kotlin.gradle.plugin.internal.state.TaskExecutionResults          : loaded 2 times (x 71B)
Class org.jetbrains.kotlin.compilerRunner.KotlinCompilerArgumentsLogLevel             : loaded 2 times (x 79B)
Class org.jetbrains.kotlin.gradle.plugin.mpp.compilationImpl.factory.CompositePostConfigure: loaded 2 times (x 75B)
Class org.jetbrains.kotlin.gradle.targets.native.internal.CInteropConfigurationsKt    : loaded 2 times (x 71B)
Class org.jetbrains.kotlin.gradle.plugin.statistics.BuildFusService$Parameters$Inject : loaded 2 times (x 112B)
Class org.jetbrains.kotlin.build.report.metrics.GradleBuildTime$Companion             : loaded 2 times (x 71B)
Class org.jetbrains.kotlin.statistics.metrics.StatisticsValuesConsumer                : loaded 2 times (x 70B)
Class com.google.common.util.concurrent.ListenableFuture                              : loaded 2 times (x 70B)
Class com.google.common.cache.ReferenceEntry                                          : loaded 2 times (x 70B)
Class org.jetbrains.kotlin.gradle.dsl.KotlinProjectExtension                          : loaded 2 times (x 122B)
Class org.jetbrains.kotlin.gradle.internal.properties.PropertiesBuildService$BooleanGradleProperty: loaded 2 times (x 76B)
Class [Lcom.android.resources.ResourceFolderType;                                     : loaded 2 times (x 69B)
Class kotlin.jvm.internal.markers.KMutableSet                                         : loaded 2 times (x 70B)
Class org.jetbrains.kotlin.gradle.plugin.VariantImplementationFactories$Companion$getProvider$1: loaded 2 times (x 75B)
Class com.android.tools.lint.model.LintModelSerialization                             : loaded 2 times (x 76B)
Class kotlin.text.StringsKt                                                           : loaded 2 times (x 71B)
Class org.jetbrains.kotlin.gradle.plugin.DefaultKotlinBasePlugin$addKotlinCompilerConfiguration$2$1$1$1: loaded 2 times (x 75B)
Class org.jetbrains.kotlin.gradle.tasks.KotlinCompilerExecutionStrategy$Companion     : loaded 2 times (x 71B)
Class org.jetbrains.kotlin.gradle.plugin.CompilerPluginConfig                         : loaded 2 times (x 72B)
Class org.jetbrains.kotlin.gradle.model.builder.KotlinModelBuilder                    : loaded 2 times (x 76B)
Class [Lorg.jetbrains.kotlin.tooling.core.HasMutableExtras;                           : loaded 2 times (x 69B)
Class org.jetbrains.kotlin.gradle.plugin.diagnostics.checkers.GradleDeprecatedPropertyChecker: loaded 2 times (x 74B)
Class org.jetbrains.kotlin.gradle.artifacts.KotlinJsKlibArtifactKt$KotlinJsKlibArtifact$1: loaded 2 times (x 74B)
Class org.jetbrains.kotlin.gradle.targets.CreateTargetConfigurationsSideEffectKt      : loaded 2 times (x 71B)
Class org.jetbrains.kotlin.gradle.plugin.mpp.ApplyUserDefinedAttributesKt$UserDefinedAttributesSetupAction$1: loaded 2 times (x 95B)
Class org.jetbrains.kotlin.gradle.plugin.mpp.KotlinAndroidTarget                      : loaded 2 times (x 159B)
Class org.jetbrains.kotlin.gradle.plugin.DefaultKotlinBasePlugin$addKotlinCompilerConfiguration$1: loaded 2 times (x 75B)
Class org.jetbrains.kotlin.gradle.plugin.statistics.NonSynchronizedMetricsContainer   : loaded 2 times (x 82B)
Class org.jetbrains.kotlin.gradle.plugin.internal.DefaultCompatibilityConventionRegistrar: loaded 2 times (x 74B)
Class org.jetbrains.kotlin.gradle.plugin.PropertiesProvider                           : loaded 2 times (x 73B)
Class com.google.common.collect.AbstractMapBasedMultimap                              : loaded 2 times (x 139B)
Class com.google.common.util.concurrent.AbstractFuture                                : loaded 2 times (x 106B)
Class com.google.common.collect.Iterators$9                                           : loaded 2 times (x 81B)
Class kotlin.coroutines.jvm.internal.RestrictedContinuationImpl                       : loaded 2 times (x 87B)
Class kotlin.coroutines.CoroutineContext$Key                                          : loaded 2 times (x 70B)
Class kotlin.LazyKt__LazyJVMKt                                                        : loaded 2 times (x 71B)
Class Build_gradle$2$5$1                                                              : loaded 2 times (x 78B)
Class build_bcn105v2760wsawab9jsooje7                                                 : loaded 2 times (x 180B)
Class com.google.common.io.CharStreams                                                : loaded 2 times (x 71B)
Class com.google.common.collect.ImmutableMultiset                                     : loaded 2 times (x 163B)
Class [Lorg.jetbrains.kotlin.gradle.dsl.jvm.JvmTargetValidationMode;                  : loaded 2 times (x 69B)
Class org.jetbrains.kotlin.gradle.tasks.DefaultKotlinJavaToolchain$javaVersion$1      : loaded 2 times (x 74B)
Class org.jetbrains.kotlin.gradle.plugin.mpp.MppSourcesJarKt$sourcesJarTask$1         : loaded 2 times (x 95B)
Class org.jetbrains.kotlin.gradle.plugin.mpp.compilationImpl.factory.KotlinCompilationImplFactory$KotlinCompilationOutputFactory: loaded 2 times (x 70B)
Class org.jetbrains.kotlin.konan.target.TargetSupportException                        : loaded 2 times (x 82B)
Class org.jetbrains.kotlin.gradle.plugin.KotlinCompilationToRunnableFiles             : loaded 2 times (x 70B)
Class org.jetbrains.kotlin.gradle.tooling.BuildKotlinToolingMetadataTaskKt            : loaded 2 times (x 71B)
Class org.jetbrains.kotlin.gradle.plugin.ProjectLocalConfigurations$setupAttributesMatchingStrategy$1$1: loaded 2 times (x 74B)
Class org.jetbrains.kotlin.gradle.targets.native.toolchain.KotlinNativeBundleBuildService$Companion$registerIfAbsent$2$1$1: loaded 2 times (x 75B)
Class org.jetbrains.kotlin.statistics.BuildSessionLogger$Companion                    : loaded 2 times (x 71B)
Class org.objectweb.asm.RecordComponentVisitor                                        : loaded 2 times (x 77B)
Class com.google.common.cache.CacheLoader$SupplierToCacheLoader                       : loaded 2 times (x 75B)
Class org.jetbrains.kotlin.gradle.plugin.statistics.KotlinBuildStatsBeanService$Companion$initStatsService$1: loaded 2 times (x 79B)
Class org.jetbrains.kotlin.statistics.metrics.StringOverridePolicy$OVERRIDE_VERSION_IF_NOT_SET: loaded 2 times (x 85B)
Class kotlin.jvm.internal.markers.KMutableList                                        : loaded 2 times (x 70B)
Class org.jetbrains.kotlin.gradle.plugin.KotlinGradlePluginExtensionPointInternal     : loaded 2 times (x 76B)
Class [Lkotlin.Pair;                                                                  : loaded 2 times (x 69B)
Class kotlin.io.FilesKt__FileReadWriteKt                                              : loaded 2 times (x 71B)
Class kotlin.text.MatchNamedGroupCollection                                           : loaded 2 times (x 70B)
Class kotlin.text.StringsKt__StringNumberConversionsKt                                : loaded 2 times (x 71B)
Class org.jetbrains.kotlin.gradle.plugin.KotlinTargetComponent                        : loaded 2 times (x 70B)
Class com.google.common.collect.UsingToStringOrdering                                 : loaded 2 times (x 114B)
Class org.jetbrains.kotlin.gradle.plugin.mpp.KotlinCompilationsKt$sam$java_util_concurrent_Callable$0: loaded 2 times (x 75B)
Class org.jetbrains.kotlin.gradle.tasks.KotlinCompilerPluginData                      : loaded 2 times (x 72B)
Class org.jetbrains.kotlin.gradle.targets.js.npm.SemverKt                             : loaded 2 times (x 71B)
Class org.jetbrains.kotlin.gradle.internal.StdlibDependencyManagementKt$isStdlibAddedByUser$1: loaded 2 times (x 79B)
Class org.jetbrains.kotlin.gradle.plugin.mpp.MppSourcesJarKt                          : loaded 2 times (x 71B)
Class org.jetbrains.kotlin.compilerRunner.CompilerSystemPropertiesService$Companion$registerIfAbsent$2$1$1: loaded 2 times (x 75B)
Class org.jetbrains.kotlin.gradle.plugin.KotlinCompilationInfo                        : loaded 2 times (x 88B)
Class org.jetbrains.kotlin.tooling.core.ExtrasPropertyKt                              : loaded 2 times (x 71B)
Class org.jetbrains.kotlin.gradle.tasks.BaseKotlinCompile                             : loaded 2 times (x 70B)
Class org.jetbrains.kotlin.gradle.plugin.internal.UsesBuildIdProviderService          : loaded 2 times (x 70B)
Class org.jetbrains.kotlin.gradle.plugin.mpp.compilationImpl.KotlinCompilationSourceSetInclusion$include$1: loaded 2 times (x 79B)
Class org.jetbrains.kotlin.gradle.plugin.mpp.compilationImpl.factory.KotlinCompilationImplFactory$KotlinCompilationDependencyConfigurationsFactory: loaded 2 times (x 70B)
Class org.jetbrains.kotlin.gradle.plugin.KotlinPluginLifecycleCoroutineContextElement$Key: loaded 2 times (x 71B)
Class org.jetbrains.kotlin.gradle.plugin.diagnostics.KotlinToolingDiagnosticsSetupActionKt$KotlinToolingDiagnosticsSetupAction$1: loaded 2 times (x 74B)
Class org.jetbrains.kotlin.gradle.dsl.KotlinProjectExtensionKt                        : loaded 2 times (x 71B)
Class org.jetbrains.kotlin.gradle.plugin.KotlinGradleBuildServices$Parameters_Decorated: loaded 2 times (x 134B)
Class org.jetbrains.kotlin.gradle.plugin.DefaultKotlinBasePlugin$addKotlinCompilerConfiguration$3: loaded 2 times (x 75B)
Class [Lorg.jetbrains.kotlin.statistics.metrics.IMetricContainerFactory;              : loaded 2 times (x 69B)
Class org.jetbrains.kotlin.gradle.internal.IdeaKt                                     : loaded 2 times (x 71B)
Class org.gradle.internal.service.ServiceLookupException                              : loaded 2 times (x 82B)
Class org.jetbrains.kotlin.gradle.dsl.KotlinCommonCompilerToolOptionsHelper           : loaded 2 times (x 71B)
Class org.jetbrains.kotlin.gradle.plugin.KotlinPluginLifecycleImpl$WhenMappings       : loaded 2 times (x 71B)
Class kotlin.jvm.internal.MutablePropertyReference1Impl                               : loaded 2 times (x 137B)
Class org.jetbrains.kotlin.cli.common.CompilerSystemProperties$value$2                : loaded 2 times (x 125B)
Class [Lkotlin.sequences.Sequence;                                                    : loaded 2 times (x 69B)
Class com.android.tools.lint.model.LintModelBuildFeatures                             : loaded 2 times (x 70B)
Class com.google.common.io.Resources$UrlByteSource                                    : loaded 2 times (x 85B)
Class org.jetbrains.kotlin.gradle.tasks.GradleCompileTaskProvider_Decorated           : loaded 2 times (x 121B)
Class org.jetbrains.kotlin.gradle.internal.StdlibDependencyManagementKt$isStdlibAddedByUser$2: loaded 2 times (x 78B)
Class org.jetbrains.kotlin.gradle.plugin.hierarchy.KotlinSourceSetTreeClassifierKt$sourceSetTreeClassifier$2: loaded 2 times (x 78B)
Class com.google.common.collect.Lists$ReverseList                                     : loaded 2 times (x 200B)
Class org.jetbrains.kotlin.konan.target.HostManager                                   : loaded 2 times (x 72B)
Class org.jetbrains.kotlin.gradle.targets.js.npm.NpmDirectoryDependencyExtension      : loaded 2 times (x 70B)
Class org.jetbrains.kotlin.gradle.plugin.mpp.KotlinUsageContext$MavenScope            : loaded 2 times (x 79B)
Class org.jetbrains.kotlin.gradle.targets.native.KotilnNativeConfigureBinariesSideEffectKt$special$$inlined$KotlinTargetSideEffect$1: loaded 2 times (x 74B)
Class org.jetbrains.kotlin.gradle.plugin.KotlinProjectSetupAction$Companion           : loaded 2 times (x 71B)
Class [Lcom.google.common.cache.LocalCache$EntryFactory;                              : loaded 2 times (x 69B)
Class org.gradle.internal.classloader.ClassLoaderFactory                              : loaded 2 times (x 70B)
Class kotlin.reflect.jvm.internal.impl.builtins.PrimitiveType                         : loaded 2 times (x 79B)
Class org.jetbrains.kotlin.gradle.plugin.diagnostics.checkers.DeprecatedKotlinNativeTargetsChecker$runChecks$1: loaded 2 times (x 88B)
Class org.jetbrains.kotlin.gradle.plugin.KotlinPluginLifecycleImplKt                  : loaded 2 times (x 71B)
Class org.jetbrains.kotlin.gradle.tasks.DefaultKotlinJavaToolchain$currentJvmJdkToolsJar$1: loaded 2 times (x 74B)
Class org.jetbrains.kotlin.gradle.plugin.SubpluginEnvironment                         : loaded 2 times (x 72B)
Class org.jetbrains.kotlin.gradle.internal.StdlibDependencyManagementKt$addStdlibDependency$1$1$1: loaded 2 times (x 75B)
Class org.jetbrains.kotlin.gradle.plugin.sources.AbstractKotlinSourceSet              : loaded 2 times (x 141B)
Class org.jetbrains.kotlin.gradle.tooling.BuildKotlinToolingMetadataTaskKt$RegisterBuildKotlinToolingMetadataTask$1: loaded 2 times (x 74B)
Class org.jetbrains.kotlin.compilerRunner.GradleCliCommonizerKt$maybeCreateCommonizerClasspathConfiguration$1$1: loaded 2 times (x 75B)
Class [Lorg.jetbrains.kotlin.build.report.metrics.ValueType;                          : loaded 2 times (x 69B)
Class com.google.common.cache.LocalCache$LocalManualCache                             : loaded 2 times (x 99B)
Class org.gradle.internal.service.CachingServiceLocator                               : loaded 2 times (x 82B)
Class org.jetbrains.kotlin.gradle.targets.js.dsl.KotlinJsTargetDsl                    : loaded 2 times (x 70B)
Class it.unimi.dsi.fastutil.objects.AbstractObjectCollection                          : loaded 2 times (x 143B)
Class kotlin.collections.AbstractList$IteratorImpl                                    : loaded 2 times (x 82B)
Class org.jetbrains.kotlin.konan.target.KonanTarget$WATCHOS_ARM32                     : loaded 2 times (x 78B)
Class kotlin.collections.AbstractList$SubList                                         : loaded 2 times (x 198B)
Class kotlin.jvm.internal.CallableReference                                           : loaded 2 times (x 106B)
Class org.jetbrains.kotlin.gradle.dsl.jvm.JvmTargetValidationMode                     : loaded 2 times (x 79B)
Class org.jetbrains.kotlin.gradle.plugin.KotlinTargetConfiguratorKt$WhenMappings      : loaded 2 times (x 71B)
Class com.google.common.collect.AbstractMapBasedMultimap$KeySet                       : loaded 2 times (x 137B)
Class org.jetbrains.kotlin.gradle.internal.KotlinTestDependencyManagementKt$configureKotlinTestDependency$1: loaded 2 times (x 79B)
Class org.jetbrains.kotlin.gradle.plugin.diagnostics.checkers.OverriddenKotlinNativeHomeChecker$StdlibExistenceCheckerValueSource$Params_Decorated: loaded 2 times (x 134B)
Class org.jetbrains.kotlin.project.model.LanguageSettings                             : loaded 2 times (x 70B)
Class org.jetbrains.kotlin.gradle.plugin.KotlinPluginLifecycleKt$kotlinPluginLifecycle$2: loaded 2 times (x 78B)
Class org.jetbrains.kotlin.gradle.plugin.statistics.BuildFusService$Companion$registerIfAbsent$1$1: loaded 2 times (x 79B)
Class org.jetbrains.kotlin.gradle.plugin.internal.CompatibilityConventionRegistrar$Factory: loaded 2 times (x 70B)
Class org.jetbrains.kotlin.gradle.plugin.KotlinProjectSetupActionKt$KotlinProjectSetupCoroutine$1$1: loaded 2 times (x 95B)
Class org.jetbrains.kotlin.gradle.plugin.mpp.compilationImpl.factory.KotlinCompilationImplFactory$PreConfigure: loaded 2 times (x 70B)
Class kotlin.properties.ReadOnlyProperty                                              : loaded 2 times (x 70B)
Class kotlin.reflect.jvm.internal.impl.descriptors.runtime.structure.ReflectClassUtilKt: loaded 2 times (x 71B)
Class kotlin.jvm.internal.markers.KMutableMap                                         : loaded 2 times (x 70B)
Class kotlin.ranges.IntRange                                                          : loaded 2 times (x 93B)
Class build_3acuq39s1j8pxclhb9181mkwl                                                 : loaded 2 times (x 180B)
Class [Lcom.google.common.collect.HashBiMap$BiEntry;                                  : loaded 2 times (x 69B)
Class org.jetbrains.kotlin.gradle.plugin.mpp.KotlinMetadataTarget                     : loaded 2 times (x 161B)
Class org.jetbrains.kotlin.gradle.plugin.mpp.InternalKotlinCompilation$DefaultImpls   : loaded 2 times (x 71B)
Class org.jetbrains.kotlin.gradle.plugin.mpp.compilationImpl.KotlinCompilationSourceSetInclusion$DefaultAddSourcesToCompileTask: loaded 2 times (x 74B)
Class org.jetbrains.kotlin.gradle.internal.KotlinTestDependencyManagementKt$configureKotlinTestDependency$2: loaded 2 times (x 75B)
Class org.jetbrains.kotlin.gradle.dsl.PlatformSourceSetConventionsChecker$runChecks$$inlined$CheckedPlatformInfo$default$1: loaded 2 times (x 78B)
Class [Lorg.jetbrains.kotlin.gradle.plugin.KotlinPluginLifecycle$Stage;               : loaded 2 times (x 69B)
Class org.jetbrains.kotlin.gradle.artifacts.KotlinTargetArtifact$Companion            : loaded 2 times (x 71B)
Class org.jetbrains.kotlin.gradle.plugin.mpp.compilationImpl.KotlinCreateLifecycleTasksSideEffectKt$KotlinCreateLifecycleTasksSideEffect$1: loaded 2 times (x 74B)
Class org.jetbrains.kotlin.gradle.dsl.KotlinGradlePluginDsl                           : loaded 2 times (x 70B)
Class org.jetbrains.kotlin.tooling.core.MutableExtras                                 : loaded 2 times (x 70B)
Class org.jetbrains.kotlin.gradle.plugin.KotlinGradleBuildServices$detectKotlinPluginLoadedInMultipleProjects$onRegister$1: loaded 2 times (x 79B)
Class org.jetbrains.kotlin.build.report.metrics.BuildTime                             : loaded 2 times (x 70B)
Class org.jetbrains.kotlin.gradle.tasks.configuration.AbstractKotlinCompileConfig$2   : loaded 2 times (x 79B)
Class org.jetbrains.kotlin.gradle.internal.transforms.BuildToolsApiClasspathEntrySnapshotTransform: loaded 2 times (x 82B)
Class com.android.prefs.LocationValue                                                 : loaded 2 times (x 70B)
Class org.jetbrains.kotlin.gradle.tasks.CacheableTasksKt$cacheOnlyIfEnabledForKotlin$1: loaded 2 times (x 75B)
Class kotlin.enums.EnumEntries                                                        : loaded 2 times (x 70B)
Class com.google.common.collect.ImmutableMultimap                                     : loaded 2 times (x 147B)
Class com.google.common.base.Predicates                                               : loaded 2 times (x 71B)
Class org.jetbrains.kotlin.gradle.plugin.diagnostics.CheckKotlinGradlePluginConfigurationErrorsKt$locateOrRegisterCheckKotlinGradlePluginErrorsTask$taskProvider$1$2: loaded 2 times (x 75B)
Class org.jetbrains.kotlin.gradle.tasks.CompileUsingKotlinDaemon                      : loaded 2 times (x 70B)
Class org.jetbrains.kotlin.gradle.plugin.mpp.KotlinWithJavaTarget                     : loaded 2 times (x 160B)
Class org.jetbrains.kotlin.gradle.utils.StoredPropertyKt$extrasStoredProperty$1       : loaded 2 times (x 78B)
Class org.jetbrains.kotlin.gradle.plugin.mpp.compilationImpl.KotlinCreateNativeCompileTasksSideEffectKt$special$$inlined$KotlinCompilationSideEffect$1: loaded 2 times (x 74B)
Class org.jetbrains.kotlin.gradle.targets.KotlinTargetSideEffect$Companion            : loaded 2 times (x 71B)
Class org.jetbrains.kotlin.gradle.dsl.KotlinSingleJavaTargetExtension                 : loaded 2 times (x 124B)
Class org.jetbrains.kotlin.gradle.plugin.KotlinPluginLifecycle$IllegalLifecycleException: loaded 2 times (x 82B)
Class org.jetbrains.kotlin.gradle.internal.properties.NativePropertiesLoader$userProvidedNativeHome$1: loaded 2 times (x 75B)
Class org.jetbrains.kotlin.gradle.plugin.KotlinGradleFinishBuildHandler               : loaded 2 times (x 72B)
Class [Lorg.jetbrains.kotlin.build.report.metrics.BuildPerformanceMetric;             : loaded 2 times (x 69B)
Class org.jetbrains.kotlin.statistics.metrics.StringOverridePolicy$CONCAT             : loaded 2 times (x 85B)
Class org.jetbrains.kotlin.gradle.dsl.KotlinTopLevelExtension                         : loaded 2 times (x 70B)
Class org.jetbrains.kotlin.gradle.tasks.AbstractKotlinCompile$compilerRunner$1        : loaded 2 times (x 75B)
Class com.google.common.collect.TransformedListIterator                               : loaded 2 times (x 93B)
Class kotlin.jvm.internal.markers.KMutableListIterator                                : loaded 2 times (x 70B)
Class [Lorg.jetbrains.kotlin.cli.common.CompilerSystemProperties;                     : loaded 2 times (x 69B)
Class com.google.gson.JsonParseException                                              : loaded 2 times (x 82B)
Class com.android.tools.lint.model.DefaultLintModelJavaLibrary                        : loaded 2 times (x 103B)
Class com.android.prefs.PathLocator                                                   : loaded 2 times (x 73B)
Class org.jetbrains.kotlin.gradle.plugin.ProjectLocalConfigurationsKt                 : loaded 2 times (x 71B)
Class org.jetbrains.kotlin.gradle.plugin.mpp.compilationImpl.factory.KotlinCompilationImplFactory: loaded 2 times (x 72B)
Class org.jetbrains.kotlin.gradle.internal.KotlinDomApiDependencyManagementKt$addKotlinDomApiDependency$1: loaded 2 times (x 75B)
Class org.jetbrains.kotlin.gradle.plugin.diagnostics.checkers.KotlinTargetAlreadyDeclaredChecker$runChecks$1: loaded 2 times (x 88B)
Class org.jetbrains.kotlin.gradle.plugin.mpp.KotlinTargetWithBinaries                 : loaded 2 times (x 157B)
Class [Lorg.jetbrains.kotlin.gradle.plugin.KotlinSourceSet;                           : loaded 2 times (x 69B)
Class org.jetbrains.kotlin.gradle.plugin.diagnostics.checkers.JsEnvironmentChecker$1  : loaded 2 times (x 78B)
Class org.jetbrains.kotlin.gradle.plugin.diagnostics.KotlinToolingDiagnostics$JsLikeEnvironmentNotChosenExplicitly: loaded 2 times (x 73B)
Class org.jetbrains.kotlin.gradle.utils.StoredLazyProperty$getValue$1                 : loaded 2 times (x 79B)
Class org.jetbrains.kotlin.statistics.metrics.IMetricContainerFactory                 : loaded 2 times (x 70B)
Class org.jetbrains.kotlin.statistics.MetricValueValidationFailed                     : loaded 2 times (x 82B)
Class org.jetbrains.kotlin.gradle.plugin.PropertiesProvider$localProperties$2         : loaded 2 times (x 79B)
Class com.google.common.cache.CacheBuilder$OneWeigher                                 : loaded 2 times (x 82B)
Class com.google.common.cache.LocalCache$Values                                       : loaded 2 times (x 118B)
Class com.google.common.reflect.TypeCapture                                           : loaded 2 times (x 71B)
Class com.android.builder.model.MavenCoordinates                                      : loaded 2 times (x 70B)
Class kotlin.reflect.jvm.internal.KDeclarationContainerImpl$Companion                 : loaded 2 times (x 71B)
Class com.android.sdklib.AndroidVersion                                               : loaded 2 times (x 75B)
Class com.android.tools.lint.model.LintModelLibraryResolver                           : loaded 2 times (x 70B)
Class kotlin.text.MatchResult$DefaultImpls                                            : loaded 2 times (x 71B)
Class com.android.tools.lint.model.LintModelSerialization$LintModelSerializationAdapter: loaded 2 times (x 70B)
Class build_ai94f9i63munlvu4krsad4ebr$_run_closure1$_closure3                         : loaded 2 times (x 139B)
Class com.android.utils.ILogger                                                       : loaded 2 times (x 70B)
Class com.google.common.collect.ImmutableSortedMap                                    : loaded 2 times (x 217B)
Class org.jetbrains.kotlin.gradle.plugin.mpp.compilationImpl.DefaultKotlinCompilationFriendPathsResolver$resolveFriendPaths$1$1: loaded 2 times (x 79B)
Class org.jetbrains.kotlin.build.report.metrics.BuildMetricsReporterImpl              : loaded 2 times (x 100B)
Class org.jetbrains.kotlin.gradle.tasks.configuration.KaptGenerateStubsConfig         : loaded 2 times (x 72B)
Class org.jetbrains.kotlin.gradle.targets.js.npm.SemVer                               : loaded 2 times (x 75B)
Class org.jetbrains.kotlin.gradle.plugin.diagnostics.checkers.JsEnvironmentChecker$2  : loaded 2 times (x 78B)
Class org.jetbrains.kotlin.gradle.utils.WhenPluginEnabledKt$whenPluginsEnabled$1      : loaded 2 times (x 75B)
Class org.jetbrains.kotlin.gradle.tasks.AbstractKotlinCompileTool                     : loaded 2 times (x 366B)
Class [Lorg.jetbrains.kotlin.gradle.report.BuildReportType;                           : loaded 2 times (x 69B)
Class org.jetbrains.kotlin.gradle.plugin.statistics.KotlinBuildStatsConfiguration     : loaded 2 times (x 72B)
Class org.jetbrains.kotlin.gradle.internal.properties.PropertiesBuildService$localProperties$2: loaded 2 times (x 79B)
Class org.gradle.internal.classloader.ClasspathUtil                                   : loaded 2 times (x 71B)
Class kotlin.jvm.internal.PropertyReference0                                          : loaded 2 times (x 127B)
Class it.unimi.dsi.fastutil.Hash                                                      : loaded 2 times (x 70B)
Class kotlin.sequences.EmptySequence                                                  : loaded 2 times (x 78B)
Class build_bcn105v2760wsawab9jsooje7$_run_closure1                                   : loaded 2 times (x 139B)
Class org.jetbrains.kotlin.gradle.dsl.KotlinCompile                                   : loaded 2 times (x 70B)
Class org.jetbrains.kotlin.gradle.plugin.mpp.compilationImpl.DefaultKotlinCompilationFriendPathsResolver$DefaultFriendArtifactResolver: loaded 2 times (x 74B)
Class org.jetbrains.kotlin.gradle.plugin.diagnostics.checkers.InternalGradlePropertiesUsageChecker$runChecks$1: loaded 2 times (x 88B)
Class org.jetbrains.kotlin.gradle.utils.StringUtilsKt$lowerCamelCaseName$1            : loaded 2 times (x 125B)
Class org.jetbrains.kotlin.gradle.plugin.diagnostics.checkers.JsEnvironmentChecker$3  : loaded 2 times (x 78B)
Class org.jetbrains.kotlin.gradle.dsl.JvmTarget$Companion                             : loaded 2 times (x 71B)
Class org.jetbrains.kotlin.gradle.internal.properties.NativePropertiesLoader$downloadFromMaven$1: loaded 2 times (x 75B)
Class org.jetbrains.kotlin.gradle.plugin.internal.DefaultConfigurationCacheStartParameterAccessor_Decorated: loaded 2 times (x 125B)
Class org.jetbrains.kotlin.gradle.plugin.internal.DefaultConfigurationCacheStartParameterAccessor: loaded 2 times (x 77B)
Class org.jetbrains.kotlin.tooling.core.HasExtras                                     : loaded 2 times (x 70B)
Class com.google.common.util.concurrent.Uninterruptibles                              : loaded 2 times (x 71B)
Class kotlin.sequences.DistinctSequence                                               : loaded 2 times (x 75B)
Class kotlin.reflect.jvm.internal.impl.builtins.functions.FunctionTypeKind$KSuspendFunction: loaded 2 times (x 72B)
Class kotlin.reflect.jvm.internal.KClassImpl$$Lambda$0                                : loaded 2 times (x 76B)
Class kotlin.jvm.internal.DefaultConstructorMarker                                    : loaded 2 times (x 71B)
Class kotlin.reflect.full.IllegalCallableAccessException                              : loaded 2 times (x 82B)
Class kotlin.jvm.internal.PropertyReference1                                          : loaded 2 times (x 127B)
Class com.android.tools.lint.model.LintModelNamespacingMode                           : loaded 2 times (x 79B)
Class com.android.utils.NullLogger                                                    : loaded 2 times (x 85B)
Class com.google.common.io.CharSource                                                 : loaded 2 times (x 85B)
Class org.jetbrains.kotlin.gradle.plugin.KotlinCompilationInfo$TCS$friendPaths$1      : loaded 2 times (x 79B)
Class org.jetbrains.kotlin.gradle.plugin.sources.DefaultLanguageSettingsBuilder$freeCompilerArgsProvider$1: loaded 2 times (x 95B)
Class org.jetbrains.kotlin.konan.target.HostManager$Companion                         : loaded 2 times (x 71B)
Class org.jetbrains.kotlin.gradle.targets.js.npm.DevNpmDependencyExtension            : loaded 2 times (x 70B)
Class org.jetbrains.kotlin.gradle.plugin.diagnostics.checkers.PreHmppDependenciesUsageChecker: loaded 2 times (x 74B)
Class org.jetbrains.kotlin.gradle.targets.CreateArtifactsSideEffectKt                 : loaded 2 times (x 71B)
Class org.jetbrains.kotlin.gradle.plugin.AbstractKotlinMultiplatformPluginWrapper     : loaded 2 times (x 86B)
Class org.jetbrains.kotlin.gradle.utils.GradleConfigurationUtilsKt$addGradlePluginMetadataAttributes$1: loaded 2 times (x 75B)
Class org.jetbrains.kotlin.gradle.plugin.internal.DefaultProjectIsolationStartParameterAccessor: loaded 2 times (x 77B)
Class com.google.common.util.concurrent.LazyLogger                                    : loaded 2 times (x 72B)
Class org.gradle.api.specs.Spec                                                       : loaded 2 times (x 70B)
Class kotlin.sequences.TransformingSequence                                           : loaded 2 times (x 75B)
Class it.unimi.dsi.fastutil.objects.ReferenceSet                                      : loaded 2 times (x 70B)
Class kotlin.collections.builders.ListBuilder$Itr                                     : loaded 2 times (x 94B)
Class kotlin.reflect.jvm.internal.CachesKt$$Lambda$0                                  : loaded 2 times (x 75B)
Class kotlin.jvm.internal.MutablePropertyReference                                    : loaded 2 times (x 119B)
Class kotlin.jvm.internal.PropertyReference2                                          : loaded 2 times (x 127B)
Class kotlin.UnsafeLazyImpl                                                           : loaded 2 times (x 76B)
Class kotlin.LazyKt__LazyJVMKt$WhenMappings                                           : loaded 2 times (x 71B)
Class com.android.tools.lint.model.LintModelExternalLibrary                           : loaded 2 times (x 70B)
Class org.jetbrains.kotlin.gradle.tasks.KotlinCompile$disableMultiModuleIC$2          : loaded 2 times (x 79B)
Class org.jetbrains.kotlin.gradle.tasks.GradleCompileTaskProviderKt                   : loaded 2 times (x 71B)
Class org.jetbrains.kotlin.gradle.plugin.SubpluginEnvironment$Companion               : loaded 2 times (x 71B)
Class org.jetbrains.kotlin.gradle.plugin.mpp.ApplyUserDefinedAttributesKt$UserDefinedAttributesSetupAction$1$1$3: loaded 2 times (x 75B)
Class org.jetbrains.kotlin.gradle.tasks.configuration.BaseKotlinCompileConfig$Companion: loaded 2 times (x 71B)
Class org.jetbrains.kotlin.gradle.plugin.mpp.compilationImpl.KotlinCompilationImpl$Params: loaded 2 times (x 72B)
Class org.jetbrains.kotlin.konan.target.UtilsKt                                       : loaded 2 times (x 71B)
Class org.jetbrains.kotlin.gradle.tooling.BuildKotlinToolingMetadataTask              : loaded 2 times (x 317B)
Class org.jetbrains.kotlin.gradle.plugin.internal.CompatibilityConventionRegistrarKt  : loaded 2 times (x 71B)
Class org.jetbrains.kotlin.gradle.artifacts.KotlinJvmJarArtifactKt                    : loaded 2 times (x 71B)
Class org.jetbrains.kotlin.gradle.plugin.mpp.compilationImpl.CreateCInteropTasksSideEffectKt$special$$inlined$KotlinCompilationSideEffect$1: loaded 2 times (x 74B)
Class org.jetbrains.kotlin.gradle.plugin.statistics.FinalizeConfigurationFusMetricActionKt: loaded 2 times (x 71B)
Class org.jetbrains.kotlin.gradle.targets.native.toolchain.KotlinNativeBundleBuildService$Companion$registerIfAbsent$2$1: loaded 2 times (x 79B)
Class org.jetbrains.kotlin.build.report.metrics.GradleBuildPerformanceMetric$Companion: loaded 2 times (x 71B)
Class org.jetbrains.kotlin.gradle.plugin.statistics.KotlinBuildStatsBeanService       : loaded 2 times (x 87B)
Class [Lkotlin.reflect.jvm.internal.impl.builtins.jvm.JavaToKotlinClassMap$PlatformMutabilityMapping;: loaded 2 times (x 69B)
Class kotlin.reflect.jvm.internal.CachesKt$$Lambda$1                                  : loaded 2 times (x 75B)
Class kotlin.reflect.full.IllegalPropertyDelegateAccessException                      : loaded 2 times (x 82B)
Class kotlin.LazyThreadSafetyMode                                                     : loaded 2 times (x 79B)
Class it.unimi.dsi.fastutil.HashCommon                                                : loaded 2 times (x 71B)
Class com.android.tools.lint.model.LintModelVariant                                   : loaded 2 times (x 70B)
Class kotlin.jvm.internal.ArrayIterator                                               : loaded 2 times (x 79B)
Class build_ai94f9i63munlvu4krsad4ebr                                                 : loaded 2 times (x 180B)
Class org.jetbrains.kotlin.gradle.tasks.configuration.AbstractKotlinCompileConfig$1$1 : loaded 2 times (x 74B)
Class org.jetbrains.kotlin.gradle.tasks.KotlinCompile$kotlinOptions$1                 : loaded 2 times (x 79B)
Class org.jetbrains.kotlin.tooling.core.ExtrasLazyProperty                            : loaded 2 times (x 70B)
Class org.jetbrains.kotlin.gradle.internal.properties.NativeProperties$Companion      : loaded 2 times (x 71B)
Class org.jetbrains.kotlin.gradle.utils.StringUtilsKt                                 : loaded 2 times (x 71B)
Class org.jetbrains.kotlin.gradle.targets.ConfigureBuildSideEffectKt$ConfigureBuildSideEffect$1: loaded 2 times (x 74B)
Class org.jetbrains.kotlin.gradle.utils.CompletableFuture                             : loaded 2 times (x 70B)
Class org.jetbrains.kotlin.build.report.metrics.BuildPerformanceMetric                : loaded 2 times (x 70B)
Class [Lorg.jetbrains.kotlin.statistics.metrics.StringOverridePolicy;                 : loaded 2 times (x 69B)
Class com.google.common.cache.LocalCache$LoadingValueReference                        : loaded 2 times (x 96B)
Class kotlin.jvm.internal.SpreadBuilder                                               : loaded 2 times (x 76B)
Class com.android.utils.PositionXmlParser$DomBuilder                                  : loaded 2 times (x 148B)
Class kotlin.reflect.jvm.internal.CachesKt$$Lambda$2                                  : loaded 2 times (x 75B)
Class kotlin.collections.EmptyIterator                                                : loaded 2 times (x 89B)
Class kotlin.SynchronizedLazyImpl                                                     : loaded 2 times (x 76B)
Class [Lcom.android.tools.lint.model.LintModelArtifactType;                           : loaded 2 times (x 69B)
Class com.android.tools.lint.model.LintModelMavenName                                 : loaded 2 times (x 70B)
Class kotlin.text.StringsKt__RegexExtensionsKt                                        : loaded 2 times (x 71B)
Class org.jetbrains.kotlin.gradle.internal.properties.PropertiesBuildService$IntGradleProperty: loaded 2 times (x 76B)
Class com.google.common.reflect.Invokable$MethodInvokable                             : loaded 2 times (x 107B)
Class com.google.common.io.LineReader$1                                               : loaded 2 times (x 75B)
Class com.google.common.collect.CollectSpliterators                                   : loaded 2 times (x 71B)
Class com.google.common.collect.AbstractMapBasedMultimap$AsMap                        : loaded 2 times (x 128B)
Class com.google.common.collect.MapMakerInternalMap$StrongKeyDummyValueEntry          : loaded 2 times (x 82B)
Class org.jetbrains.kotlin.gradle.tasks.configuration.AbstractKotlinCompileConfig$getClasspathSnapshotDir$1: loaded 2 times (x 74B)
Class org.jetbrains.kotlin.gradle.tasks.configuration.AbstractKotlinCompileConfig$1$2 : loaded 2 times (x 74B)
Class com.google.common.base.Platform                                                 : loaded 2 times (x 71B)
Class com.google.common.collect.Multimaps$Entries                                     : loaded 2 times (x 118B)
Class org.jetbrains.kotlin.gradle.plugin.diagnostics.checkers.OverriddenKotlinNativeHomeChecker$StdlibExistenceCheckerValueSource$Params$Inject: loaded 2 times (x 106B)
Class org.jetbrains.kotlin.gradle.plugin.diagnostics.checkers.CommonMainOrTestWithDependsOnChecker: loaded 2 times (x 74B)
Class org.jetbrains.kotlin.gradle.artifacts.KotlinNativeHostSpecificMetadataArtifactKt: loaded 2 times (x 71B)
Class org.jetbrains.kotlin.gradle.plugin.mpp.compilationImpl.KotlinCreateLifecycleTasksSideEffectKt: loaded 2 times (x 71B)
Class org.jetbrains.kotlin.gradle.plugin.KotlinTarget                                 : loaded 2 times (x 70B)
Class org.jetbrains.kotlin.gradle.utils.ConfigurationsKt$createResolvable$1           : loaded 2 times (x 78B)
Class [Lorg.jetbrains.kotlin.statistics.metrics.BooleanAnonymizationPolicy;           : loaded 2 times (x 69B)
Class org.jetbrains.kotlin.gradle.plugin.mpp.KotlinUsages$KotlinMetadataDisambiguation: loaded 2 times (x 76B)
Class kotlin.reflect.jvm.internal.KMutableProperty1Impl$$Lambda$0                     : loaded 2 times (x 76B)
Class kotlin.coroutines.jvm.internal.RestrictedSuspendLambda                          : loaded 2 times (x 91B)
Class kotlin.reflect.jvm.internal.CachesKt$$Lambda$3                                  : loaded 2 times (x 75B)
Class com.android.tools.lint.model.LintModelLibrary                                   : loaded 2 times (x 70B)
Class kotlin.sequences.SequencesKt__SequencesJVMKt                                    : loaded 2 times (x 71B)
Class org.jetbrains.kotlin.gradle.plugin.mpp.compilationImpl.KotlinCompilationSideEffect$Companion: loaded 2 times (x 71B)
Class kotlin.collections.AbstractList                                                 : loaded 2 times (x 197B)
Class kotlin.collections.AbstractCollection                                           : loaded 2 times (x 117B)
Class org.jetbrains.kotlin.gradle.artifacts.KotlinNativeHostSpecificMetadataArtifactKt$KotlinNativeHostSpecificMetadataArtifact$1: loaded 2 times (x 74B)
Class com.google.common.collect.AbstractMapBasedMultimap$WrappedList                  : loaded 2 times (x 205B)
Class com.google.common.collect.CompoundOrdering                                      : loaded 2 times (x 115B)
Class [Lorg.jetbrains.kotlin.build.report.metrics.BuildAttributeKind;                 : loaded 2 times (x 69B)
Class org.jetbrains.kotlin.gradle.tasks.K2MultiplatformStructure                      : loaded 2 times (x 74B)
Class org.jetbrains.kotlin.gradle.internal.KotlinDependenciesManagementKt$allNonProjectDependencies$1: loaded 2 times (x 74B)
Class org.jetbrains.kotlin.compilerRunner.CompilerSystemPropertiesService$Parameters  : loaded 2 times (x 70B)
Class org.jetbrains.kotlin.gradle.plugin.mpp.compilationImpl.KotlinCompilationSourceSetsContainer: loaded 2 times (x 70B)
Class org.jetbrains.kotlin.gradle.artifacts.KotlinNativeKlibArtifactKt                : loaded 2 times (x 71B)
Class org.jetbrains.kotlin.gradle.plugin.ProjectLocalConfigurations                   : loaded 2 times (x 71B)
Class org.jetbrains.kotlin.gradle.plugin.mpp.KotlinUsages$KotlinUsagesDisambiguation  : loaded 2 times (x 76B)
Class org.jetbrains.kotlin.tooling.core.Extras$Key$Companion                          : loaded 2 times (x 71B)
Class org.jetbrains.kotlin.tooling.core.Extras$Key                                    : loaded 2 times (x 72B)
Class [Lorg.objectweb.asm.AnnotationWriter;                                           : loaded 2 times (x 69B)
Class kotlin.collections.MutableMapWithDefaultImpl                                    : loaded 2 times (x 144B)
Class org.jetbrains.kotlin.konan.target.KonanTarget$ANDROID_ARM64                     : loaded 2 times (x 78B)
Class kotlin.Triple                                                                   : loaded 2 times (x 72B)
Class kotlin.sequences.SequencesKt__SequenceBuilderKt$sequence$$inlined$Sequence$1    : loaded 2 times (x 75B)
Class kotlin.reflect.jvm.internal.CachesKt$$Lambda$4                                  : loaded 2 times (x 75B)
Class kotlin.collections.ArrayAsCollection                                            : loaded 2 times (x 105B)
Class kotlin.LazyKt__LazyKt                                                           : loaded 2 times (x 71B)
Class kotlin.text.Regex                                                               : loaded 2 times (x 72B)
Class com.android.utils.EnvironmentProvider                                           : loaded 2 times (x 70B)
Class kotlin.text.StringsKt__StringBuilderJVMKt                                       : loaded 2 times (x 71B)
Class org.jetbrains.kotlin.gradle.plugin.mpp.compilationImpl.KotlinCompilationFriendPathsResolver: loaded 2 times (x 70B)
Class org.jetbrains.kotlin.gradle.tasks.configuration.AbstractKotlinCompileConfig$1   : loaded 2 times (x 79B)
Class org.jetbrains.kotlin.gradle.tasks.configuration.AbstractKotlinCompileConfig$1$4 : loaded 2 times (x 75B)
Class com.google.common.collect.Lists$ReverseList$1                                   : loaded 2 times (x 99B)
Class [Lcom.google.common.collect.Iterators$EmptyModifiableIterator;                  : loaded 2 times (x 69B)
Class org.jetbrains.kotlin.gradle.plugin.diagnostics.CheckKotlinGradlePluginConfigurationErrors: loaded 2 times (x 319B)
Class org.jetbrains.kotlin.gradle.plugin.sources.DefaultKotlinSourceSetKt             : loaded 2 times (x 71B)
Class org.jetbrains.kotlin.gradle.dsl.KotlinJvmOptions                                : loaded 2 times (x 70B)
Class org.jetbrains.kotlin.gradle.plugin.mpp.HierarchyAttributeContainer$1            : loaded 2 times (x 78B)
Class org.jetbrains.kotlin.gradle.plugin.KotlinPluginLifecycle                        : loaded 2 times (x 70B)
Class org.jetbrains.kotlin.gradle.plugin.KotlinJsPluginWrapper                        : loaded 2 times (x 86B)
Class org.jetbrains.kotlin.gradle.dsl.ToolchainSupport                                : loaded 2 times (x 70B)
Class org.jetbrains.kotlin.tooling.core.Extras                                        : loaded 2 times (x 70B)
Class org.jetbrains.kotlin.gradle.plugin.mpp.InternalKotlinTarget                     : loaded 2 times (x 70B)
Class org.jetbrains.kotlin.statistics.metrics.NumberAnonymizationPolicy$RANDOM_10_PERCENT: loaded 2 times (x 85B)
Class org.jetbrains.kotlin.statistics.metrics.StringMetrics                           : loaded 2 times (x 80B)
Class com.google.common.cache.LocalCache$StrongValueReference                         : loaded 2 times (x 90B)
Class com.google.common.collect.RegularImmutableBiMap$Inverse                         : loaded 2 times (x 143B)
Class org.jetbrains.kotlin.gradle.plugin.sources.KotlinDependencyScope                : loaded 2 times (x 79B)
Class it.unimi.dsi.fastutil.ints.AbstractIntSet                                       : loaded 2 times (x 233B)
Class org.jetbrains.kotlin.gradle.plugin.mpp.KotlinMetadataCompilation                : loaded 2 times (x 70B)
Class kotlin.jvm.internal.ReflectionFactory                                           : loaded 2 times (x 91B)
Class kotlin.jvm.internal.Ref$ObjectRef                                               : loaded 2 times (x 72B)
Class kotlin.UNINITIALIZED_VALUE                                                      : loaded 2 times (x 71B)
Class Build_gradle$4                                                                  : loaded 2 times (x 75B)
Class org.jetbrains.kotlin.gradle.tasks.CompilerPluginOptions                         : loaded 2 times (x 72B)
Class org.jetbrains.kotlin.gradle.tasks.configuration.AbstractKotlinCompileConfig$1$5 : loaded 2 times (x 76B)
Class org.jetbrains.kotlin.gradle.plugin.mpp.KotlinTargetSoftwareComponentImpl        : loaded 2 times (x 90B)
Class org.jetbrains.kotlin.gradle.plugin.mpp.DefaultKotlinUsageContext$PublishOnlyIf  : loaded 2 times (x 70B)
Class org.jetbrains.kotlin.gradle.dsl.KotlinCommonCompilerOptionsHelper               : loaded 2 times (x 71B)
Class org.jetbrains.kotlin.gradle.plugin.KotlinJvmPlugin$Companion                    : loaded 2 times (x 71B)
Class org.jetbrains.kotlin.gradle.plugin.diagnostics.KotlinToolingDiagnostics         : loaded 2 times (x 71B)
Class org.jetbrains.kotlin.gradle.artifacts.KotlinMetadataArtifactKt                  : loaded 2 times (x 71B)
Class org.jetbrains.kotlin.gradle.targets.CreateArtifactsSideEffectKt$CreateArtifactsSideEffect$1: loaded 2 times (x 74B)
Class org.jetbrains.kotlin.gradle.internal.properties.PropertiesBuildService$property$1$valueFromGradleAndLocalProperties$1: loaded 2 times (x 75B)
Class org.jetbrains.kotlin.gradle.plugin.KotlinPluginWrapperKt$kotlinToolingVersion$2 : loaded 2 times (x 78B)
Class org.gradle.internal.classloader.VisitableURLClassLoader$InstrumentingVisitableURLClassLoader: loaded 2 times (x 123B)
Class com.google.common.collect.MapMakerInternalMap$AbstractWeakKeyEntry              : loaded 2 times (x 87B)
Class org.jetbrains.kotlin.gradle.utils.FutureKt$future$1                             : loaded 2 times (x 95B)
Class [Lkotlin.reflect.jvm.internal.impl.resolve.jvm.JvmPrimitiveType;                : loaded 2 times (x 69B)
Class kotlin.jvm.internal.ClassBasedDeclarationContainer                              : loaded 2 times (x 70B)
Class kotlin.coroutines.CoroutineContext$Element$DefaultImpls                         : loaded 2 times (x 71B)
Class kotlin.coroutines.Continuation                                                  : loaded 2 times (x 70B)
Class kotlin.ranges.RangesKt__RangesKt                                                : loaded 2 times (x 71B)
Class org.jetbrains.kotlin.gradle.report.GradleBuildMetricsReporter                   : loaded 2 times (x 100B)
Class com.android.tools.lint.model.LintModelArtifactType                              : loaded 2 times (x 79B)
Class kotlin.collections.SetsKt___SetsKt                                              : loaded 2 times (x 71B)
Class kotlin.sequences.SequencesKt__SequencesKt                                       : loaded 2 times (x 71B)
Class kotlin.comparisons.ComparisonsKt__ComparisonsKt                                 : loaded 2 times (x 71B)
Class com.google.common.collect.MapMakerInternalMap$StrongKeyDummyValueEntry$Helper   : loaded 2 times (x 79B)
Class org.jetbrains.kotlin.gradle.tasks.configuration.AbstractKotlinCompileConfig$1$6 : loaded 2 times (x 75B)
Class [Lorg.jetbrains.kotlin.gradle.tasks.KotlinCompilerExecutionStrategy;            : loaded 2 times (x 69B)
Class org.jetbrains.kotlin.gradle.tasks.FailedCompilationException                    : loaded 2 times (x 82B)
Class org.jetbrains.kotlin.gradle.plugin.mpp.DefaultKotlinUsageContext$1              : loaded 2 times (x 74B)
Class org.jetbrains.kotlin.gradle.plugin.mpp.compilationImpl.KotlinCompilationImpl$associateWith$2: loaded 2 times (x 79B)
Class org.jetbrains.kotlin.gradle.plugin.hierarchy.KotlinSourceSetTreeClassifier      : loaded 2 times (x 70B)
Class org.jetbrains.kotlin.gradle.plugin.mpp.compilationImpl.KotlinCompilationAssociator: loaded 2 times (x 70B)
Class org.jetbrains.kotlin.konan.target.UtilsKt$evaluatePresetName$1                  : loaded 2 times (x 78B)
Class org.jetbrains.kotlin.gradle.plugin.mpp.KotlinNativeTarget                       : loaded 2 times (x 167B)
Class org.jetbrains.kotlin.gradle.plugin.diagnostics.checkers.KotlinSourceSetTreeDependsOnMismatchChecker$runChecks$1: loaded 2 times (x 88B)
Class org.jetbrains.kotlin.gradle.plugin.diagnostics.checkers.PreHmppDependenciesUsageChecker$runChecks$1: loaded 2 times (x 88B)
Class org.jetbrains.kotlin.gradle.utils.ProjectExtensionsKt                           : loaded 2 times (x 71B)
Class org.jetbrains.kotlin.gradle.plugin.KotlinSourceSetTree$Companion                : loaded 2 times (x 71B)
Class org.jetbrains.kotlin.gradle.plugin.diagnostics.KotlinGradleProjectChecker$Companion: loaded 2 times (x 71B)
Class org.jetbrains.kotlin.gradle.plugin.KotlinGradleBuildServices$Parameters         : loaded 2 times (x 70B)
Class org.jetbrains.kotlin.gradle.plugin.statistics.BuildFusService$Companion$registerIfAbsent$1$1$1: loaded 2 times (x 75B)
Class org.jetbrains.kotlin.statistics.fileloggers.MetricsContainer$Companion          : loaded 2 times (x 71B)
Class org.objectweb.asm.ByteVector                                                    : loaded 2 times (x 79B)
Class [Lcom.google.common.cache.CacheBuilder$NullListener;                            : loaded 2 times (x 69B)
Class org.gradle.internal.classloader.VisitableURLClassLoader$Spec                    : loaded 2 times (x 74B)
Class org.gradle.internal.classpath.DefaultClassPath                                  : loaded 2 times (x 90B)
Class it.unimi.dsi.fastutil.ints.IntArrays                                            : loaded 2 times (x 71B)
Class kotlin.Result$Companion                                                         : loaded 2 times (x 71B)
Class kotlin.coroutines.jvm.internal.BaseContinuationImpl                             : loaded 2 times (x 87B)
Class it.unimi.dsi.fastutil.Hash$Strategy                                             : loaded 2 times (x 70B)
Class kotlin.sequences.FilteringSequence                                              : loaded 2 times (x 75B)
Class com.android.tools.lint.model.LintModelDependencies                              : loaded 2 times (x 70B)
Class kotlin.text.CharsKt__CharJVMKt                                                  : loaded 2 times (x 71B)
Class kotlin.comparisons.ComparisonsKt                                                : loaded 2 times (x 71B)
Class kotlin.comparisons.ComparisonsKt___ComparisonsKt                                : loaded 2 times (x 71B)
Class org.jetbrains.kotlin.gradle.tasks.KotlinCompile$androidLayoutResources$1        : loaded 2 times (x 74B)
Class com.google.common.collect.ImmutableSortedMap$1EntrySet$1                        : loaded 2 times (x 213B)
Class org.jetbrains.kotlin.gradle.plugin.DefaultKotlinBasePlugin$addKotlinCompilerConfiguration$2$1$1: loaded 2 times (x 75B)
Class org.jetbrains.kotlin.gradle.plugin.mpp.KotlinSoftwareComponentKt                : loaded 2 times (x 71B)
Class org.jetbrains.kotlin.gradle.plugin.mpp.compilationImpl.KotlinCompilationSourceSetInclusion$AddSourcesToCompileTask: loaded 2 times (x 70B)
Class org.jetbrains.kotlin.konan.target.Architecture                                  : loaded 2 times (x 79B)
Class [Lorg.jetbrains.kotlin.gradle.plugin.HasProject;                                : loaded 2 times (x 69B)
Class org.jetbrains.kotlin.gradle.utils.MutableObservableSetImpl                      : loaded 2 times (x 163B)
Class org.jetbrains.kotlin.gradle.tasks.KotlinTasksProvider                           : loaded 2 times (x 72B)
Class org.jetbrains.kotlin.gradle.dsl.DefaultToolchainSupport$wireToolchainToTasks$1  : loaded 2 times (x 75B)
Class org.jetbrains.kotlin.gradle.dsl.KotlinCommonCompilerOptions                     : loaded 2 times (x 70B)
Class org.jetbrains.kotlin.gradle.plugin.KotlinJsCompilerTypeHolder                   : loaded 2 times (x 70B)
Class [Lorg.jetbrains.kotlin.build.report.metrics.GradleBuildTime;                    : loaded 2 times (x 69B)
Class org.jetbrains.kotlin.gradle.internal.properties.PropertiesBuildService$MemoizedCallable: loaded 2 times (x 75B)
Class org.objectweb.asm.Symbol                                                        : loaded 2 times (x 73B)
Class com.google.common.io.ByteArrayDataOutput                                        : loaded 2 times (x 70B)
Class kotlin.reflect.KType                                                            : loaded 2 times (x 70B)
Class com.android.tools.lint.model.DefaultLintModelAndroidArtifact                    : loaded 2 times (x 93B)
Class kotlin.ranges.IntProgression$Companion                                          : loaded 2 times (x 71B)
Class kotlin.collections.builders.MapBuilder                                          : loaded 2 times (x 112B)
Class com.google.common.io.Java8Compatibility                                         : loaded 2 times (x 71B)
Class org.jetbrains.kotlin.gradle.tasks.AbstractKotlinCompile$friendPathsSet$1        : loaded 2 times (x 75B)
Class org.jetbrains.kotlin.build.report.metrics.BuildAttributes                       : loaded 2 times (x 72B)
Class org.jetbrains.kotlin.gradle.plugin.cocoapods.KotlinCocoapodsPlugin$Companion    : loaded 2 times (x 71B)
Class org.jetbrains.kotlin.gradle.plugin.mpp.compilationImpl.KotlinCompilationImpl    : loaded 2 times (x 140B)
Class [Lorg.jetbrains.kotlin.gradle.plugin.mpp.compilationImpl.factory.KotlinCompilationImplFactory$PostConfigure;: loaded 2 times (x 69B)
Class org.jetbrains.kotlin.konan.target.KonanTarget$MACOS_X64                         : loaded 2 times (x 78B)
Class org.jetbrains.kotlin.gradle.plugin.KotlinSourceSet$Companion                    : loaded 2 times (x 71B)
Class org.jetbrains.kotlin.konan.util.Named                                           : loaded 2 times (x 70B)
Class [Lorg.jetbrains.kotlin.gradle.report.BuildReportMode;                           : loaded 2 times (x 69B)
Class org.jetbrains.kotlin.statistics.metrics.BooleanOverridePolicy                   : loaded 2 times (x 85B)
Class org.jetbrains.kotlin.gradle.plugin.AbstractKotlinAndroidPluginWrapper           : loaded 2 times (x 86B)
Class org.gradle.internal.classloader.ClassLoaderSpec                                 : loaded 2 times (x 71B)
Class com.google.common.collect.CollectCollectors$EnumSetAccumulator                  : loaded 2 times (x 72B)
Class it.unimi.dsi.fastutil.ints.IntArrays$ForkJoinQuickSortComp                      : loaded 2 times (x 96B)
Class kotlin.reflect.jvm.internal.ReflectProperties$Val$1                             : loaded 2 times (x 71B)
Class kotlin.text.DelimitedRangesSequence                                             : loaded 2 times (x 75B)
Class com.android.tools.lint.model.LintModelSerialization$LintModelSerializationFileAdapter: loaded 2 times (x 89B)
Class kotlin.collections.CollectionsKt___CollectionsJvmKt                             : loaded 2 times (x 71B)
Class com.android.prefs.VariableType                                                  : loaded 2 times (x 79B)
Class kotlin.jvm.internal.FunctionReferenceImpl                                       : loaded 2 times (x 122B)
Class com.google.common.io.ByteSource$EmptyByteSource                                 : loaded 2 times (x 85B)
Class org.jetbrains.kotlin.gradle.tasks.DefaultKotlinJavaToolchain$DefaultJavaToolchainSetter: loaded 2 times (x 75B)
Class org.jetbrains.kotlin.build.report.metrics.BuildAttributeKind                    : loaded 2 times (x 79B)
Class org.jetbrains.kotlin.gradle.plugin.mpp.KotlinCompilationsKt$moduleNameForCompilation$1: loaded 2 times (x 75B)
Class org.jetbrains.kotlin.gradle.plugin.sources.KotlinDependencyScopeKt              : loaded 2 times (x 71B)
Class org.jetbrains.kotlin.gradle.plugin.diagnostics.TransformActionUsingKotlinToolingDiagnostics$Parameters: loaded 2 times (x 70B)
Class org.jetbrains.kotlin.compilerRunner.CompilerSystemPropertiesService$Companion$registerIfAbsent$2$1: loaded 2 times (x 79B)
Class org.jetbrains.kotlin.gradle.plugin.mpp.KotlinCompilationsKt$addSourcesToKotlinCompileTask$1: loaded 2 times (x 75B)
Class org.jetbrains.kotlin.gradle.internal.KotlinDependenciesManagementKt$configureDefaultVersionsResolutionStrategy$1$1: loaded 2 times (x 75B)
Class org.jetbrains.kotlin.gradle.utils.KotlinExtensionUtilsKt$forAllTargets$1        : loaded 2 times (x 95B)
Class org.jetbrains.kotlin.gradle.plugin.diagnostics.CheckKotlinGradlePluginConfigurationErrorsKt$locateOrRegisterCheckKotlinGradlePluginErrorsTask$taskProvider$1: loaded 2 times (x 75B)
Class org.jetbrains.kotlin.gradle.plugin.diagnostics.checkers.OverriddenKotlinNativeHomeChecker$StdlibExistenceCheckerValueSource$Params: loaded 2 times (x 70B)
Class org.jetbrains.kotlin.gradle.dsl.PlatformSourceSetConventionsChecker$nativeTargetPresets$1$1: loaded 2 times (x 79B)
Class org.jetbrains.kotlin.gradle.tooling.BuildKotlinToolingMetadataTaskKt$buildKotlinToolingMetadataTask$1: loaded 2 times (x 78B)
Class org.jetbrains.kotlin.gradle.internal.Kapt3GradleSubplugin$Companion             : loaded 2 times (x 71B)
Class org.jetbrains.kotlin.gradle.plugin.mpp.compilationImpl.KotlinCreateCompilationArchiveTaskKt$KotlinRegisterCompilationArchiveTasksExtension$1: loaded 2 times (x 74B)
Class [Lorg.jetbrains.kotlin.statistics.metrics.NumberOverridePolicy;                 : loaded 2 times (x 69B)
Class org.jetbrains.kotlin.gradle.internal.properties.PropertiesBuildService$GradleProperty: loaded 2 times (x 70B)
Class org.jetbrains.kotlin.gradle.utils.StoredPropertyKt$projectStoredProperty$1      : loaded 2 times (x 78B)
Class org.objectweb.asm.AnnotationWriter                                              : loaded 2 times (x 79B)
Class com.google.common.cache.CacheStats                                              : loaded 2 times (x 71B)
Class it.unimi.dsi.fastutil.objects.AbstractObject2IntMap                             : loaded 2 times (x 239B)
Class kotlin.time.DurationKt                                                          : loaded 2 times (x 71B)
Class kotlin.jdk7.AutoCloseableKt                                                     : loaded 2 times (x 71B)
Class com.android.resources.ResourceType                                              : loaded 2 times (x 79B)
Class kotlin.jvm.internal.MutablePropertyReference2                                   : loaded 2 times (x 137B)
Class kotlin.jvm.internal.markers.KMutableIterable                                    : loaded 2 times (x 70B)
Class kotlin.TuplesKt                                                                 : loaded 2 times (x 71B)
Class kotlin.Unit                                                                     : loaded 2 times (x 71B)
Class kotlin.reflect.jvm.internal.ReflectProperties$Val                               : loaded 2 times (x 74B)
Class kotlin.sequences.SequencesKt___SequencesJvmKt                                   : loaded 2 times (x 71B)
Class com.android.tools.lint.model.PathVariables                                      : loaded 2 times (x 72B)
Class org.gradle.api.internal.classpath.ManifestUtil                                  : loaded 2 times (x 71B)
Class com.google.common.collect.ImmutableMultisetGwtSerializationDependencies         : loaded 2 times (x 125B)
Class [Lcom.google.common.base.Predicate;                                             : loaded 2 times (x 69B)
Class com.google.common.collect.Interners                                             : loaded 2 times (x 71B)
Class org.jetbrains.kotlin.gradle.tasks.K2MultiplatformStructure$RefinesEdge          : loaded 2 times (x 72B)
Class org.jetbrains.kotlin.gradle.plugin.mpp.SyncLanguageSettingsWithKotlinExtensionSetupActionKt$SyncLanguageSettingsWithKotlinExtensionSetupAction$1$1: loaded 2 times (x 75B)
Class org.jetbrains.kotlin.gradle.tasks.configuration.TaskConfigAction$configureTask$1: loaded 2 times (x 79B)
Class org.jetbrains.kotlin.gradle.plugin.diagnostics.checkers.DuplicateSourceSetChecker$runChecks$1: loaded 2 times (x 88B)
Class org.jetbrains.kotlin.gradle.plugin.diagnostics.ToolingDiagnostic$Severity       : loaded 2 times (x 79B)
Class org.jetbrains.kotlin.gradle.dsl.JvmTarget                                       : loaded 2 times (x 79B)
Class org.jetbrains.kotlin.gradle.internal.ClassLoadersCachingBuildService            : loaded 2 times (x 76B)
Class org.jetbrains.kotlin.gradle.plugin.VariantImplementationFactories$Inject        : loaded 2 times (x 106B)
Class org.jetbrains.kotlin.gradle.plugin.VariantImplementationFactoriesConfigurator$Companion: loaded 2 times (x 71B)
Class org.objectweb.asm.RecordComponentWriter                                         : loaded 2 times (x 78B)
Class com.google.common.util.concurrent.AbstractFuture$Listener                       : loaded 2 times (x 72B)
Class Settings_gradle$1$1                                                             : loaded 2 times (x 74B)
Class [Lorg.objectweb.asm.Label;                                                      : loaded 2 times (x 69B)
Class com.google.common.util.concurrent.ExecutionError                                : loaded 2 times (x 82B)
Class kotlin.ranges.RangesKt                                                          : loaded 2 times (x 71B)
Class com.android.ide.common.gradle.Version$Companion$ParseState                      : loaded 2 times (x 70B)
Class com.google.common.collect.ForwardingSet                                         : loaded 2 times (x 151B)
Class [Lorg.jetbrains.kotlin.compilerRunner.KotlinCompilerArgumentsLogLevel;          : loaded 2 times (x 69B)
Class org.jetbrains.kotlin.gradle.tasks.KotlinCompile_Decorated                       : loaded 2 times (x 610B)
Class org.jetbrains.kotlin.gradle.plugin.mpp.SyncLanguageSettingsWithKotlinExtensionSetupActionKt$SyncLanguageSettingsWithKotlinExtensionSetupAction$1$2: loaded 2 times (x 75B)
Class org.jetbrains.kotlin.gradle.plugin.internal.BuildIdService$Companion            : loaded 2 times (x 71B)
Class org.jetbrains.kotlin.gradle.plugin.diagnostics.checkers.OverriddenKotlinNativeHomeChecker$StdlibExistenceCheckerValueSource$Companion: loaded 2 times (x 71B)
Class org.jetbrains.kotlin.gradle.targets.js.dsl.KotlinWasmSubTargetContainerDsl      : loaded 2 times (x 70B)
Class org.jetbrains.kotlin.gradle.plugin.diagnostics.checkers.WasmWasiEnvironmentChecker$1: loaded 2 times (x 78B)
Class org.jetbrains.kotlin.gradle.plugin.diagnostics.checkers.DisabledCinteropCommonizationInHmppProjectChecker: loaded 2 times (x 74B)
Class org.jetbrains.kotlin.gradle.plugin.diagnostics.checkers.NoKotlinTargetsDeclaredChecker: loaded 2 times (x 74B)
Class org.jetbrains.kotlin.gradle.utils.StoredPropertyStorage                         : loaded 2 times (x 72B)
Class org.jetbrains.kotlin.gradle.plugin.KotlinSourceSetContainer                     : loaded 2 times (x 70B)
Class com.google.common.base.Supplier                                                 : loaded 2 times (x 70B)
Class org.gradle.internal.classloader.VisitableURLClassLoader                         : loaded 2 times (x 117B)
Class [Lkotlin.DeprecationLevel;                                                      : loaded 2 times (x 69B)
Class it.unimi.dsi.fastutil.objects.Object2IntMap                                     : loaded 2 times (x 70B)
Class kotlin.sequences.GeneratorSequence                                              : loaded 2 times (x 75B)
Class kotlin.reflect.jvm.internal.KClassImpl                                          : loaded 2 times (x 115B)
Class kotlin.collections.ArraysUtilJVM                                                : loaded 2 times (x 71B)
Class kotlin.jvm.functions.Function0                                                  : loaded 2 times (x 70B)
Class com.android.ide.common.repository.AgpVersion$Companion                          : loaded 2 times (x 71B)
Class kotlin.sequences.FlatteningSequence$iterator$1                                  : loaded 2 times (x 79B)
Class com.android.prefs.AbstractAndroidLocations                                      : loaded 2 times (x 82B)
Class org.jetbrains.kotlin.statistics.metrics.StringAnonymizationPolicy$AllowedListAnonymizer: loaded 2 times (x 79B)
Class com.google.common.io.CharSource$AsByteSource                                    : loaded 2 times (x 85B)
Class com.google.common.collect.ImmutableList$SerializedForm                          : loaded 2 times (x 73B)
Class org.jetbrains.kotlin.gradle.plugin.statistics.plugins.ObservablePlugins         : loaded 2 times (x 79B)
Class org.jetbrains.kotlin.gradle.plugin.sources.InternalKotlinSourceSetKt$awaitPlatformCompilations$1: loaded 2 times (x 88B)
Class [Lorg.jetbrains.kotlin.gradle.plugin.sources.KotlinDependencyScope;             : loaded 2 times (x 69B)
Class org.jetbrains.kotlin.gradle.tasks.configuration.BaseKotlinCompileConfig$configureCommonParameters$1: loaded 2 times (x 74B)
Class org.jetbrains.kotlin.gradle.plugin.mpp.compilationImpl.factory.ConfigurationNaming: loaded 2 times (x 70B)
Class org.jetbrains.kotlin.gradle.plugin.mpp.compilationImpl.DefaultKotlinCompilationPostConfigureKt: loaded 2 times (x 71B)
Class org.jetbrains.kotlin.konan.target.KonanTarget$WATCHOS_X64                       : loaded 2 times (x 78B)
Class org.jetbrains.kotlin.gradle.plugin.diagnostics.KotlinGradleProjectCheckersRunnerKt: loaded 2 times (x 71B)
Class [Lorg.jetbrains.kotlin.tooling.core.HasExtras;                                  : loaded 2 times (x 69B)
Class org.jetbrains.kotlin.gradle.plugin.diagnostics.checkers.IncorrectCompileOnlyDependenciesChecker: loaded 2 times (x 74B)
Class org.jetbrains.kotlin.gradle.plugin.diagnostics.checkers.WasmWasiEnvironmentChecker$2: loaded 2 times (x 78B)
Class org.jetbrains.kotlin.gradle.dsl.DefaultToolchainSupport$wireToolchainToTasks$1$1: loaded 2 times (x 75B)
Class org.jetbrains.kotlin.gradle.utils.SingleActionPerProject                        : loaded 2 times (x 73B)
Class org.jetbrains.kotlin.gradle.plugin.DefaultKotlinBasePlugin                      : loaded 2 times (x 82B)
Class org.gradle.internal.Cast                                                        : loaded 2 times (x 71B)
Class org.gradle.api.Action                                                           : loaded 2 times (x 70B)
Class kotlin.properties.ReadWriteProperty                                             : loaded 2 times (x 70B)
Class org.jetbrains.kotlin.gradle.report.BuildReportType                              : loaded 2 times (x 79B)
Class com.android.ide.common.resources.configuration.ResourceQualifier                : loaded 2 times (x 88B)
Class it.unimi.dsi.fastutil.ints.IntArrays$ArrayHashStrategy                          : loaded 2 times (x 75B)
Class kotlin.collections.AbstractMutableList                                          : loaded 2 times (x 206B)
Class kotlin.reflect.jvm.internal.impl.name.ClassId$Companion                         : loaded 2 times (x 71B)
Class org.jetbrains.kotlin.cli.common.messages.GradleStyleMessageRenderer             : loaded 2 times (x 78B)
Class com.android.ide.common.gradle.Version$Companion                                 : loaded 2 times (x 71B)
Class com.android.tools.lint.model.DefaultLintModelMavenName                          : loaded 2 times (x 87B)
Class kotlin.jvm.functions.Function1                                                  : loaded 2 times (x 70B)
Class org.jetbrains.kotlin.gradle.dsl.KotlinHierarchyDsl                              : loaded 2 times (x 70B)
Class org.jetbrains.kotlin.gradle.utils.MutableObservableSet                          : loaded 2 times (x 70B)
Class com.google.common.collect.HashBiMap                                             : loaded 2 times (x 143B)
Class com.google.common.io.Resources                                                  : loaded 2 times (x 71B)
Class [Lorg.jetbrains.kotlin.gradle.plugin.mpp.KotlinUsageContext$MavenScope;         : loaded 2 times (x 69B)
Class org.jetbrains.kotlin.gradle.tasks.configuration.BaseKotlinCompileConfig$configureCommonParameters$2: loaded 2 times (x 75B)
Class org.jetbrains.kotlin.gradle.plugin.mpp.compilationImpl.KotlinCompilationCompilerOptionsFromTargetConfigurator: loaded 2 times (x 74B)
Class com.google.common.base.Strings                                                  : loaded 2 times (x 71B)
Class org.jetbrains.kotlin.gradle.utils.FailuresKt$ideaSyncClasspathModeUtil$1        : loaded 2 times (x 72B)
Class org.jetbrains.kotlin.gradle.plugin.diagnostics.KotlinToolingDiagnosticsCollector$Inject: loaded 2 times (x 96B)
Class org.jetbrains.kotlin.gradle.artifacts.KotlinJsKlibArtifactKt                    : loaded 2 times (x 71B)
Class org.jetbrains.kotlin.gradle.dsl.KotlinTargetContainerWithWasmPresetFunctions    : loaded 2 times (x 70B)
Class org.jetbrains.kotlin.gradle.plugin.GradleUtilsKt                                : loaded 2 times (x 71B)
Class org.jetbrains.kotlin.gradle.internal.properties.PropertiesBuildService          : loaded 2 times (x 76B)
Class org.objectweb.asm.Handler                                                       : loaded 2 times (x 72B)
Class com.google.common.base.Ticker                                                   : loaded 2 times (x 72B)
Class kotlin.jvm.internal.markers.KMutableIterator                                    : loaded 2 times (x 70B)
Class com.android.SdkConstants                                                        : loaded 2 times (x 71B)
Class kotlin.reflect.jvm.internal.KClassImpl$Data$$Lambda$10                          : loaded 2 times (x 76B)
Class kotlin.reflect.jvm.internal.KDeclarationContainerImpl$Data$$Lambda$0            : loaded 2 times (x 76B)
Class org.jetbrains.kotlin.gradle.plugin.mpp.compilationImpl.factory.KotlinCompilationImplFactory$KotlinCompilationSourceSetsContainerFactory: loaded 2 times (x 70B)
Class org.jetbrains.kotlin.gradle.report.UsesBuildMetricsService                      : loaded 2 times (x 70B)
Class kotlin.jvm.functions.Function2                                                  : loaded 2 times (x 70B)
Class kotlin.KotlinNothingValueException                                              : loaded 2 times (x 82B)
Class com.google.common.collect.ImmutableSortedSet$Builder                            : loaded 2 times (x 86B)
Class org.jetbrains.kotlin.gradle.tasks.KotlinCompile$javaSources$1                   : loaded 2 times (x 75B)
Class org.jetbrains.kotlin.incremental.IncrementalCompilationFeatures                 : loaded 2 times (x 71B)
Class org.jetbrains.kotlin.gradle.plugin.KotlinTarget$DefaultImpls                    : loaded 2 times (x 71B)
Class org.jetbrains.kotlin.gradle.plugin.diagnostics.KotlinToolingDiagnosticsCollector: loaded 2 times (x 76B)
Class org.jetbrains.kotlin.gradle.plugin.mpp.compilationImpl.KotlinCreateCompilationArchiveTaskKt: loaded 2 times (x 71B)
Class org.jetbrains.kotlin.tooling.core.MutableExtrasImpl                             : loaded 2 times (x 165B)
Class org.jetbrains.kotlin.gradle.plugin.statistics.KotlinBuildStatsMXBean            : loaded 2 times (x 70B)
Class org.jetbrains.kotlin.gradle.utils.FileUtilsKt                                   : loaded 2 times (x 71B)
Class [Lcom.google.common.cache.LocalCache$Segment;                                   : loaded 2 times (x 69B)
Class [Lcom.google.common.cache.LocalCache$Strength;                                  : loaded 2 times (x 69B)
Class com.google.common.cache.CacheBuilder$1                                          : loaded 2 times (x 85B)
Class org.gradle.internal.classpath.DefaultClassPath$ImmutableUniqueList$Builder      : loaded 2 times (x 75B)
Class org.jetbrains.kotlin.gradle.plugin.hierarchy.KotlinSourceSetTreeClassifierKt    : loaded 2 times (x 71B)
Class com.google.common.collect.AbstractMapBasedMultimap$WrappedCollection            : loaded 2 times (x 124B)
Class org.jetbrains.kotlin.utils.exceptions.KotlinExceptionWithAttachments            : loaded 2 times (x 70B)
Class kotlin.reflect.jvm.internal.KClassImpl$Data$$Lambda$11                          : loaded 2 times (x 76B)
Class kotlin.reflect.jvm.internal.KDeclarationContainerImpl$Data                      : loaded 2 times (x 72B)
Class kotlin.jvm.functions.Function3                                                  : loaded 2 times (x 70B)
Class kotlin.collections.MapsKt___MapsJvmKt                                           : loaded 2 times (x 71B)
Class [Lcom.android.prefs.LocationValue;                                              : loaded 2 times (x 69B)
Class com.android.tools.lint.model.DefaultLintModelVariant$mainArtifact$2             : loaded 2 times (x 79B)
Class org.jetbrains.kotlin.gradle.plugin.mpp.KotlinCompilationFactory$DefaultImpls    : loaded 2 times (x 71B)
Class org.jetbrains.kotlin.gradle.plugin.diagnostics.checkers.InternalGradlePropertiesUsageChecker: loaded 2 times (x 74B)
Class org.jetbrains.kotlin.gradle.plugin.mpp.compilationImpl.CreateCInteropTasksSideEffectKt: loaded 2 times (x 71B)
Class org.jetbrains.kotlin.gradle.testing.internal.KotlinTestsRegistry$Companion      : loaded 2 times (x 71B)
Class org.jetbrains.kotlin.gradle.dsl.KotlinCommonCompilerToolOptions                 : loaded 2 times (x 70B)
Class org.jetbrains.kotlin.gradle.internal.properties.PropertiesBuildService$Companion$registerIfAbsent$1: loaded 2 times (x 75B)
Class org.jetbrains.kotlin.gradle.plugin.internal.DefaultConfigurationCacheStartParameterAccessorVariantFactory: loaded 2 times (x 76B)
Class com.google.common.cache.LocalCache                                              : loaded 2 times (x 187B)
Class com.google.common.cache.CacheBuilder$2                                          : loaded 2 times (x 79B)
Class it.unimi.dsi.fastutil.objects.AbstractObject2IntFunction                        : loaded 2 times (x 119B)
Class com.android.sdklib.IAndroidTarget                                               : loaded 2 times (x 70B)
Class kotlin.jvm.internal.MutablePropertyReference1                                   : loaded 2 times (x 137B)
Class kotlin.annotation.Target                                                        : loaded 2 times (x 70B)
Class kotlin.reflect.jvm.internal.impl.builtins.PrimitiveType$Companion               : loaded 2 times (x 71B)
Class kotlin.jvm.functions.Function4                                                  : loaded 2 times (x 70B)
Class kotlin.reflect.jvm.internal.KClassImpl$Data$$Lambda$12                          : loaded 2 times (x 76B)
Class kotlin.reflect.jvm.internal.KClassImpl$Data                                     : loaded 2 times (x 72B)
Class kotlin.collections.EmptySet                                                     : loaded 2 times (x 122B)
Class kotlin.collections.CollectionsKt___CollectionsKt                                : loaded 2 times (x 71B)
Class Build_gradle$inlined$sam$i$org_gradle_api_Action$0                              : loaded 2 times (x 75B)
Class org.jetbrains.kotlin.build.report.metrics.BuildPerformanceMetrics$Companion     : loaded 2 times (x 71B)
Class org.jetbrains.kotlin.cli.common.arguments.K2JVMCompilerArguments                : loaded 2 times (x 76B)
Class org.jetbrains.kotlin.gradle.plugin.mpp.compilationImpl.DefaultKotlinCompilationSourceSetsContainer$source$1: loaded 2 times (x 79B)
Class org.jetbrains.kotlin.gradle.internal.KotlinTestDependencyManagementKt           : loaded 2 times (x 71B)
Class org.jetbrains.kotlin.konan.target.KonanTarget$ANDROID_X64                       : loaded 2 times (x 78B)
Class [Lorg.jetbrains.kotlin.gradle.plugin.sources.ConsistencyCheck;                  : loaded 2 times (x 69B)
Class org.jetbrains.kotlin.gradle.report.ReportingSettings                            : loaded 2 times (x 72B)
Class org.jetbrains.kotlin.statistics.metrics.StringAnonymizationPolicy$ComponentVersionAnonymizer: loaded 2 times (x 78B)
Class com.google.common.collect.ArrayListMultimap                                     : loaded 2 times (x 172B)
Class com.google.common.cache.CacheBuilder$3                                          : loaded 2 times (x 72B)
Class org.jetbrains.kotlin.gradle.plugin.KotlinBasePluginWrapper                      : loaded 2 times (x 86B)
Class org.gradle.api.GradleException                                                  : loaded 2 times (x 82B)
Class kotlin.SafePublicationLazyImpl$Companion                                        : loaded 2 times (x 71B)
Class com.android.ide.common.resources.configuration.FolderConfiguration              : loaded 2 times (x 75B)
Class kotlin.annotation.Retention                                                     : loaded 2 times (x 70B)
Class kotlin.jvm.functions.Function5                                                  : loaded 2 times (x 70B)
Class kotlin.reflect.jvm.internal.KClassImpl$Data$$Lambda$13                          : loaded 2 times (x 76B)
Class kotlin.jvm.internal.PropertyReference1Impl                                      : loaded 2 times (x 127B)
Class com.android.ide.common.gradle.Version                                           : loaded 2 times (x 75B)
Class kotlin.reflect.KDeclarationContainer                                            : loaded 2 times (x 70B)
Class kotlin.text.StringsKt___StringsJvmKt                                            : loaded 2 times (x 71B)
Class com.google.common.base.Suppliers$MemoizingSupplier                              : loaded 2 times (x 79B)
Class com.google.common.io.CharSource$EmptyCharSource                                 : loaded 2 times (x 86B)
Class org.jetbrains.kotlin.gradle.plugin.diagnostics.KotlinToolingDiagnostics$JsEnvironmentNotChosenExplicitly: loaded 2 times (x 73B)
Class org.jetbrains.kotlin.gradle.plugin.ProjectLocalConfigurations$ProjectLocalCompatibility: loaded 2 times (x 76B)
Class org.jetbrains.kotlin.gradle.dsl.KotlinJvmCompilerOptions                        : loaded 2 times (x 70B)
Class org.jetbrains.kotlin.gradle.plugin.internal.DefaultProjectIsolationStartParameterAccessor$Factory: loaded 2 times (x 76B)
Class kotlin.reflect.jvm.internal.KProperty0Impl$$Lambda$1                            : loaded 2 times (x 76B)
Class kotlin.jvm.functions.Function6                                                  : loaded 2 times (x 70B)
Class kotlin.reflect.jvm.internal.KClassImpl$Data$$Lambda$14                          : loaded 2 times (x 76B)
Class kotlin.reflect.jvm.internal.KTypeParameterOwnerImpl                             : loaded 2 times (x 70B)
Class kotlin.io.FilesKt                                                               : loaded 2 times (x 71B)
Class kotlin.collections.MapsKt___MapsKt                                              : loaded 2 times (x 71B)
Class kotlin.collections.ArraysKt___ArraysKt                                          : loaded 2 times (x 71B)
Class com.android.ide.common.blame.SourcePosition                                     : loaded 2 times (x 71B)
Class [Lcom.google.common.io.FileWriteMode;                                           : loaded 2 times (x 69B)
Class org.jetbrains.kotlin.buildtools.api.SourcesChanges                              : loaded 2 times (x 70B)
Class org.jetbrains.kotlin.gradle.plugin.KotlinPluginLifecycleImpl$launch$1           : loaded 2 times (x 79B)
Class org.jetbrains.kotlin.konan.target.HostManager$Companion$targetAliases$2         : loaded 2 times (x 78B)
Class org.jetbrains.kotlin.gradle.utils.Completable                                   : loaded 2 times (x 72B)
Class org.jetbrains.kotlin.gradle.plugin.DefaultKotlinBasePlugin$addKotlinCompilerConfiguration$2$1: loaded 2 times (x 75B)
Class org.jetbrains.kotlin.gradle.plugin.statistics.KotlinBuildStatsServicesRegistry$Companion: loaded 2 times (x 71B)
Class org.jetbrains.kotlin.gradle.plugin.internal.DefaultCompatibilityConventionRegistrar$Factory: loaded 2 times (x 76B)
Class [Lkotlin.time.DurationUnit;                                                     : loaded 2 times (x 69B)
Class org.gradle.internal.classloader.ClassLoaderHierarchy                            : loaded 2 times (x 70B)
Class kotlin.jvm.functions.Function7                                                  : loaded 2 times (x 70B)
Class kotlin.reflect.jvm.internal.impl.name.Name                                      : loaded 2 times (x 75B)
Class kotlin.reflect.jvm.internal.KClassImpl$Data$$Lambda$15                          : loaded 2 times (x 76B)
Class kotlin.reflect.jvm.internal.KPropertyImpl$Companion                             : loaded 2 times (x 71B)
Class it.unimi.dsi.fastutil.objects.ObjectSet                                         : loaded 2 times (x 70B)
Class com.android.tools.lint.model.DefaultLintModelSourceProvider                     : loaded 2 times (x 84B)
Class kotlin.collections.MapsKt__MapWithDefaultKt                                     : loaded 2 times (x 71B)
Class [Lcom.android.prefs.VariableType;                                               : loaded 2 times (x 69B)
Class org.jetbrains.kotlin.gradle.plugin.internal.ConfigurationCacheStartParameterAccessorKt: loaded 2 times (x 71B)
Class com.google.common.cache.LocalCache$WriteThroughEntry                            : loaded 2 times (x 79B)
Class com.google.common.cache.LocalCache$HashIterator                                 : loaded 2 times (x 86B)
Class com.google.common.collect.Iterables$4                                           : loaded 2 times (x 81B)
Class com.google.common.collect.MapMakerInternalMap$StrongKeyDummyValueSegment        : loaded 2 times (x 142B)
Class org.jetbrains.kotlin.gradle.tasks.DefaultKotlinJavaToolchain$DefaultJdkSetter   : loaded 2 times (x 76B)
Class org.jetbrains.kotlin.cli.common.arguments.CommonCompilerArguments               : loaded 2 times (x 75B)
Class org.jetbrains.kotlin.gradle.plugin.diagnostics.checkers.IncorrectCompileOnlyDependenciesChecker$runChecks$1: loaded 2 times (x 88B)
Class org.jetbrains.kotlin.gradle.plugin.mpp.KotlinOnlyTarget                         : loaded 2 times (x 153B)
Class org.jetbrains.kotlin.gradle.targets.js.npm.BaseNpmDependencyExtension           : loaded 2 times (x 70B)
Class org.jetbrains.kotlin.gradle.dsl.KotlinVersion$Companion                         : loaded 2 times (x 71B)
Class org.jetbrains.kotlin.gradle.InternalKotlinGradlePluginApi                       : loaded 2 times (x 70B)
Class org.jetbrains.kotlin.gradle.dsl.DefaultToolchainSupport                         : loaded 2 times (x 76B)
Class org.jetbrains.kotlin.gradle.plugin.internal.CustomPropertiesFileValueSource     : loaded 2 times (x 82B)
Class com.google.common.cache.LocalCache$EntryFactory                                 : loaded 2 times (x 83B)
Class [Lkotlin.annotation.AnnotationRetention;                                        : loaded 2 times (x 69B)
Class it.unimi.dsi.fastutil.ints.IntArrays$ForkJoinQuickSortIndirect                  : loaded 2 times (x 96B)
Class kotlin.jvm.functions.Function8                                                  : loaded 2 times (x 70B)
Class kotlin.reflect.jvm.internal.impl.name.FqNameUnsafe                              : loaded 2 times (x 72B)
Class kotlin.reflect.jvm.internal.KClassImpl$Data$$Lambda$16                          : loaded 2 times (x 76B)
Class kotlin.collections.builders.MapBuilder$Companion                                : loaded 2 times (x 71B)
Class [Lcom.android.ide.common.gradle.Separator;                                      : loaded 2 times (x 69B)
Class com.android.prefs.QueryResult                                                   : loaded 2 times (x 84B)
Class kotlin.collections.CollectionsKt__MutableCollectionsJVMKt                       : loaded 2 times (x 71B)
Class com.google.common.base.CharMatcher$Whitespace                                   : loaded 2 times (x 112B)
Class com.google.common.base.Splitter$1$1                                             : loaded 2 times (x 86B)
Class kotlin.text.StringsKt___StringsKt                                               : loaded 2 times (x 71B)
Class kotlin.enums.EnumEntriesKt                                                      : loaded 2 times (x 71B)
Class com.google.common.reflect.TypeParameter                                         : loaded 2 times (x 72B)
Class [Lcom.google.common.collect.MapMaker$Dummy;                                     : loaded 2 times (x 69B)
Class com.google.common.collect.NullsLastOrdering                                     : loaded 2 times (x 115B)
Class org.jetbrains.kotlin.gradle.tasks.TaskOutputsBackup                             : loaded 2 times (x 72B)
Class org.jetbrains.kotlin.gradle.plugin.cocoapods.KotlinCocoapodsPlugin              : loaded 2 times (x 76B)
Class org.jetbrains.kotlin.gradle.internal.CompilerOptionsDslHelpersKt                : loaded 2 times (x 71B)
Class org.jetbrains.kotlin.gradle.internal.StdlibDependencyManagementKt$configureStdlibVersionAlignment$1$1: loaded 2 times (x 75B)
Class org.jetbrains.kotlin.gradle.dsl.KotlinProjectExtension$awaitSourceSets$1        : loaded 2 times (x 88B)
Class org.jetbrains.kotlin.gradle.plugin.KotlinPluginLifecycle$CoroutineStart         : loaded 2 times (x 79B)
Class org.jetbrains.kotlin.konan.target.Family                                        : loaded 2 times (x 79B)
Class org.jetbrains.kotlin.gradle.tasks.TasksProviderKt$sam$org_gradle_api_Action$0   : loaded 2 times (x 75B)
Class org.jetbrains.kotlin.gradle.tooling.BuildKotlinToolingMetadataTask$FromKotlinExtension: loaded 2 times (x 317B)
Class org.jetbrains.kotlin.gradle.utils.FailuresKt                                    : loaded 2 times (x 71B)
Class org.jetbrains.kotlin.gradle.targets.native.internal.CInteropConfigurationsKt$special$$inlined$KotlinTargetSideEffect$1: loaded 2 times (x 74B)
Class org.jetbrains.kotlin.gradle.internal.properties.NativePropertiesLoader$konanDataDirProperty$1: loaded 2 times (x 75B)
Class org.jetbrains.kotlin.gradle.plugin.statistics.BuildFusService$Parameters_Decorated: loaded 2 times (x 143B)
Class org.jetbrains.kotlin.gradle.internal.properties.PropertiesBuildService$Params$Inject: loaded 2 times (x 106B)
Class org.jetbrains.kotlin.tooling.core.HasMutableExtras                              : loaded 2 times (x 70B)
Class com.google.common.cache.LocalCache$AbstractReferenceEntry                       : loaded 2 times (x 107B)
Class org.gradle.internal.IoActions                                                   : loaded 2 times (x 71B)
Class org.jetbrains.kotlin.gradle.plugin.KotlinPlatformType$Companion                 : loaded 2 times (x 71B)
Class kotlin.annotation.MustBeDocumented                                              : loaded 2 times (x 70B)
Class org.jetbrains.kotlin.gradle.plugin.KotlinPlatformType$DisambiguationRule        : loaded 2 times (x 76B)
Class com.android.ide.common.resources.configuration.LocaleQualifier                  : loaded 2 times (x 89B)
Class org.jetbrains.kotlin.utils.KotlinExceptionWithAttachments                       : loaded 2 times (x 94B)
Class [Lkotlin.reflect.jvm.internal.impl.name.ClassId;                                : loaded 2 times (x 69B)
Class kotlin.jvm.functions.Function10                                                 : loaded 2 times (x 70B)
Class kotlin.jvm.functions.Function9                                                  : loaded 2 times (x 70B)
Class kotlin.reflect.jvm.internal.KClassImpl$Data$$Lambda$17                          : loaded 2 times (x 76B)
Class kotlin.reflect.jvm.internal.KCallableImpl$$Lambda$0                             : loaded 2 times (x 76B)
Class [Lkotlin.reflect.KClassifier;                                                   : loaded 2 times (x 69B)
Class kotlin.reflect.jvm.internal.EmptyContainerForLocal                              : loaded 2 times (x 84B)
Class [Lkotlin.LazyThreadSafetyMode;                                                  : loaded 2 times (x 69B)
Class org.jetbrains.kotlin.gradle.targets.native.KotilnNativeConfigureBinariesSideEffectKt: loaded 2 times (x 71B)
Class org.jetbrains.kotlin.gradle.internal.Kapt3KotlinGradleSubpluginKt               : loaded 2 times (x 71B)
Class org.jetbrains.kotlin.gradle.dsl.KotlinJvmCompile                                : loaded 2 times (x 70B)
Class org.jetbrains.kotlin.konan.target.KonanTarget$LINUX_ARM32_HFP                   : loaded 2 times (x 78B)
Class org.jetbrains.kotlin.gradle.internal.Kapt3GradleSubplugin                       : loaded 2 times (x 83B)
Class org.jetbrains.kotlin.gradle.plugin.diagnostics.checkers.CInteropInputChecker    : loaded 2 times (x 74B)
Class org.jetbrains.kotlin.gradle.plugin.statistics.FinalizeConfigurationFusMetricActionKt$FinalizeConfigurationFusMetricAction$1: loaded 2 times (x 95B)
Class org.jetbrains.kotlin.gradle.internal.KotlinDependenciesManagementKt$CustomizeKotlinDependenciesSetupAction$1: loaded 2 times (x 74B)
Class org.jetbrains.kotlin.gradle.plugin.KotlinGradlePluginExtensionPointInternal$registeredExtensions$2: loaded 2 times (x 78B)
Class org.jetbrains.kotlin.statistics.metrics.BooleanOverridePolicy$OR                : loaded 2 times (x 85B)
Class org.jetbrains.kotlin.gradle.plugin.UsesVariantImplementationFactories           : loaded 2 times (x 70B)
Class org.objectweb.asm.SymbolTable                                                   : loaded 2 times (x 72B)
Class com.google.common.cache.CacheLoader$InvalidCacheLoadException                   : loaded 2 times (x 82B)
Class org.gradle.internal.classloader.SystemClassLoaderSpec                           : loaded 2 times (x 71B)
Class kotlin.jvm.internal.PropertyReference0Impl                                      : loaded 2 times (x 127B)
Class kotlin.jvm.functions.Function11                                                 : loaded 2 times (x 70B)
Class kotlin.reflect.jvm.internal.KCallableImpl$$Lambda$1                             : loaded 2 times (x 76B)
Class kotlin.jvm.internal.markers.KMutableCollection                                  : loaded 2 times (x 70B)
Class kotlin.coroutines.intrinsics.IntrinsicsKt                                       : loaded 2 times (x 71B)
Class kotlin.ranges.IntRange$Companion                                                : loaded 2 times (x 71B)
Class kotlin.collections.EmptyMap                                                     : loaded 2 times (x 109B)
Class kotlin.text.MatcherMatchResult$groups$1                                         : loaded 2 times (x 151B)
Class kotlin.reflect.KAnnotatedElement                                                : loaded 2 times (x 70B)
Class kotlin.jvm.internal.Intrinsics                                                  : loaded 2 times (x 71B)
Class com.google.common.collect.FluentIterable                                        : loaded 2 times (x 81B)
Class org.jetbrains.kotlin.gradle.tasks.CacheableTasksKt$cacheOnlyIfEnabledForKotlin$1$1: loaded 2 times (x 74B)
Class org.jetbrains.kotlin.gradle.tasks.configuration.BaseKotlinCompileConfig$1$1     : loaded 2 times (x 75B)
Class org.jetbrains.kotlin.gradle.plugin.mpp.compilationImpl.factory.KotlinCompilationImplFactory$PostConfigure: loaded 2 times (x 70B)
Class org.jetbrains.kotlin.gradle.utils.KotlinExtensionUtilsKt                        : loaded 2 times (x 71B)
Class [Lorg.jetbrains.kotlin.konan.util.Named;                                        : loaded 2 times (x 69B)
Class org.jetbrains.kotlin.gradle.plugin.diagnostics.checkers.NoKotlinTargetsDeclaredChecker$runChecks$1: loaded 2 times (x 88B)
Class org.jetbrains.kotlin.gradle.plugin.mpp.AbstractKotlinTarget$kotlinComponents$2  : loaded 2 times (x 79B)
Class org.jetbrains.kotlin.gradle.plugin.KotlinPlatformType$CompatibilityRule         : loaded 2 times (x 76B)
Class org.jetbrains.kotlin.gradle.internal.properties.NativePropertiesLoader$actualNativeHomeDirectory$1: loaded 2 times (x 75B)
Class org.jetbrains.kotlin.gradle.internal.properties.NativePropertiesKt              : loaded 2 times (x 71B)
Class org.jetbrains.kotlin.gradle.plugin.BuildEventsListenerRegistryHolder            : loaded 2 times (x 72B)
Class [Lorg.jetbrains.kotlin.statistics.metrics.BooleanOverridePolicy;                : loaded 2 times (x 69B)
Class org.jetbrains.kotlin.gradle.plugin.internal.CustomPropertiesFileValueSource$Parameters$Inject: loaded 2 times (x 106B)
Class com.google.common.cache.LocalCache$StrongEntry                                  : loaded 2 times (x 108B)
Class com.google.common.util.concurrent.AbstractFuture$TrustedFuture                  : loaded 2 times (x 114B)
Class com.google.common.cache.LoadingCache                                            : loaded 2 times (x 70B)
Class org.jetbrains.kotlin.gradle.plugin.diagnostics.checkers.MissingNativeStdlibChecker: loaded 2 times (x 74B)
Class org.jetbrains.kotlin.gradle.targets.js.npm.NpmDependencyExtensionKt$defaultNpmDependencyDelegate$1: loaded 2 times (x 167B)
Class org.jetbrains.kotlin.gradle.plugin.KotlinPluginLifecycleImpl$launch$coroutine$1 : loaded 2 times (x 76B)
Class it.unimi.dsi.fastutil.BidirectionalIterator                                     : loaded 2 times (x 70B)
Class kotlin.jvm.functions.Function12                                                 : loaded 2 times (x 70B)
Class kotlin.reflect.jvm.internal.KCallableImpl$$Lambda$2                             : loaded 2 times (x 76B)
Class kotlin.coroutines.intrinsics.CoroutineSingletons                                : loaded 2 times (x 79B)
Class it.unimi.dsi.fastutil.objects.ObjectCollection                                  : loaded 2 times (x 70B)
Class com.android.tools.lint.model.DefaultLintModelModule                             : loaded 2 times (x 98B)
Class kotlin.collections.MapsKt                                                       : loaded 2 times (x 71B)
Class kotlin.collections.CollectionsKt__IterablesKt                                   : loaded 2 times (x 71B)
Class org.jetbrains.kotlin.gradle.internal.KotlinDomApiDependencyManagementKt         : loaded 2 times (x 71B)
Class com.google.common.base.Suppliers$NonSerializableMemoizingSupplier               : loaded 2 times (x 79B)
Class com.google.common.io.ByteStreams$LimitedInputStream                             : loaded 2 times (x 92B)
Class org.jetbrains.kotlin.gradle.tasks.GradleCompileTaskProvider                     : loaded 2 times (x 72B)
Class org.jetbrains.kotlin.gradle.plugin.mpp.KotlinTargetSoftwareComponentImplKt$KotlinTargetSoftwareComponent$1: loaded 2 times (x 95B)
Class org.jetbrains.kotlin.gradle.tasks.configuration.BaseKotlinCompileConfig$registerBuildToolsApiTransformations$1: loaded 2 times (x 75B)
Class org.jetbrains.kotlin.gradle.plugin.internal.BuildIdService                      : loaded 2 times (x 76B)
Class org.jetbrains.kotlin.gradle.plugin.mpp.compilationImpl.factory.KotlinCompilationDependencyConfigurationsFactoriesKt: loaded 2 times (x 71B)
Class org.jetbrains.kotlin.gradle.plugin.mpp.compilationImpl.DefaultKotlinCompilationFriendPathsResolver: loaded 2 times (x 75B)
Class org.jetbrains.kotlin.gradle.plugin.diagnostics.checkers.WasmSourceSetsNotFoundChecker$runChecks$1: loaded 2 times (x 88B)
Class org.jetbrains.kotlin.konan.target.KonanTarget$IOS_SIMULATOR_ARM64               : loaded 2 times (x 78B)
Class org.jetbrains.kotlin.gradle.plugin.mpp.compilationImpl.KotlinCreateCompilationArchiveTaskKt$KotlinCreateCompilationArchivesTask$1: loaded 2 times (x 74B)
Class org.jetbrains.kotlin.gradle.dsl.KotlinVersion                                   : loaded 2 times (x 79B)
Class org.jetbrains.kotlin.gradle.internal.properties.NativePropertiesLoader$actualNativeHomeDirectory$2: loaded 2 times (x 74B)
Class org.jetbrains.kotlin.gradle.utils.StoredPropertyKt                              : loaded 2 times (x 71B)
Class [Lcom.google.common.cache.Weigher;                                              : loaded 2 times (x 69B)
Class kotlin.sequences.SequenceBuilderIterator                                        : loaded 2 times (x 85B)
Class kotlin.jvm.functions.Function13                                                 : loaded 2 times (x 70B)
Class kotlin.reflect.jvm.internal.KCallableImpl$$Lambda$3                             : loaded 2 times (x 76B)
Class kotlin.ranges.OpenEndRange                                                      : loaded 2 times (x 70B)
Class org.jetbrains.kotlin.cli.common.CompilerSystemProperties$Companion              : loaded 2 times (x 71B)
Class com.android.ide.common.gradle.Version$Companion$ParseState$EMPTY                : loaded 2 times (x 74B)
Class kotlin.text.Charsets                                                            : loaded 2 times (x 71B)
Class kotlin.KotlinNullPointerException                                               : loaded 2 times (x 83B)
Class com.google.common.collect.ImmutableMultimap$1                                   : loaded 2 times (x 82B)
Class com.google.common.collect.AbstractMapBasedMultimap$RandomAccessWrappedList      : loaded 2 times (x 205B)
Class org.jetbrains.kotlin.gradle.plugin.sources.KotlinDependencyScope$Companion      : loaded 2 times (x 71B)
Class org.jetbrains.kotlin.gradle.tasks.configuration.BaseKotlinCompileConfig$registerBuildToolsApiTransformations$2: loaded 2 times (x 75B)
Class org.jetbrains.kotlin.gradle.tasks.KotlinJvmCompile                              : loaded 2 times (x 70B)
Class org.jetbrains.kotlin.gradle.plugin.mpp.compilationImpl.KotlinCompilationSourceSetsContainerKt: loaded 2 times (x 71B)
Class org.jetbrains.kotlin.gradle.plugin.KotlinPluginLifecycleKt$launchInStage$1      : loaded 2 times (x 95B)
Class org.jetbrains.kotlin.gradle.targets.NativeForwardImplementationToApiElementsSideEffectKt: loaded 2 times (x 71B)
Class org.jetbrains.kotlin.gradle.internal.properties.NativePropertiesLoader$actualNativeHomeDirectory$3: loaded 2 times (x 75B)
Class org.jetbrains.kotlin.gradle.report.BuildReportMode                              : loaded 2 times (x 79B)
Class org.jetbrains.kotlin.statistics.metrics.StringAnonymizationPolicy$RegexControlled: loaded 2 times (x 79B)
Class org.jetbrains.kotlin.statistics.ValueAnonymizer                                 : loaded 2 times (x 70B)
Class org.jetbrains.kotlin.gradle.plugin.VariantImplementationFactories$Companion$getProvider$2$1$1: loaded 2 times (x 75B)
Class org.jetbrains.kotlin.gradle.plugin.internal.ProjectIsolationStartParameterAccessor$Factory: loaded 2 times (x 70B)
Class org.jetbrains.kotlin.gradle.tasks.CInteropProcess                               : loaded 2 times (x 347B)
Class kotlin.jvm.functions.Function14                                                 : loaded 2 times (x 70B)
Class kotlin.reflect.jvm.internal.KCallableImpl$$Lambda$4                             : loaded 2 times (x 76B)
Class kotlin.ranges.RangesKt___RangesKt                                               : loaded 2 times (x 71B)
Class com.android.ide.common.repository.AgpVersion$Companion$WhenMappings             : loaded 2 times (x 71B)
Class org.jetbrains.kotlin.gradle.plugin.mpp.KotlinVariantWithCoordinates             : loaded 2 times (x 108B)
Class com.google.common.collect.SortedSetMultimap                                     : loaded 2 times (x 70B)
Class com.google.common.collect.ImmutableMultimap$2                                   : loaded 2 times (x 81B)
Class com.google.common.collect.AbstractIterator$State                                : loaded 2 times (x 79B)
Class org.jetbrains.kotlin.gradle.tasks.KotlinCompile$disableMultiModuleIC$2$1        : loaded 2 times (x 75B)
Class org.jetbrains.kotlin.gradle.tasks.DefaultKotlinJavaToolchain$javaExecutable$1   : loaded 2 times (x 75B)
Class org.jetbrains.kotlin.build.report.metrics.BuildAttribute                        : loaded 2 times (x 79B)
Class org.jetbrains.kotlin.gradle.internal.transforms.BuildToolsApiClasspathEntrySnapshotTransform$Inject1: loaded 2 times (x 113B)
Class org.jetbrains.kotlin.gradle.plugin.mpp.compilationImpl.KotlinCompilationRegisterInSourceSetsConfigurator: loaded 2 times (x 74B)
Class org.jetbrains.kotlin.gradle.plugin.mpp.compilationImpl.factory.DefaultKotlinCompilationTaskNamesContainerFactory: loaded 2 times (x 74B)
Class org.jetbrains.kotlin.gradle.targets.native.internal.CommonizerTasksKt           : loaded 2 times (x 71B)
Class [Lorg.jetbrains.kotlin.gradle.targets.js.npm.NpmDependency$Scope;               : loaded 2 times (x 69B)
Class org.jetbrains.kotlin.gradle.plugin.KotlinCompilerPluginSupportPlugin            : loaded 2 times (x 70B)
Class org.jetbrains.kotlin.gradle.plugin.mpp.AbstractKotlinTarget$components$2        : loaded 2 times (x 79B)
Class org.jetbrains.kotlin.gradle.plugin.mpp.KotlinUsages$setupAttributesMatchingStrategy$1: loaded 2 times (x 74B)
Class org.jetbrains.kotlin.gradle.utils.AndroidPluginIdsKt                            : loaded 2 times (x 71B)
Class com.google.common.cache.LocalCache$ValueReference                               : loaded 2 times (x 70B)
Class org.jetbrains.kotlin.gradle.plugin.KotlinBasePlugin                             : loaded 2 times (x 70B)
Class kotlin.coroutines.jvm.internal.Boxing                                           : loaded 2 times (x 71B)
Class kotlin.collections.ArrayDeque$Companion                                         : loaded 2 times (x 71B)
Class com.google.common.io.FileWriteMode                                              : loaded 2 times (x 79B)
Class it.unimi.dsi.fastutil.ints.IntArrays$Segment                                    : loaded 2 times (x 71B)
Class it.unimi.dsi.fastutil.ints.IntBidirectionalIterator                             : loaded 2 times (x 70B)
Class kotlin.jvm.functions.Function15                                                 : loaded 2 times (x 70B)
Class kotlin.reflect.jvm.internal.KCallableImpl$$Lambda$5                             : loaded 2 times (x 76B)
Class com.google.common.cache.LocalCache$ValueIterator                                : loaded 2 times (x 86B)
Class com.android.tools.lint.model.LintModelAndroidLibrary                            : loaded 2 times (x 70B)
Class kotlin.text.CharsKt__CharKt                                                     : loaded 2 times (x 71B)
Class kotlin.collections.ArraysKt                                                     : loaded 2 times (x 71B)
Class kotlin.sequences.SequencesKt__SequenceBuilderKt                                 : loaded 2 times (x 71B)
Class com.google.common.hash.PrimitiveSink                                            : loaded 2 times (x 70B)
Class org.jetbrains.kotlin.gradle.tasks.internal.KotlinJvmOptionsCompat               : loaded 2 times (x 101B)
Class org.jetbrains.kotlin.cli.common.arguments.CommonToolArguments                   : loaded 2 times (x 73B)
Class com.google.common.base.PatternCompiler                                          : loaded 2 times (x 70B)
Class org.jetbrains.kotlin.gradle.utils.FutureKt                                      : loaded 2 times (x 71B)
Class org.jetbrains.kotlin.gradle.logging.GradleLoggingUtilsKt                        : loaded 2 times (x 71B)
Class com.google.common.util.concurrent.AbstractFuture$Failure                        : loaded 2 times (x 72B)
Class org.jetbrains.kotlin.gradle.plugin.KotlinAndroidPluginWrapper                   : loaded 2 times (x 86B)
Class kotlin.collections.CollectionsKt__ReversedViewsKt                               : loaded 2 times (x 71B)
Class kotlin.reflect.jvm.internal.KProperty0Impl                                      : loaded 2 times (x 128B)
Class kotlin.jvm.functions.Function16                                                 : loaded 2 times (x 70B)
Class kotlin.reflect.jvm.internal.CacheByClassKt                                      : loaded 2 times (x 71B)
Class kotlin.coroutines.EmptyCoroutineContext                                         : loaded 2 times (x 77B)
Class kotlin.LazyKt                                                                   : loaded 2 times (x 71B)
Class kotlin.collections.SetsKt__SetsKt                                               : loaded 2 times (x 71B)
Class kotlin.sequences.FilteringSequence$iterator$1                                   : loaded 2 times (x 79B)
Class com.google.common.collect.ImmutableSetMultimap                                  : loaded 2 times (x 180B)
Class com.google.common.io.CharSink                                                   : loaded 2 times (x 79B)
Class com.google.common.collect.ByFunctionOrdering                                    : loaded 2 times (x 115B)
Class org.jetbrains.kotlin.compilerRunner.GradleCompilerRunner$Companion              : loaded 2 times (x 71B)
Class [Lorg.jetbrains.kotlin.gradle.dsl.PlatformSourceSetConventionsChecker$CheckedPlatformInfo;: loaded 2 times (x 69B)
Class org.jetbrains.kotlin.gradle.plugin.diagnostics.KotlinGradleProjectCheckerContext: loaded 2 times (x 72B)
Class org.jetbrains.kotlin.gradle.plugin.diagnostics.checkers.DuplicateSourceSetChecker: loaded 2 times (x 74B)
Class org.jetbrains.kotlin.gradle.plugin.diagnostics.ToolingDiagnosticFactory         : loaded 2 times (x 73B)
Class org.jetbrains.kotlin.gradle.targets.KotlinTargetSideEffect                      : loaded 2 times (x 70B)
Class org.jetbrains.kotlin.gradle.plugin.DefaultKotlinBasePlugin$setupAttributeMatchingStrategy$1$1: loaded 2 times (x 79B)
Class org.jetbrains.kotlin.statistics.metrics.NumericalMetrics$Companion              : loaded 2 times (x 71B)
Class [Lorg.jetbrains.kotlin.statistics.metrics.NumberAnonymizationPolicy;            : loaded 2 times (x 69B)
Class org.jetbrains.kotlin.statistics.metrics.NumberOverridePolicy$OVERRIDE           : loaded 2 times (x 85B)
Class org.jetbrains.kotlin.gradle.internal.properties.PropertiesBuildService$property$1: loaded 2 times (x 79B)
Class com.google.common.base.Joiner$1                                                 : loaded 2 times (x 80B)
Class org.objectweb.asm.CurrentFrame                                                  : loaded 2 times (x 73B)
Class org.objectweb.asm.ClassTooLargeException                                        : loaded 2 times (x 83B)
Class com.google.common.collect.PeekingIterator                                       : loaded 2 times (x 70B)
Class kotlin.InitializedLazyImpl                                                      : loaded 2 times (x 76B)
Class kotlin.io.FilesKt__FileTreeWalkKt                                               : loaded 2 times (x 71B)
Class kotlin.jvm.internal.CollectionToArray                                           : loaded 2 times (x 71B)
Class com.android.resources.ResourceFolderType                                        : loaded 2 times (x 79B)
Class kotlin.jvm.internal.MutablePropertyReference0                                   : loaded 2 times (x 137B)
Class org.jetbrains.kotlin.cli.common.messages.MessageCollector$Companion$NONE$1      : loaded 2 times (x 76B)
Class kotlin.jvm.functions.Function17                                                 : loaded 2 times (x 70B)
Class com.android.ide.common.gradle.Version$Companion$ParseState$NUMERIC              : loaded 2 times (x 74B)
Class com.android.ide.common.repository.AgpVersion$PreviewKind                        : loaded 2 times (x 79B)
Class [Lcom.android.tools.lint.model.LintModelModuleType;                             : loaded 2 times (x 69B)
Class com.android.tools.lint.model.LintModelSerialization$LintModelSerializationFileAdapter$WhenMappings: loaded 2 times (x 71B)
Class kotlin.collections.ArraysKt__ArraysJVMKt                                        : loaded 2 times (x 71B)
Class kotlin.reflect.jvm.internal.impl.builtins.CompanionObjectMapping                : loaded 2 times (x 71B)
Class kotlin.reflect.jvm.internal.KProperty0Impl$$Lambda$0                            : loaded 2 times (x 76B)
Class com.google.common.collect.Maps$IteratorBasedAbstractMap                         : loaded 2 times (x 125B)
Class com.google.common.io.ByteSource$AsCharSource                                    : loaded 2 times (x 86B)
Class com.google.common.collect.Table                                                 : loaded 2 times (x 70B)
Class org.jetbrains.kotlin.gradle.tasks.configuration.AbstractKotlinCompileConfig$2$2$1: loaded 2 times (x 75B)
Class org.jetbrains.kotlin.build.report.metrics.BuildAttributes$Companion             : loaded 2 times (x 71B)
Class org.jetbrains.kotlin.gradle.tasks.KotlinCompilationTask                         : loaded 2 times (x 70B)
Class org.jetbrains.kotlin.gradle.plugin.mpp.compilationImpl.factory.KotlinCompilationImplFactory$ProcessResourcesTaskNameFactory: loaded 2 times (x 70B)
Class org.jetbrains.kotlin.gradle.internal.properties.PropertiesBuildService$property$2: loaded 2 times (x 79B)
Class org.jetbrains.kotlin.gradle.internal.KotlinDependenciesManagementKt             : loaded 2 times (x 71B)
Class org.jetbrains.kotlin.gradle.plugin.DefaultKotlinBasePlugin$setupAttributeMatchingStrategy$1$2: loaded 2 times (x 79B)
Class org.jetbrains.kotlin.gradle.plugin.statistics.KotlinBuildStatsLoggerService     : loaded 2 times (x 72B)
Class org.jetbrains.kotlin.gradle.plugin.internal.CustomPropertiesFileValueSource$Inject: loaded 2 times (x 113B)
Class com.google.common.base.Joiner$2                                                 : loaded 2 times (x 79B)
Class org.objectweb.asm.Frame                                                         : loaded 2 times (x 73B)
Class com.google.common.cache.LocalCache$EntryFactory$1                               : loaded 2 times (x 83B)
Class [Lcom.google.common.cache.RemovalListener;                                      : loaded 2 times (x 69B)
Class it.unimi.dsi.fastutil.Stack                                                     : loaded 2 times (x 70B)
Class kotlin.jvm.functions.Function18                                                 : loaded 2 times (x 70B)
Class kotlin.reflect.jvm.internal.CachesKt                                            : loaded 2 times (x 71B)
Class kotlin.jvm.internal.CallableReference$NoReceiver                                : loaded 2 times (x 71B)
Class kotlin.text.StringsKt__StringBuilderKt                                          : loaded 2 times (x 71B)
Class org.jetbrains.kotlin.gradle.plugin.mpp.InternalKotlinTargetKt$special$$inlined$extrasStoredFuture$1: loaded 2 times (x 79B)
Class org.jetbrains.kotlin.tooling.core.ExtrasProperty                                : loaded 2 times (x 70B)
Class org.jetbrains.kotlin.compilerRunner.UsesCompilerSystemPropertiesService         : loaded 2 times (x 70B)
Class org.jetbrains.kotlin.gradle.plugin.mpp.compilationImpl.KotlinCompilationSourceSetInclusion$Companion: loaded 2 times (x 71B)
Class org.jetbrains.kotlin.konan.target.KonanTarget$WATCHOS_DEVICE_ARM64              : loaded 2 times (x 78B)
Class org.jetbrains.kotlin.gradle.plugin.diagnostics.checkers.MissingNativeStdlibChecker$runChecks$1: loaded 2 times (x 88B)
Class [Lorg.jetbrains.kotlin.gradle.plugin.sources.android.AndroidVariantType;        : loaded 2 times (x 69B)
Class org.jetbrains.kotlin.gradle.plugin.sources.android.AndroidVariantType           : loaded 2 times (x 79B)
Class org.jetbrains.kotlin.gradle.plugin.mpp.KotlinTargetSoftwareComponent            : loaded 2 times (x 89B)
Class org.jetbrains.kotlin.gradle.plugin.mpp.KotlinVariant                            : loaded 2 times (x 101B)
Class org.jetbrains.kotlin.gradle.targets.native.ConfigureFrameworkExportSideEffectKt : loaded 2 times (x 71B)
Class org.jetbrains.kotlin.gradle.utils.WhenPluginEnabledKt                           : loaded 2 times (x 71B)
Class org.jetbrains.kotlin.gradle.plugin.VariantImplementationFactories               : loaded 2 times (x 75B)
Class com.google.common.cache.LocalCache$EntryFactory$2                               : loaded 2 times (x 83B)
Class org.gradle.api.internal.classpath.GlobalCacheRootsProvider                      : loaded 2 times (x 70B)
Class org.gradle.internal.classloader.FilteringClassLoader                            : loaded 2 times (x 105B)
Class org.jetbrains.kotlin.gradle.plugin.KotlinGradleBuildServices$Inject             : loaded 2 times (x 100B)
Class it.unimi.dsi.fastutil.ints.IntArrays$ForkJoinQuickSort                          : loaded 2 times (x 96B)
Class kotlin.reflect.KMutableProperty$Setter                                          : loaded 2 times (x 70B)
Class kotlin.jvm.functions.Function19                                                 : loaded 2 times (x 70B)
Class kotlin.Lazy                                                                     : loaded 2 times (x 70B)
Class com.android.prefs.Global                                                        : loaded 2 times (x 80B)
Class kotlin.NoWhenBranchMatchedException                                             : loaded 2 times (x 82B)
Class org.jetbrains.kotlin.gradle.utils.Completable$await$1                           : loaded 2 times (x 88B)
Class org.jetbrains.kotlin.tooling.core.Extras$Entry$Companion                        : loaded 2 times (x 71B)
Class org.jetbrains.kotlin.gradle.targets.js.dsl.KotlinWasmWasiTargetDsl              : loaded 2 times (x 70B)
Class org.jetbrains.kotlin.gradle.plugin.diagnostics.checkers.DisabledNativeTargetsChecker: loaded 2 times (x 74B)
Class org.jetbrains.kotlin.gradle.plugin.mpp.compilationImpl.KotlinCreateSourcesJarTaskSideEffectKt$KotlinCreateSourcesJarTaskSideEffect$1: loaded 2 times (x 74B)
Class org.jetbrains.kotlin.gradle.internal.CompilerArgumentAware                      : loaded 2 times (x 70B)
Class org.jetbrains.kotlin.gradle.utils.ReportUtilsKt                                 : loaded 2 times (x 71B)
Class org.jetbrains.kotlin.gradle.utils.StoredLazyProperty                            : loaded 2 times (x 75B)
Class org.objectweb.asm.ModuleWriter                                                  : loaded 2 times (x 82B)
Class com.google.common.cache.LocalCache$EntryFactory$3                               : loaded 2 times (x 83B)
Class com.google.common.base.Ticker$1                                                 : loaded 2 times (x 72B)
Class org.jetbrains.kotlin.compilerRunner.CompilerSystemPropertiesService$Companion   : loaded 2 times (x 71B)
Class org.jetbrains.kotlin.cli.common.PropertiesKt                                    : loaded 2 times (x 71B)
Class org.jetbrains.kotlin.cli.common.messages.MessageRenderer                        : loaded 2 times (x 70B)
Class [Lkotlin.jvm.functions.Function1;                                               : loaded 2 times (x 69B)
Class com.google.common.io.LineReader                                                 : loaded 2 times (x 72B)
Class Native_plugin_loader_gradle$NativePluginLoader                                  : loaded 2 times (x 72B)
Class com.google.common.collect.CollectSpliterators$1                                 : loaded 2 times (x 90B)
Class org.jetbrains.kotlin.gradle.tasks.K2MultiplatformStructure_Decorated            : loaded 2 times (x 135B)
Class org.jetbrains.kotlin.compilerRunner.GradleCompilerRunner                        : loaded 2 times (x 73B)
Class com.google.common.collect.SetMultimap                                           : loaded 2 times (x 70B)
Class org.jetbrains.kotlin.gradle.dsl.AndroidMainSourceSetConventionsChecker$runChecks$1: loaded 2 times (x 88B)
Class org.jetbrains.kotlin.gradle.plugin.sources.FragmentConsistencyChecks            : loaded 2 times (x 72B)
Class org.jetbrains.kotlin.gradle.plugin.mpp.InternalKotlinTargetComponent            : loaded 2 times (x 93B)
Class org.jetbrains.kotlin.gradle.targets.CreateDefaultTestRunSideEffectKt$special$$inlined$KotlinTargetSideEffect$1: loaded 2 times (x 74B)
Class org.jetbrains.kotlin.gradle.utils.ProviderApiUtilsKt                            : loaded 2 times (x 71B)
Class org.jetbrains.kotlin.gradle.internal.properties.NativePropertiesLoader$forceDisableRunningInProcess$1: loaded 2 times (x 75B)
Class org.jetbrains.kotlin.gradle.utils.PersistentCachesKt                            : loaded 2 times (x 71B)
Class org.jetbrains.kotlin.gradle.internal.tasks.TaskWithLocalState                   : loaded 2 times (x 70B)
Class org.jetbrains.kotlin.gradle.plugin.statistics.KotlinBuildStatisticsUtilsKt      : loaded 2 times (x 71B)
Class org.jetbrains.kotlin.statistics.metrics.BooleanMetrics                          : loaded 2 times (x 80B)
Class org.jetbrains.kotlin.gradle.internal.properties.PropertiesBuildService$Params   : loaded 2 times (x 70B)
Class com.google.common.cache.LocalCache$EntryFactory$4                               : loaded 2 times (x 83B)
Class kotlin.sequences.ConstrainedOnceSequence                                        : loaded 2 times (x 75B)
Class com.google.common.io.ByteStreams$1                                              : loaded 2 times (x 85B)
Class com.google.common.collect.ReverseOrdering                                       : loaded 2 times (x 115B)
Class org.jetbrains.kotlin.gradle.plugin.sources.KotlinDependencyScopeKt$WhenMappings : loaded 2 times (x 71B)
Class org.jetbrains.kotlin.gradle.tasks.K2MultiplatformCompilationTask                : loaded 2 times (x 70B)
Class org.jetbrains.kotlin.gradle.plugin.diagnostics.checkers.OverriddenKotlinNativeHomeChecker$StdlibExistenceCheckerValueSource$Inject: loaded 2 times (x 109B)
Class org.jetbrains.kotlin.gradle.utils.ConfigurationsKt$maybeCreateDependencyScope$1 : loaded 2 times (x 78B)
Class org.jetbrains.kotlin.gradle.plugin.sources.FragmentConsistencyChecks$languageVersionCheck$1: loaded 2 times (x 79B)
Class org.jetbrains.kotlin.gradle.plugin.mpp.DecoratedKotlinCompilation               : loaded 2 times (x 191B)
Class org.jetbrains.kotlin.gradle.plugin.diagnostics.checkers.ExperimentalTryNextUsageChecker: loaded 2 times (x 74B)
Class [Lorg.jetbrains.kotlin.gradle.plugin.diagnostics.ToolingDiagnostic$Severity;    : loaded 2 times (x 69B)
Class [Lorg.jetbrains.kotlin.gradle.plugin.KotlinPlatformType;                        : loaded 2 times (x 69B)
Class org.jetbrains.kotlin.gradle.plugin.statistics.UsesBuildFusService               : loaded 2 times (x 70B)
Class org.jetbrains.kotlin.gradle.plugin.statistics.old.Pre232IdeaKotlinBuildStatsBeanService: loaded 2 times (x 95B)
Class org.jetbrains.kotlin.statistics.metrics.NumberOverridePolicy$AVERAGE            : loaded 2 times (x 85B)
Class org.jetbrains.kotlin.gradle.plugin.VariantImplementationFactories$Parameters$Inject: loaded 2 times (x 106B)
Class com.google.common.cache.LocalCache$EntryFactory$5                               : loaded 2 times (x 83B)
Class kotlin.time.Duration                                                            : loaded 2 times (x 74B)
Class [Lkotlin.reflect.KProperty;                                                     : loaded 2 times (x 69B)
Class kotlin.jvm.internal.markers.KMappedMarker                                       : loaded 2 times (x 70B)
Class kotlin.NotImplementedError                                                      : loaded 2 times (x 82B)
Class org.jetbrains.kotlin.gradle.plugin.KotlinBaseApiPlugin                          : loaded 2 times (x 118B)
Class com.google.common.collect.HashMultimap                                          : loaded 2 times (x 174B)
Class org.jetbrains.kotlin.gradle.plugin.mpp.MppSourcesJarKt$sourcesJarTaskNamed$result$1: loaded 2 times (x 79B)
Class org.jetbrains.kotlin.gradle.tasks.configuration.BaseKotlinCompileConfig$1       : loaded 2 times (x 79B)
Class org.jetbrains.kotlin.gradle.plugin.mpp.compilationImpl.factory.ConfigurationNaming$Default: loaded 2 times (x 75B)
Class org.jetbrains.kotlin.gradle.plugin.mpp.compilationImpl.KotlinCompilationSourceSetInclusion: loaded 2 times (x 72B)
Class org.jetbrains.kotlin.gradle.targets.jvm.KotlinJvmTarget                         : loaded 2 times (x 166B)
Class org.jetbrains.kotlin.gradle.targets.js.dsl.KotlinWasmJsTargetDsl                : loaded 2 times (x 70B)
Class org.jetbrains.kotlin.gradle.plugin.diagnostics.checkers.DisabledNativeTargetsChecker$runChecks$1: loaded 2 times (x 88B)
Class org.jetbrains.kotlin.gradle.plugin.KotlinPluginLifecycleImpl$await$2$1          : loaded 2 times (x 79B)
Class org.jetbrains.kotlin.gradle.plugin.sources.DefaultLanguageSettingsBuilder       : loaded 2 times (x 100B)
Class org.jetbrains.kotlin.gradle.plugin.sources.FragmentConsistencyChecks$languageVersionCheck$2: loaded 2 times (x 78B)
Class org.jetbrains.kotlin.gradle.targets.CreateTargetConfigurationsSideEffectKt$CreateTargetConfigurationsSideEffect$1: loaded 2 times (x 74B)
Class org.jetbrains.kotlin.gradle.dsl.KotlinTargetContainerWithPresetFunctions        : loaded 2 times (x 70B)
Class org.jetbrains.kotlin.gradle.utils.GradleConfigurationUtilsKt                    : loaded 2 times (x 71B)
Class org.jetbrains.kotlin.gradle.plugin.internal.CustomPropertiesFileValueSource$Parameters: loaded 2 times (x 70B)
Class org.jetbrains.kotlin.gradle.plugin.UsesBuildFinishedListenerService             : loaded 2 times (x 70B)
Class com.google.common.cache.LocalCache$EntryFactory$6                               : loaded 2 times (x 83B)
Class org.gradle.internal.installation.CurrentGradleInstallationLocator               : loaded 2 times (x 71B)
Class kotlin.text.StringsKt__StringsKt                                                : loaded 2 times (x 71B)
Class com.android.utils.PositionXmlParser$Position                                    : loaded 2 times (x 78B)
Class org.objectweb.asm.ClassReader                                                   : loaded 2 times (x 94B)
Class com.android.tools.lint.model.DefaultLintModelDependencyGraph                    : loaded 2 times (x 78B)
Class com.android.tools.lint.model.DefaultLintModelLintOptions                        : loaded 2 times (x 103B)
Class com.android.prefs.AndroidPathLocator                                            : loaded 2 times (x 73B)
Class build_3acuq39s1j8pxclhb9181mkwl$_run_closure1$_closure3                         : loaded 2 times (x 139B)
Class com.google.common.collect.ImmutableMultimap$Builder                             : loaded 2 times (x 86B)
Class com.google.common.io.ByteSource$SlicedByteSource                                : loaded 2 times (x 85B)
Class org.jetbrains.kotlin.gradle.plugin.KotlinJvmFactory                             : loaded 2 times (x 70B)
Class org.jetbrains.kotlin.gradle.tasks.DefaultKotlinJavaToolchain$getToolsJarFromJvm$1: loaded 2 times (x 75B)
Class org.jetbrains.kotlin.build.report.metrics.GcMetrics                             : loaded 2 times (x 72B)
Class org.jetbrains.kotlin.gradle.plugin.diagnostics.UsesKotlinToolingDiagnosticsKt   : loaded 2 times (x 71B)
Class org.jetbrains.kotlin.gradle.tasks.configuration.BaseKotlinCompileConfig$2       : loaded 2 times (x 79B)
Class com.google.common.collect.Maps$KeySet                                           : loaded 2 times (x 137B)
Class org.jetbrains.kotlin.konan.target.KonanTarget$IOS_X64                           : loaded 2 times (x 78B)
Class org.jetbrains.kotlin.gradle.plugin.mpp.InternalKotlinCompilation                : loaded 2 times (x 70B)
Class org.jetbrains.kotlin.gradle.utils.WhenEvaluatedKt                               : loaded 2 times (x 71B)
Class org.jetbrains.kotlin.gradle.targets.native.internal.AddKotlinPlatformIntegersSupportLibraryKt: loaded 2 times (x 71B)
Class org.jetbrains.kotlin.gradle.plugin.AbstractKotlinJsPluginWrapper                : loaded 2 times (x 86B)
Class org.jetbrains.kotlin.gradle.plugin.KotlinPluginWrapperKt                        : loaded 2 times (x 71B)
Class com.google.common.cache.LocalCache$EntryFactory$7                               : loaded 2 times (x 83B)
Class org.gradle.internal.service.DefaultServiceLocator                               : loaded 2 times (x 83B)
Class kotlin.sequences.FlatteningSequence                                             : loaded 2 times (x 75B)
Class kotlin.text.MatcherMatchResult                                                  : loaded 2 times (x 80B)
Class kotlin.reflect.KMutableProperty0                                                : loaded 2 times (x 70B)
Class kotlin.reflect.KClassifier                                                      : loaded 2 times (x 70B)
Class kotlin.coroutines.jvm.internal.SuspendFunction                                  : loaded 2 times (x 70B)
Class kotlin.text.MatchGroupCollection                                                : loaded 2 times (x 70B)
Class com.google.common.collect.ImmutableMultimap$EntryCollection                     : loaded 2 times (x 128B)
Class com.google.common.collect.Maps$EntrySet                                         : loaded 2 times (x 136B)
Class org.jetbrains.kotlin.gradle.tasks.KotlinCompile$scriptExtensions$1              : loaded 2 times (x 79B)
Class org.jetbrains.kotlin.gradle.tasks.K2MultiplatformStructure$Fragment             : loaded 2 times (x 72B)
Class org.jetbrains.kotlin.compilerRunner.CompilerSystemPropertiesService$Companion$registerIfAbsent$1: loaded 2 times (x 75B)
Class org.jetbrains.kotlin.gradle.plugin.diagnostics.checkers.WasmJsEnvironmentChecker: loaded 2 times (x 76B)
Class org.jetbrains.kotlin.gradle.plugin.diagnostics.checkers.AndroidPluginWithoutAndroidTargetChecker: loaded 2 times (x 74B)
Class org.jetbrains.kotlin.statistics.metrics.NumberOverridePolicy                    : loaded 2 times (x 85B)
Class org.jetbrains.kotlin.statistics.metrics.StringAnonymizationPolicy$AllowedListAnonymizer$Companion: loaded 2 times (x 71B)
Class org.jetbrains.kotlin.gradle.plugin.internal.DefaultProjectIsolationStartParameterAccessor_Decorated: loaded 2 times (x 125B)
Class org.jetbrains.kotlin.gradle.plugin.internal.ProjectIsolationStartParameterAccessorKt: loaded 2 times (x 71B)
Class org.jetbrains.kotlin.gradle.testing.internal.KotlinTestsRegistry                : loaded 2 times (x 72B)
Class com.google.common.cache.LocalCache$EntryFactory$8                               : loaded 2 times (x 83B)
Class org.gradle.internal.installation.CurrentGradleInstallation                      : loaded 2 times (x 73B)
Class kotlin.jvm.internal.StringCompanionObject                                       : loaded 2 times (x 71B)
Class kotlin.jvm.internal.Ref$BooleanRef                                              : loaded 2 times (x 71B)
Class com.android.tools.lint.model.LintModelJavaLibrary                               : loaded 2 times (x 70B)
Class kotlin.reflect.KMutableProperty1                                                : loaded 2 times (x 70B)
Class kotlin.coroutines.intrinsics.IntrinsicsKt__IntrinsicsJvmKt                      : loaded 2 times (x 71B)
Class kotlin.coroutines.jvm.internal.CoroutineStackFrame                              : loaded 2 times (x 70B)
Class com.android.tools.lint.model.DefaultLintModelVariant                            : loaded 2 times (x 101B)
Class com.android.tools.lint.model.LintModelArtifact                                  : loaded 2 times (x 70B)
Class com.google.common.collect.ForwardingObject                                      : loaded 2 times (x 72B)
Class org.jetbrains.kotlin.gradle.tasks.KotlinCompilerExecutionStrategy               : loaded 2 times (x 79B)
Class org.jetbrains.kotlin.gradle.plugin.mpp.InternalKotlinCompilationKt$awaitAllKotlinSourceSets$1: loaded 2 times (x 88B)
Class org.jetbrains.kotlin.gradle.plugin.statistics.FusMetrics                        : loaded 2 times (x 70B)
Class org.jetbrains.kotlin.gradle.plugin.sources.DefaultKotlinSourceSet$special$$inlined$Iterable$1: loaded 2 times (x 79B)
Class org.jetbrains.kotlin.gradle.plugin.mpp.compilationImpl.factory.KotlinCompilationImplFactory$KotlinCompilerOptionsFactory$Options: loaded 2 times (x 72B)
Class org.jetbrains.kotlin.gradle.plugin.KotlinCompilation                            : loaded 2 times (x 70B)
Class org.jetbrains.kotlin.gradle.plugin.KotlinTargetConfiguratorKt                   : loaded 2 times (x 71B)
Class org.jetbrains.kotlin.tooling.core.Extras$Type$Companion                         : loaded 2 times (x 71B)
Class com.google.common.cache.CacheLoader$1                                           : loaded 2 times (x 75B)
Class org.gradle.util.internal.GUtil                                                  : loaded 2 times (x 71B)
Class it.unimi.dsi.fastutil.ints.AbstractIntCollection                                : loaded 2 times (x 185B)
Class kotlin.sequences.DropTakeSequence                                               : loaded 2 times (x 70B)
Class kotlin.reflect.KMutableProperty2                                                : loaded 2 times (x 70B)
Class [Lcom.android.tools.lint.model.LintModelSeverity;                               : loaded 2 times (x 69B)
Class kotlin.collections.CollectionsKt                                                : loaded 2 times (x 71B)
Class com.android.prefs.PathLocator$WhenMappings                                      : loaded 2 times (x 71B)
Class org.jetbrains.kotlin.gradle.plugin.mpp.InternalKotlinTargetKt$isSourcesPublishableFuture$2: loaded 2 times (x 95B)
Class org.jetbrains.kotlin.gradle.plugin.mpp.KotlinCompilationFactory                 : loaded 2 times (x 70B)
Class org.jetbrains.kotlin.gradle.dsl.IosSourceSetConventionChecker$runChecks$1       : loaded 2 times (x 88B)
Class org.jetbrains.kotlin.gradle.plugin.mpp.AbstractKotlinCompilation                : loaded 2 times (x 191B)
Class org.jetbrains.kotlin.gradle.plugin.diagnostics.checkers.UnusedSourceSetsChecker : loaded 2 times (x 74B)
Class org.jetbrains.kotlin.gradle.utils.Future                                        : loaded 2 times (x 70B)
Class org.jetbrains.kotlin.gradle.plugin.statistics.KotlinBuildStatsConfiguration$Companion: loaded 2 times (x 71B)
Class com.google.common.cache.AbstractCache$StatsCounter                              : loaded 2 times (x 70B)
Class kotlin.io.TextStreamsKt                                                         : loaded 2 times (x 71B)
Class kotlin.time.DurationUnitKt                                                      : loaded 2 times (x 71B)
Class org.objectweb.asm.Context                                                       : loaded 2 times (x 72B)
Class kotlin.ranges.IntProgressionIterator                                            : loaded 2 times (x 82B)
Class kotlin.reflect.jvm.internal.RuntimeTypeMapper                                   : loaded 2 times (x 71B)
Class kotlin.coroutines.jvm.internal.DebugProbesKt                                    : loaded 2 times (x 71B)
Class kotlin.coroutines.CoroutineContext                                              : loaded 2 times (x 70B)
Class kotlin.coroutines.jvm.internal.CompletedContinuation                            : loaded 2 times (x 75B)
Class com.android.tools.lint.model.DefaultLintModelDependency                         : loaded 2 times (x 86B)
Class com.android.tools.lint.model.DefaultLintModelLibrary                            : loaded 2 times (x 86B)
Class com.android.tools.lint.model.DefaultLintModelBuildFeatures                      : loaded 2 times (x 77B)
Class com.google.common.io.LineBuffer                                                 : loaded 2 times (x 75B)
Class org.jetbrains.kotlin.gradle.plugin.mpp.KotlinTargetSoftwareComponentImplKt      : loaded 2 times (x 71B)
Class org.jetbrains.kotlin.gradle.targets.js.dsl.KotlinJsSubTargetContainerDsl        : loaded 2 times (x 70B)
Class org.jetbrains.kotlin.tooling.core.MutableExtrasImpl$Companion                   : loaded 2 times (x 71B)
Class org.jetbrains.kotlin.gradle.plugin.KotlinGradleBuildServices$Companion$registerIfAbsent$1: loaded 2 times (x 75B)
Class org.jetbrains.kotlin.statistics.fileloggers.MetricsContainer                    : loaded 2 times (x 77B)
Class org.jetbrains.kotlin.gradle.plugin.internal.ProjectIsolationStartParameterAccessor: loaded 2 times (x 70B)
Class org.jetbrains.kotlin.gradle.utils.StoredProperty                                : loaded 2 times (x 70B)
Class com.google.common.collect.Iterators$MergingIterator                             : loaded 2 times (x 81B)
Class org.gradle.internal.installation.GradleInstallation                             : loaded 2 times (x 75B)
Class kotlin.reflect.jvm.internal.impl.builtins.PrimitiveType$$Lambda$0               : loaded 2 times (x 76B)
Class com.android.prefs.AndroidLocationsException                                     : loaded 2 times (x 82B)
Class org.jetbrains.kotlin.cli.common.CompilerSystemProperties$value$1                : loaded 2 times (x 125B)
Class com.google.common.collect.ForwardingCollection                                  : loaded 2 times (x 130B)
Class com.google.common.collect.LexicographicalOrdering                               : loaded 2 times (x 115B)
Class org.jetbrains.kotlin.gradle.dsl.KotlinJvmCompile$DefaultImpls                   : loaded 2 times (x 71B)
Class org.jetbrains.kotlin.gradle.plugin.mpp.compilationImpl.factory.KotlinCompilationImplFactory$create$1: loaded 2 times (x 75B)
Class org.jetbrains.kotlin.gradle.tasks.KotlinJavaToolchain                           : loaded 2 times (x 70B)
Class org.jetbrains.kotlin.statistics.metrics.BooleanMetrics$Companion                : loaded 2 times (x 71B)
Class org.jetbrains.kotlin.gradle.plugin.internal.CompatibilityConventionRegistrar    : loaded 2 times (x 70B)
Class com.google.common.collect.Iterables                                             : loaded 2 times (x 71B)
Class com.android.utils.XmlUtils                                                      : loaded 2 times (x 71B)
Class kotlin.reflect.jvm.internal.impl.builtins.PrimitiveType$$Lambda$1               : loaded 2 times (x 76B)
Class kotlin.ranges.IntProgression                                                    : loaded 2 times (x 81B)
Class com.android.ide.common.gradle.Part                                              : loaded 2 times (x 77B)
Class kotlin.jvm.KotlinReflectionNotSupportedError                                    : loaded 2 times (x 82B)
Class org.jetbrains.kotlin.gradle.plugin.mpp.KotlinJvmCompilation                     : loaded 2 times (x 200B)
Class org.jetbrains.kotlin.gradle.plugin.KotlinCompilation$Companion                  : loaded 2 times (x 71B)
Class com.google.common.collect.Lists$RandomAccessReverseList                         : loaded 2 times (x 200B)
Class org.jetbrains.kotlin.konan.target.KonanTarget$WATCHOS_ARM64                     : loaded 2 times (x 78B)
Class org.jetbrains.kotlin.konan.target.KonanTarget$MACOS_ARM64                       : loaded 2 times (x 78B)
Class org.jetbrains.kotlin.gradle.plugin.diagnostics.checkers.OverriddenKotlinNativeHomeChecker: loaded 2 times (x 74B)
Class org.jetbrains.kotlin.gradle.artifacts.KotlinJvmJarArtifactKt$KotlinJvmJarArtifact$1: loaded 2 times (x 74B)
Class org.jetbrains.kotlin.gradle.targets.native.SetupEmbedAndSignAppleFrameworkTaskSideEffectKt: loaded 2 times (x 71B)
Class org.jetbrains.kotlin.gradle.plugin.KotlinProjectSetupActionKt$KotlinProjectSetupCoroutine$1: loaded 2 times (x 75B)
Class org.jetbrains.kotlin.gradle.dsl.ToolchainSupport$Companion                      : loaded 2 times (x 71B)
Class org.jetbrains.kotlin.gradle.plugin.KotlinSourceSet                              : loaded 2 times (x 70B)

---------------  S Y S T E M  ---------------

OS:
 Windows 10 , 64 bit Build 19041 (10.0.19041.5915)
OS uptime: 0 days 3:13 hours

CPU: total 2 (initial active 2) (2 cores per cpu, 1 threads per core) family 21 model 112 stepping 0 microcode 0x0, cx8, cmov, fxsr, mmx, 3dnowpref, sse, sse2, sse3, ssse3, sse4a, sse4.1, sse4.2, popcnt, lzcnt, tsc, tscinvbit, avx, avx2, aes, clmul, bmi1, bmi2, fma, vzeroupper, clflush, rdtscp, f16c
Processor Information for the first 2 processors :
  Max Mhz: 2500, Current Mhz: 2500, Mhz Limit: 2500

Memory: 4k page, system-wide physical 3758M (238M free)
TotalPageFile size 15512M (AvailPageFile size 721M)
current process WorkingSet (physical memory assigned to process): 522M, peak: 653M
current process commit charge ("private bytes"): 2077M, peak: 2859M

vm_info: OpenJDK 64-Bit Server VM (21.0.10+-14961533-b1163.108) for windows-amd64 JRE (21.0.10+-14961533-b1163.108), built on 2026-03-02T19:58:50Z by "builder" with MS VC++ 16.10 / 16.11 (VS2019)

END.
